nohup: ignoring input
[routing] Loaded profiles from /home/mb05005/mudit/llama_dora/LLaMA-Factory/symbolic-moe/profiles.json
[routing] Sample val2_dynahate_0000 raw_skills=['ethnicity_bullying', 'derogatory_framing', 'appearance_bullying'] mapped=['ethnicity_bullying', 'derogatory_framing', 'appearance_bullying']
[routing] weight for dynahate_hate: 2.6166957079052255
[routing] weight for tweeteval_offense: 1.8631957212100954
[routing] weight for kaggle_bully: 2.7598989153415987
[routing] weight for jigsaw_threat: 2.556547619047619
[routing] Selected 4 experts for val2_dynahate_0000: [('kaggle_bully', 2.7598989153415987), ('dynahate_hate', 2.6166957079052255), ('jigsaw_threat', 2.556547619047619), ('tweeteval_offense', 1.8631957212100954)]
[routing] Sample val2_dynahate_0001 raw_skills=['stereotype_invocation', 'derogatory_framing'] mapped=['stereotype_invocation', 'derogatory_framing']
[routing] weight for dynahate_hate: 1.712159962799349
[routing] weight for tweeteval_offense: 0.9711012187112311
[routing] weight for kaggle_bully: 1.833251310413786
[routing] weight for jigsaw_threat: 1.6983958837772397
[routing] Selected 3 experts for val2_dynahate_0001: [('kaggle_bully', 1.833251310413786), ('dynahate_hate', 1.712159962799349), ('jigsaw_threat', 1.6983958837772397)]
[routing] Sample val2_dynahate_0002 raw_skills=['implicit_hate', 'dehumanization', 'derogatory_framing'] mapped=['implicit_hate', 'dehumanization', 'derogatory_framing']
[routing] weight for dynahate_hate: 2.549334467071105
[routing] weight for tweeteval_offense: 1.5159567928339333
[routing] weight for kaggle_bully: 2.6201111156716457
[routing] weight for jigsaw_threat: 2.7849789915966388
[routing] Selected 3 experts for val2_dynahate_0002: [('jigsaw_threat', 2.7849789915966388), ('kaggle_bully', 2.6201111156716457), ('dynahate_hate', 2.549334467071105)]
[routing] Sample val2_dynahate_0003 raw_skills=['directed_insult'] mapped=['directed_insult']
[routing] weight for dynahate_hate: 0.9263803680981595
[routing] weight for tweeteval_offense: 0.7441860465116279
[routing] weight for kaggle_bully: 0.9227799227799228
[routing] weight for jigsaw_threat: 0.9340659340659341
[routing] Selected 4 experts for val2_dynahate_0003: [('jigsaw_threat', 0.9340659340659341), ('dynahate_hate', 0.9263803680981595), ('kaggle_bully', 0.9227799227799228), ('tweeteval_offense', 0.7441860465116279)]
[routing] Sample val2_dynahate_0004 raw_skills=[] mapped=[]
[routing] weight for dynahate_hate: 1.0
[routing] weight for tweeteval_offense: 1.0
[routing] weight for kaggle_bully: 1.0
[routing] weight for jigsaw_threat: 1.0
[routing] Selected 4 experts for val2_dynahate_0004: [('dynahate_hate', 1.0), ('tweeteval_offense', 1.0), ('kaggle_bully', 1.0), ('jigsaw_threat', 1.0)]
[routing] Sample val2_dynahate_0005 raw_skills=['stereotype_invocation', 'derogatory_framing'] mapped=['stereotype_invocation', 'derogatory_framing']
[routing] weight for dynahate_hate: 1.712159962799349
[routing] weight for tweeteval_offense: 0.9711012187112311
[routing] weight for kaggle_bully: 1.833251310413786
[routing] weight for jigsaw_threat: 1.6983958837772397
[routing] Selected 3 experts for val2_dynahate_0005: [('kaggle_bully', 1.833251310413786), ('dynahate_hate', 1.712159962799349), ('jigsaw_threat', 1.6983958837772397)]
[routing] Sample val2_dynahate_0006 raw_skills=['derogatory_framing'] mapped=['derogatory_framing']
[routing] weight for dynahate_hate: 0.8502673796791443
[routing] weight for tweeteval_offense: 0.49222797927461137
[routing] weight for kaggle_bully: 0.8801996672212978
[routing] weight for jigsaw_threat: 0.9017857142857143
[routing] Selected 3 experts for val2_dynahate_0006: [('jigsaw_threat', 0.9017857142857143), ('kaggle_bully', 0.8801996672212978), ('dynahate_hate', 0.8502673796791443)]
[routing] Sample val2_dynahate_0007 raw_skills=['derogatory_framing'] mapped=['derogatory_framing']
[routing] weight for dynahate_hate: 0.8502673796791443
[routing] weight for tweeteval_offense: 0.49222797927461137
[routing] weight for kaggle_bully: 0.8801996672212978
[routing] weight for jigsaw_threat: 0.9017857142857143
[routing] Selected 3 experts for val2_dynahate_0007: [('jigsaw_threat', 0.9017857142857143), ('kaggle_bully', 0.8801996672212978), ('dynahate_hate', 0.8502673796791443)]
[routing] Sample val2_dynahate_0008 raw_skills=['derogatory_framing', 'explicit_threat', 'gender_bullying', 'toxic_tone'] mapped=['derogatory_framing', 'explicit_threat', 'gender_bullying', 'toxic_tone']
[routing] weight for dynahate_hate: 3.4698457562629987
[routing] weight for tweeteval_offense: 2.3378989749456074
[routing] weight for kaggle_bully: 3.6698590484356117
[routing] weight for jigsaw_threat: 3.2043407302545637
[routing] Selected 4 experts for val2_dynahate_0008: [('kaggle_bully', 3.6698590484356117), ('dynahate_hate', 3.4698457562629987), ('jigsaw_threat', 3.2043407302545637), ('tweeteval_offense', 2.3378989749456074)]
[routing] Sample val2_dynahate_0009 raw_skills=['stereotype_invocation', 'profanity_tone', 'explicit_threat', 'personal_attack'] mapped=['stereotype_invocation', 'profanity_tone', 'explicit_threat', 'personal_attack']
[routing] weight for dynahate_hate: 3.480763194812863
[routing] weight for tweeteval_offense: 2.412832475514296
[routing] weight for kaggle_bully: 3.6908480492241886
[routing] weight for jigsaw_threat: 3.4293057698786313
[routing] Selected 4 experts for val2_dynahate_0009: [('kaggle_bully', 3.6908480492241886), ('dynahate_hate', 3.480763194812863), ('jigsaw_threat', 3.4293057698786313), ('tweeteval_offense', 2.412832475514296)]
[routing] Sample val2_dynahate_0010 raw_skills=['derogatory_framing', 'personal_attack'] mapped=['derogatory_framing', 'personal_attack']
[routing] weight for dynahate_hate: 1.6648369161029855
[routing] weight for tweeteval_offense: 1.0444667852447607
[routing] weight for kaggle_bully: 1.7638360308576615
[routing] weight for jigsaw_threat: 1.8126768033946252
[routing] Selected 3 experts for val2_dynahate_0010: [('jigsaw_threat', 1.8126768033946252), ('kaggle_bully', 1.7638360308576615), ('dynahate_hate', 1.6648369161029855)]
[routing] Sample val2_dynahate_0011 raw_skills=['derogatory_framing', 'directed_insult', 'personal_attack', 'appearance_bullying', 'profanity_tone'] mapped=['derogatory_framing', 'directed_insult', 'personal_attack', 'appearance_bullying', 'profanity_tone']
[routing] weight for dynahate_hate: 4.403338496322357
[routing] weight for tweeteval_offense: 3.458007670466066
[routing] weight for kaggle_bully: 4.4565112801892575
[routing] weight for jigsaw_threat: 4.461028451746273
[routing] Selected 4 experts for val2_dynahate_0011: [('jigsaw_threat', 4.461028451746273), ('kaggle_bully', 4.4565112801892575), ('dynahate_hate', 4.403338496322357), ('tweeteval_offense', 3.458007670466066)]
[routing] Sample val2_dynahate_0012 raw_skills=['profanity_tone', 'derogatory_framing'] mapped=['profanity_tone', 'derogatory_framing']
[routing] weight for dynahate_hate: 1.7836007130124778
[routing] weight for tweeteval_offense: 1.2906150760488049
[routing] weight for kaggle_bully: 1.7703957456526704
[routing] weight for jigsaw_threat: 1.7113095238095237
[routing] Selected 4 experts for val2_dynahate_0012: [('dynahate_hate', 1.7836007130124778), ('kaggle_bully', 1.7703957456526704), ('jigsaw_threat', 1.7113095238095237), ('tweeteval_offense', 1.2906150760488049)]
[routing] Sample val2_dynahate_0013 raw_skills=['profanity_tone', 'directed_insult', 'personal_attack', 'explicit_threat'] mapped=['profanity_tone', 'directed_insult', 'personal_attack', 'explicit_threat']
[routing] weight for dynahate_hate: 3.545250979790818
[routing] weight for tweeteval_offense: 2.678145282589304
[routing] weight for kaggle_bully: 3.660576328811623
[routing] weight for jigsaw_threat: 3.5667615344530406
[routing] Selected 4 experts for val2_dynahate_0013: [('kaggle_bully', 3.660576328811623), ('jigsaw_threat', 3.5667615344530406), ('dynahate_hate', 3.545250979790818), ('tweeteval_offense', 2.678145282589304)]
[routing] Sample val2_dynahate_0014 raw_skills=[] mapped=[]
[routing] weight for dynahate_hate: 1.0
[routing] weight for tweeteval_offense: 1.0
[routing] weight for kaggle_bully: 1.0
[routing] weight for jigsaw_threat: 1.0
[routing] Selected 4 experts for val2_dynahate_0014: [('dynahate_hate', 1.0), ('tweeteval_offense', 1.0), ('kaggle_bully', 1.0), ('jigsaw_threat', 1.0)]
[routing] Sample val2_dynahate_0015 raw_skills=['profanity_tone', 'directed_insult', 'explicit_threat'] mapped=['profanity_tone', 'directed_insult', 'explicit_threat']
[routing] weight for dynahate_hate: 2.7306814433669766
[routing] weight for tweeteval_offense: 2.125906476619155
[routing] weight for kaggle_bully: 2.7769399651752593
[routing] weight for jigsaw_threat: 2.6558704453441297
[routing] Selected 4 experts for val2_dynahate_0015: [('kaggle_bully', 2.7769399651752593), ('dynahate_hate', 2.7306814433669766), ('jigsaw_threat', 2.6558704453441297), ('tweeteval_offense', 2.125906476619155)]
[routing] Sample val2_dynahate_0016 raw_skills=['implicit_hate', 'ethnicity_bullying', 'profanity_tone'] mapped=['implicit_hate', 'ethnicity_bullying', 'profanity_tone']
[routing] weight for dynahate_hate: 2.668689518812145
[routing] weight for tweeteval_offense: 1.7221159103335155
[routing] weight for kaggle_bully: 2.7869702719797598
[routing] weight for jigsaw_threat: 2.4712885154061626
[routing] Selected 4 experts for val2_dynahate_0016: [('kaggle_bully', 2.7869702719797598), ('dynahate_hate', 2.668689518812145), ('jigsaw_threat', 2.4712885154061626), ('tweeteval_offense', 1.7221159103335155)]
[routing] Sample val2_dynahate_0017 raw_skills=['derogatory_framing', 'personal_attack', 'directed_insult', 'toxic_tone'] mapped=['derogatory_framing', 'personal_attack', 'directed_insult', 'toxic_tone']
[routing] weight for dynahate_hate: 3.4530354660193265
[routing] weight for tweeteval_offense: 2.3367047798083367
[routing] weight for kaggle_bully: 3.5649429498353027
[routing] weight for jigsaw_threat: 3.6370170516750235
[routing] Selected 4 experts for val2_dynahate_0017: [('jigsaw_threat', 3.6370170516750235), ('kaggle_bully', 3.5649429498353027), ('dynahate_hate', 3.4530354660193265), ('tweeteval_offense', 2.3367047798083367)]
[routing] Sample val2_dynahate_0018 raw_skills=['profanity_tone'] mapped=['profanity_tone']
[routing] weight for dynahate_hate: 0.9333333333333333
[routing] weight for tweeteval_offense: 0.7983870967741935
[routing] weight for kaggle_bully: 0.8901960784313725
[routing] weight for jigsaw_threat: 0.8095238095238095
[routing] Selected 4 experts for val2_dynahate_0018: [('dynahate_hate', 0.9333333333333333), ('kaggle_bully', 0.8901960784313725), ('jigsaw_threat', 0.8095238095238095), ('tweeteval_offense', 0.7983870967741935)]
[routing] Sample val2_dynahate_0019 raw_skills=['stereotype_invocation', 'derogatory_framing', 'ethnicity_bullying'] mapped=['stereotype_invocation', 'derogatory_framing', 'ethnicity_bullying']
[routing] weight for dynahate_hate: 2.599800412237551
[routing] weight for tweeteval_offense: 1.4711012187112311
[routing] weight for kaggle_bully: 2.833251310413786
[routing] weight for jigsaw_threat: 2.4483958837772395
[routing] Selected 3 experts for val2_dynahate_0019: [('kaggle_bully', 2.833251310413786), ('dynahate_hate', 2.599800412237551), ('jigsaw_threat', 2.4483958837772395)]
[routing] Sample val2_dynahate_0020 raw_skills=['implicit_hate', 'hostile_sentiment'] mapped=['implicit_hate', 'hostile_sentiment']
[routing] weight for dynahate_hate: 1.7697936581185312
[routing] weight for tweeteval_offense: 0.8698826597131681
[routing] weight for kaggle_bully: 1.7351580319322255
[routing] weight for jigsaw_threat: 1.8142037302725968
[routing] Selected 3 experts for val2_dynahate_0020: [('jigsaw_threat', 1.8142037302725968), ('dynahate_hate', 1.7697936581185312), ('kaggle_bully', 1.7351580319322255)]
[routing] Sample val2_dynahate_0021 raw_skills=['derogatory_framing', 'profanity_tone', 'toxic_tone', 'personal_attack'] mapped=['derogatory_framing', 'profanity_tone', 'toxic_tone', 'personal_attack']
[routing] weight for dynahate_hate: 3.4599884312545006
[routing] weight for tweeteval_offense: 2.3909058300709023
[routing] weight for kaggle_bully: 3.5323591054867527
[routing] weight for jigsaw_threat: 3.5124749271328986
[routing] Selected 4 experts for val2_dynahate_0021: [('kaggle_bully', 3.5323591054867527), ('jigsaw_threat', 3.5124749271328986), ('dynahate_hate', 3.4599884312545006), ('tweeteval_offense', 2.3909058300709023)]
[routing] Sample val2_dynahate_0022 raw_skills=['dehumanization'] mapped=['dehumanization']
[routing] weight for dynahate_hate: 0.8513513513513513
[routing] weight for tweeteval_offense: 0.6
[routing] weight for kaggle_bully: 0.8431372549019608
[routing] weight for jigsaw_threat: 0.9714285714285714
[routing] Selected 4 experts for val2_dynahate_0022: [('jigsaw_threat', 0.9714285714285714), ('dynahate_hate', 0.8513513513513513), ('kaggle_bully', 0.8431372549019608), ('tweeteval_offense', 0.6)]
[routing] Sample val2_dynahate_0023 raw_skills=['derogatory_framing', 'explicit_threat', 'dehumanization', 'implicit_hate'] mapped=['derogatory_framing', 'explicit_threat', 'dehumanization', 'implicit_hate']
[routing] weight for dynahate_hate: 3.4203022090065884
[routing] weight for tweeteval_offense: 2.0992901261672667
[routing] weight for kaggle_bully: 3.5840750796356096
[routing] weight for jigsaw_threat: 3.6972596933510244
[routing] Selected 3 experts for val2_dynahate_0023: [('jigsaw_threat', 3.6972596933510244), ('kaggle_bully', 3.5840750796356096), ('dynahate_hate', 3.4203022090065884)]
[routing] Sample val2_dynahate_0024 raw_skills=['ethnicity_bullying'] mapped=['ethnicity_bullying']
[routing] weight for dynahate_hate: 0.8876404494382022
[routing] weight for tweeteval_offense: 0.5
[routing] weight for kaggle_bully: 1.0
[routing] weight for jigsaw_threat: 0.75
[routing] Selected 3 experts for val2_dynahate_0024: [('kaggle_bully', 1.0), ('dynahate_hate', 0.8876404494382022), ('jigsaw_threat', 0.75)]
[routing] Sample val2_dynahate_0025 raw_skills=['stereotype_invocation', 'ethnicity_bullying', 'derogatory_framing'] mapped=['stereotype_invocation', 'ethnicity_bullying', 'derogatory_framing']
[routing] weight for dynahate_hate: 2.599800412237551
[routing] weight for tweeteval_offense: 1.4711012187112311
[routing] weight for kaggle_bully: 2.833251310413786
[routing] weight for jigsaw_threat: 2.44839588377724
[routing] Selected 3 experts for val2_dynahate_0025: [('kaggle_bully', 2.833251310413786), ('dynahate_hate', 2.599800412237551), ('jigsaw_threat', 2.44839588377724)]
[routing] Sample val2_dynahate_0026 raw_skills=['stereotype_invocation', 'implicit_hate', 'sarcastic_insult', 'derogatory_framing', 'toxic_tone'] mapped=['stereotype_invocation', 'implicit_hate', 'sarcastic_insult', 'derogatory_framing', 'toxic_tone']
[routing] weight for dynahate_hate: 4.2550272139914735
[routing] weight for tweeteval_offense: 2.5950558933659797
[routing] weight for kaggle_bully: 4.497241389048781
[routing] weight for jigsaw_threat: 4.418802250812832
[routing] Selected 3 experts for val2_dynahate_0026: [('kaggle_bully', 4.497241389048781), ('jigsaw_threat', 4.418802250812832), ('dynahate_hate', 4.2550272139914735)]
[routing] Sample val2_dynahate_0027 raw_skills=['stereotype_invocation', 'derogatory_framing', 'toxic_tone'] mapped=['stereotype_invocation', 'derogatory_framing', 'toxic_tone']
[routing] weight for dynahate_hate: 2.5739781446175307
[routing] weight for tweeteval_offense: 1.519153166763179
[routing] weight for kaggle_bully: 2.7115783066115045
[routing] weight for jigsaw_threat: 2.5886701979917035
[routing] Selected 3 experts for val2_dynahate_0027: [('kaggle_bully', 2.7115783066115045), ('jigsaw_threat', 2.5886701979917035), ('dynahate_hate', 2.5739781446175307)]
[routing] Sample val2_dynahate_0028 raw_skills=['explicit_threat', 'ethnicity_bullying'] mapped=['explicit_threat', 'ethnicity_bullying']
[routing] weight for dynahate_hate: 1.758608191373686
[routing] weight for tweeteval_offense: 1.0833333333333335
[routing] weight for kaggle_bully: 1.9639639639639639
[routing] weight for jigsaw_threat: 1.662280701754386
[routing] Selected 3 experts for val2_dynahate_0028: [('kaggle_bully', 1.9639639639639639), ('dynahate_hate', 1.758608191373686), ('jigsaw_threat', 1.662280701754386)]
[routing] Sample val2_dynahate_0029 raw_skills=['profanity_tone', 'gender_bullying', 'directed_insult', 'implicit_hate'] mapped=['profanity_tone', 'gender_bullying', 'directed_insult', 'implicit_hate']
[routing] weight for dynahate_hate: 3.5942218903022907
[routing] weight for tweeteval_offense: 2.6805876711308576
[routing] weight for kaggle_bully: 3.6571186158123137
[routing] weight for jigsaw_threat: 3.1553544494720964
[routing] Selected 4 experts for val2_dynahate_0029: [('kaggle_bully', 3.6571186158123137), ('dynahate_hate', 3.5942218903022907), ('jigsaw_threat', 3.1553544494720964), ('tweeteval_offense', 2.6805876711308576)]
[routing] Sample val2_dynahate_0030 raw_skills=['derogatory_framing', 'stereotype_invocation'] mapped=['derogatory_framing', 'stereotype_invocation']
[routing] weight for dynahate_hate: 1.712159962799349
[routing] weight for tweeteval_offense: 0.9711012187112311
[routing] weight for kaggle_bully: 1.833251310413786
[routing] weight for jigsaw_threat: 1.6983958837772397
[routing] Selected 3 experts for val2_dynahate_0030: [('kaggle_bully', 1.833251310413786), ('dynahate_hate', 1.712159962799349), ('jigsaw_threat', 1.6983958837772397)]
[routing] Sample val2_dynahate_0031 raw_skills=['violence_indication', 'hostile_sentiment'] mapped=['violence_indication', 'hostile_sentiment']
[routing] weight for dynahate_hate: 1.922077922077922
[routing] weight for tweeteval_offense: 0.9461538461538461
[routing] weight for kaggle_bully: 1.8383838383838382
[routing] weight for jigsaw_threat: 1.8536585365853657
[routing] Selected 3 experts for val2_dynahate_0031: [('dynahate_hate', 1.922077922077922), ('jigsaw_threat', 1.8536585365853657), ('kaggle_bully', 1.8383838383838382)]
[routing] Sample val2_dynahate_0032 raw_skills=['derogatory_framing', 'dehumanization', 'implicit_hate'] mapped=['derogatory_framing', 'dehumanization', 'implicit_hate']
[routing] weight for dynahate_hate: 2.5493344670711044
[routing] weight for tweeteval_offense: 1.5159567928339335
[routing] weight for kaggle_bully: 2.6201111156716457
[routing] weight for jigsaw_threat: 2.7849789915966388
[routing] Selected 3 experts for val2_dynahate_0032: [('jigsaw_threat', 2.7849789915966388), ('kaggle_bully', 2.6201111156716457), ('dynahate_hate', 2.5493344670711044)]
[routing] Sample val2_dynahate_0033 raw_skills=['dehumanization'] mapped=['dehumanization']
[routing] weight for dynahate_hate: 0.8513513513513513
[routing] weight for tweeteval_offense: 0.6
[routing] weight for kaggle_bully: 0.8431372549019608
[routing] weight for jigsaw_threat: 0.9714285714285714
[routing] Selected 4 experts for val2_dynahate_0033: [('jigsaw_threat', 0.9714285714285714), ('dynahate_hate', 0.8513513513513513), ('kaggle_bully', 0.8431372549019608), ('tweeteval_offense', 0.6)]
[routing] Sample val2_dynahate_0034 raw_skills=['derogatory_framing'] mapped=['derogatory_framing']
[routing] weight for dynahate_hate: 0.8502673796791443
[routing] weight for tweeteval_offense: 0.49222797927461137
[routing] weight for kaggle_bully: 0.8801996672212978
[routing] weight for jigsaw_threat: 0.9017857142857143
[routing] Selected 3 experts for val2_dynahate_0034: [('jigsaw_threat', 0.9017857142857143), ('kaggle_bully', 0.8801996672212978), ('dynahate_hate', 0.8502673796791443)]
[routing] Sample val2_dynahate_0035 raw_skills=['stereotype_invocation', 'derogatory_framing', 'implicit_hate'] mapped=['stereotype_invocation', 'derogatory_framing', 'implicit_hate']
[routing] weight for dynahate_hate: 2.5598756988399582
[routing] weight for tweeteval_offense: 1.3948300322705531
[routing] weight for kaggle_bully: 2.730025503962173
[routing] weight for jigsaw_threat: 2.6101605896595927
[routing] Selected 3 experts for val2_dynahate_0035: [('kaggle_bully', 2.730025503962173), ('jigsaw_threat', 2.6101605896595927), ('dynahate_hate', 2.5598756988399582)]
[routing] Sample val2_dynahate_0036 raw_skills=['implicit_hate', 'personal_attack'] mapped=['implicit_hate', 'personal_attack']
[routing] weight for dynahate_hate: 1.6622852724644503
[routing] weight for tweeteval_offense: 0.9759676195294713
[routing] weight for kaggle_bully: 1.7804105571847506
[routing] weight for jigsaw_threat: 1.8226557949912638
[routing] Selected 3 experts for val2_dynahate_0036: [('jigsaw_threat', 1.8226557949912638), ('kaggle_bully', 1.7804105571847506), ('dynahate_hate', 1.6622852724644503)]
[routing] Sample val2_dynahate_0037 raw_skills=['derogatory_framing', 'implicit_hate', 'stereotype_invocation', 'toxic_tone', 'dehumanization'] mapped=['derogatory_framing', 'implicit_hate', 'stereotype_invocation', 'toxic_tone', 'dehumanization']
[routing] weight for dynahate_hate: 4.273045232009491
[routing] weight for tweeteval_offense: 2.5428819803225013
[routing] weight for kaggle_bully: 4.451489755061852
[routing] weight for jigsaw_threat: 4.471863475302628
[routing] Selected 3 experts for val2_dynahate_0037: [('jigsaw_threat', 4.471863475302628), ('kaggle_bully', 4.451489755061852), ('dynahate_hate', 4.273045232009491)]
[routing] Sample val2_dynahate_0038 raw_skills=['directed_insult', 'personal_attack', 'profanity_tone', 'toxic_tone', 'gender_bullying'] mapped=['directed_insult', 'personal_attack', 'profanity_tone', 'toxic_tone', 'gender_bullying']
[routing] weight for dynahate_hate: 4.422893872503704
[routing] weight for tweeteval_offense: 3.3571496115936332
[routing] weight for kaggle_bully: 4.522307782098009
[routing] weight for jigsaw_threat: 4.044755146913118
[routing] Selected 4 experts for val2_dynahate_0038: [('kaggle_bully', 4.522307782098009), ('dynahate_hate', 4.422893872503704), ('jigsaw_threat', 4.044755146913118), ('tweeteval_offense', 3.3571496115936332)]
[routing] Sample val2_dynahate_0039 raw_skills=['derogatory_framing', 'profanity_tone', 'dehumanization'] mapped=['derogatory_framing', 'profanity_tone', 'dehumanization']
[routing] weight for dynahate_hate: 2.634952064363829
[routing] weight for tweeteval_offense: 1.890615076048805
[routing] weight for kaggle_bully: 2.6135330005546313
[routing] weight for jigsaw_threat: 2.6827380952380953
[routing] Selected 4 experts for val2_dynahate_0039: [('jigsaw_threat', 2.6827380952380953), ('dynahate_hate', 2.634952064363829), ('kaggle_bully', 2.6135330005546313), ('tweeteval_offense', 1.890615076048805)]
[routing] Sample val2_dynahate_0040 raw_skills=['gender_bullying', 'derogatory_framing', 'directed_insult'] mapped=['gender_bullying', 'derogatory_framing', 'directed_insult']
[routing] weight for dynahate_hate: 2.6634402006074924
[routing] weight for tweeteval_offense: 1.9506997400719537
[routing] weight for kaggle_bully: 2.7503480110538523
[routing] weight for jigsaw_threat: 2.3358516483516487
[routing] Selected 4 experts for val2_dynahate_0040: [('kaggle_bully', 2.7503480110538523), ('dynahate_hate', 2.6634402006074924), ('jigsaw_threat', 2.3358516483516487), ('tweeteval_offense', 1.9506997400719537)]
[routing] Sample val2_dynahate_0041 raw_skills=['dehumanization', 'stereotype_invocation', 'derogatory_framing', 'toxic_tone', 'collective_blaming'] mapped=['dehumanization', 'stereotype_invocation', 'derogatory_framing', 'toxic_tone', 'collective_blaming']
[routing] weight for dynahate_hate: 4.036440607079993
[routing] weight for tweeteval_offense: 2.744153166763179
[routing] weight for kaggle_bully: 4.554715561513465
[routing] weight for jigsaw_threat: 4.424505549081292
[routing] Selected 4 experts for val2_dynahate_0041: [('kaggle_bully', 4.554715561513465), ('jigsaw_threat', 4.424505549081292), ('dynahate_hate', 4.036440607079993), ('tweeteval_offense', 2.744153166763179)]
[routing] Sample val2_dynahate_0042 raw_skills=['profanity_tone', 'directed_insult', 'derogatory_framing'] mapped=['profanity_tone', 'directed_insult', 'derogatory_framing']
[routing] weight for dynahate_hate: 2.7099810811106373
[routing] weight for tweeteval_offense: 2.0348011225604328
[routing] weight for kaggle_bully: 2.6931756684325934
[routing] weight for jigsaw_threat: 2.645375457875458
[routing] Selected 4 experts for val2_dynahate_0042: [('dynahate_hate', 2.7099810811106373), ('kaggle_bully', 2.6931756684325934), ('jigsaw_threat', 2.645375457875458), ('tweeteval_offense', 2.0348011225604328)]
[routing] Sample val2_dynahate_0043 raw_skills=['stereotype_invocation', 'derogatory_framing', 'toxic_tone', 'implicit_hate', 'explicit_threat'] mapped=['stereotype_invocation', 'derogatory_framing', 'toxic_tone', 'implicit_hate', 'explicit_threat']
[routing] weight for dynahate_hate: 4.292661622593624
[routing] weight for tweeteval_offense: 2.5262153136558343
[routing] weight for kaggle_bully: 4.572316464123856
[routing] weight for jigsaw_threat: 4.412715605628442
[routing] Selected 3 experts for val2_dynahate_0043: [('kaggle_bully', 4.572316464123856), ('jigsaw_threat', 4.412715605628442), ('dynahate_hate', 4.292661622593624)]
[routing] Sample val2_dynahate_0044 raw_skills=['stereotype_invocation', 'derogatory_framing', 'profanity_tone'] mapped=['stereotype_invocation', 'derogatory_framing', 'profanity_tone']
[routing] weight for dynahate_hate: 2.645493296132682
[routing] weight for tweeteval_offense: 1.7694883154854246
[routing] weight for kaggle_bully: 2.7234473888451585
[routing] weight for jigsaw_threat: 2.5079196933010492
[routing] Selected 4 experts for val2_dynahate_0044: [('kaggle_bully', 2.7234473888451585), ('dynahate_hate', 2.645493296132682), ('jigsaw_threat', 2.5079196933010492), ('tweeteval_offense', 1.7694883154854246)]
[routing] Sample val2_dynahate_0045 raw_skills=['derogatory_framing', 'toxic_tone'] mapped=['derogatory_framing', 'toxic_tone']
[routing] weight for dynahate_hate: 1.712085561497326
[routing] weight for tweeteval_offense: 1.0402799273265595
[routing] weight for kaggle_bully: 1.7585266634190164
[routing] weight for jigsaw_threat: 1.792060028500178
[routing] Selected 3 experts for val2_dynahate_0045: [('jigsaw_threat', 1.792060028500178), ('kaggle_bully', 1.7585266634190164), ('dynahate_hate', 1.712085561497326)]
[routing] Sample val2_dynahate_0046 raw_skills=[] mapped=[]
[routing] weight for dynahate_hate: 1.0
[routing] weight for tweeteval_offense: 1.0
[routing] weight for kaggle_bully: 1.0
[routing] weight for jigsaw_threat: 1.0
[routing] Selected 4 experts for val2_dynahate_0046: [('dynahate_hate', 1.0), ('tweeteval_offense', 1.0), ('kaggle_bully', 1.0), ('jigsaw_threat', 1.0)]
[routing] Sample val2_dynahate_0047 raw_skills=['derogatory_framing', 'directed_insult', 'toxic_tone'] mapped=['derogatory_framing', 'directed_insult', 'toxic_tone']
[routing] weight for dynahate_hate: 2.6384659295954855
[routing] weight for tweeteval_offense: 1.7844659738381874
[routing] weight for kaggle_bully: 2.6813065861989394
[routing] weight for jigsaw_threat: 2.726125962566112
[routing] Selected 4 experts for val2_dynahate_0047: [('jigsaw_threat', 2.726125962566112), ('kaggle_bully', 2.6813065861989394), ('dynahate_hate', 2.6384659295954855), ('tweeteval_offense', 1.7844659738381874)]
[routing] Sample val2_dynahate_0048 raw_skills=['profanity_tone', 'directed_insult'] mapped=['profanity_tone', 'directed_insult']
[routing] weight for dynahate_hate: 1.8597137014314928
[routing] weight for tweeteval_offense: 1.5425731432858214
[routing] weight for kaggle_bully: 1.8129760012112954
[routing] weight for jigsaw_threat: 1.7435897435897436
[routing] Selected 4 experts for val2_dynahate_0048: [('dynahate_hate', 1.8597137014314928), ('kaggle_bully', 1.8129760012112954), ('jigsaw_threat', 1.7435897435897436), ('tweeteval_offense', 1.5425731432858214)]
[routing] Sample val2_dynahate_0049 raw_skills=['stereotype_invocation', 'derogatory_framing', 'toxic_tone'] mapped=['stereotype_invocation', 'derogatory_framing', 'toxic_tone']
[routing] weight for dynahate_hate: 2.5739781446175307
[routing] weight for tweeteval_offense: 1.519153166763179
[routing] weight for kaggle_bully: 2.7115783066115045
[routing] weight for jigsaw_threat: 2.5886701979917035
[routing] Selected 3 experts for val2_dynahate_0049: [('kaggle_bully', 2.7115783066115045), ('jigsaw_threat', 2.5886701979917035), ('dynahate_hate', 2.5739781446175307)]
[routing] Sample val2_dynahate_0050 raw_skills=['profanity_tone', 'derogatory_framing'] mapped=['profanity_tone', 'derogatory_framing']
[routing] weight for dynahate_hate: 1.7836007130124778
[routing] weight for tweeteval_offense: 1.2906150760488049
[routing] weight for kaggle_bully: 1.7703957456526704
[routing] weight for jigsaw_threat: 1.7113095238095237
[routing] Selected 4 experts for val2_dynahate_0050: [('dynahate_hate', 1.7836007130124778), ('kaggle_bully', 1.7703957456526704), ('jigsaw_threat', 1.7113095238095237), ('tweeteval_offense', 1.2906150760488049)]
[routing] Sample val2_dynahate_0051 raw_skills=['derogatory_framing', 'implicit_hate'] mapped=['derogatory_framing', 'implicit_hate']
[routing] weight for dynahate_hate: 1.6979831157197536
[routing] weight for tweeteval_offense: 0.9159567928339334
[routing] weight for kaggle_bully: 1.7769738607696848
[routing] weight for jigsaw_threat: 1.8135504201680672
[routing] Selected 3 experts for val2_dynahate_0051: [('jigsaw_threat', 1.8135504201680672), ('kaggle_bully', 1.7769738607696848), ('dynahate_hate', 1.6979831157197536)]
[routing] Sample val2_dynahate_0052 raw_skills=['derogatory_framing', 'directed_insult', 'mockery', 'toxic_tone'] mapped=['derogatory_framing', 'directed_insult', 'mockery', 'toxic_tone']
[routing] weight for dynahate_hate: 3.6384659295954855
[routing] weight for tweeteval_offense: 2.7844659738381874
[routing] weight for kaggle_bully: 3.6813065861989394
[routing] weight for jigsaw_threat: 2.726125962566112
[routing] Selected 4 experts for val2_dynahate_0052: [('kaggle_bully', 3.6813065861989394), ('dynahate_hate', 3.6384659295954855), ('tweeteval_offense', 2.7844659738381874), ('jigsaw_threat', 2.726125962566112)]
[routing] Sample val2_dynahate_0053 raw_skills=['profanity_tone', 'directed_insult', 'personal_attack'] mapped=['profanity_tone', 'directed_insult', 'personal_attack']
[routing] weight for dynahate_hate: 2.674283237855334
[routing] weight for tweeteval_offense: 2.0948119492559707
[routing] weight for kaggle_bully: 2.696612364847659
[routing] weight for jigsaw_threat: 2.6544808326986544
[routing] Selected 4 experts for val2_dynahate_0053: [('kaggle_bully', 2.696612364847659), ('dynahate_hate', 2.674283237855334), ('jigsaw_threat', 2.6544808326986544), ('tweeteval_offense', 2.0948119492559707)]
[routing] Sample val2_dynahate_0054 raw_skills=['age_bullying', 'toxic_tone', 'derogatory_framing'] mapped=['age_bullying', 'toxic_tone', 'derogatory_framing']
[routing] weight for dynahate_hate: 2.4898633392751037
[routing] weight for tweeteval_offense: 1.8736132606598928
[routing] weight for kaggle_bully: 2.7585266634190164
[routing] weight for jigsaw_threat: 2.5920600285001782
[routing] Selected 4 experts for val2_dynahate_0054: [('kaggle_bully', 2.7585266634190164), ('jigsaw_threat', 2.5920600285001782), ('dynahate_hate', 2.4898633392751037), ('tweeteval_offense', 1.8736132606598928)]
[routing] Sample val2_dynahate_0055 raw_skills=['derogatory_framing'] mapped=['derogatory_framing']
[routing] weight for dynahate_hate: 0.8502673796791443
[routing] weight for tweeteval_offense: 0.49222797927461137
[routing] weight for kaggle_bully: 0.8801996672212978
[routing] weight for jigsaw_threat: 0.9017857142857143
[routing] Selected 3 experts for val2_dynahate_0055: [('jigsaw_threat', 0.9017857142857143), ('kaggle_bully', 0.8801996672212978), ('dynahate_hate', 0.8502673796791443)]
[routing] Sample val2_dynahate_0056 raw_skills=['personal_attack', 'implicit_hate', 'toxic_tone', 'derogatory_framing'] mapped=['personal_attack', 'implicit_hate', 'toxic_tone', 'derogatory_framing']
[routing] weight for dynahate_hate: 3.3743708339617764
[routing] weight for tweeteval_offense: 2.0162475468560306
[routing] weight for kaggle_bully: 3.538937220603767
[routing] weight for jigsaw_threat: 3.614715823491442
[routing] Selected 3 experts for val2_dynahate_0056: [('jigsaw_threat', 3.614715823491442), ('kaggle_bully', 3.538937220603767), ('dynahate_hate', 3.3743708339617764)]
[routing] Sample val2_dynahate_0057 raw_skills=['profanity_tone', 'derogatory_framing', 'explicit_threat', 'gender_bullying'] mapped=['profanity_tone', 'derogatory_framing', 'explicit_threat', 'gender_bullying']
[routing] weight for dynahate_hate: 3.5413609077781505
[routing] weight for tweeteval_offense: 2.5882341236678528
[routing] weight for kaggle_bully: 3.6817281306692657
[routing] weight for jigsaw_threat: 3.12359022556391
[routing] Selected 4 experts for val2_dynahate_0057: [('kaggle_bully', 3.6817281306692657), ('dynahate_hate', 3.5413609077781505), ('jigsaw_threat', 3.12359022556391), ('tweeteval_offense', 2.5882341236678528)]
[routing] Sample val2_dynahate_0058 raw_skills=['derogatory_framing', 'toxic_tone', 'explicit_threat'] mapped=['derogatory_framing', 'toxic_tone', 'explicit_threat']
[routing] weight for dynahate_hate: 2.58305330343281
[routing] weight for tweeteval_offense: 1.623613260659893
[routing] weight for kaggle_bully: 2.7224906273829803
[routing] weight for jigsaw_threat: 2.7043407302545637
[routing] Selected 3 experts for val2_dynahate_0058: [('kaggle_bully', 2.7224906273829803), ('jigsaw_threat', 2.7043407302545637), ('dynahate_hate', 2.58305330343281)]
[routing] Sample val2_dynahate_0059 raw_skills=['stereotype_invocation', 'derogatory_framing', 'profanity_tone'] mapped=['stereotype_invocation', 'derogatory_framing', 'profanity_tone']
[routing] weight for dynahate_hate: 2.645493296132682
[routing] weight for tweeteval_offense: 1.7694883154854246
[routing] weight for kaggle_bully: 2.7234473888451585
[routing] weight for jigsaw_threat: 2.5079196933010492
[routing] Selected 4 experts for val2_dynahate_0059: [('kaggle_bully', 2.7234473888451585), ('dynahate_hate', 2.645493296132682), ('jigsaw_threat', 2.5079196933010492), ('tweeteval_offense', 1.7694883154854246)]
[routing] Sample val2_dynahate_0060 raw_skills=['profanity_tone', 'gender_bullying'] mapped=['profanity_tone', 'gender_bullying']
[routing] weight for dynahate_hate: 1.820125786163522
[routing] weight for tweeteval_offense: 1.512672811059908
[routing] weight for kaggle_bully: 1.837564499484004
[routing] weight for jigsaw_threat: 1.3095238095238095
[routing] Selected 4 experts for val2_dynahate_0060: [('kaggle_bully', 1.837564499484004), ('dynahate_hate', 1.820125786163522), ('tweeteval_offense', 1.512672811059908), ('jigsaw_threat', 1.3095238095238095)]
[routing] Sample val2_dynahate_0061 raw_skills=['toxic_tone', 'personal_attack'] mapped=['toxic_tone', 'personal_attack']
[routing] weight for dynahate_hate: 1.6763877182420228
[routing] weight for tweeteval_offense: 1.1002907540220974
[routing] weight for kaggle_bully: 1.7619633598340823
[routing] weight for jigsaw_threat: 1.8011654033233748
[routing] Selected 4 experts for val2_dynahate_0061: [('jigsaw_threat', 1.8011654033233748), ('kaggle_bully', 1.7619633598340823), ('dynahate_hate', 1.6763877182420228), ('tweeteval_offense', 1.1002907540220974)]
[routing] Sample val2_dynahate_0062 raw_skills=['derogatory_framing', 'toxic_tone', 'stereotype_invocation'] mapped=['derogatory_framing', 'toxic_tone', 'stereotype_invocation']
[routing] weight for dynahate_hate: 2.5739781446175307
[routing] weight for tweeteval_offense: 1.5191531667631792
[routing] weight for kaggle_bully: 2.7115783066115045
[routing] weight for jigsaw_threat: 2.5886701979917035
[routing] Selected 3 experts for val2_dynahate_0062: [('kaggle_bully', 2.7115783066115045), ('jigsaw_threat', 2.5886701979917035), ('dynahate_hate', 2.5739781446175307)]
[routing] Sample val2_dynahate_0063 raw_skills=['derogatory_framing', 'implicit_hate'] mapped=['derogatory_framing', 'implicit_hate']
[routing] weight for dynahate_hate: 1.6979831157197536
[routing] weight for tweeteval_offense: 0.9159567928339334
[routing] weight for kaggle_bully: 1.7769738607696848
[routing] weight for jigsaw_threat: 1.8135504201680672
[routing] Selected 3 experts for val2_dynahate_0063: [('jigsaw_threat', 1.8135504201680672), ('kaggle_bully', 1.7769738607696848), ('dynahate_hate', 1.6979831157197536)]
[routing] Sample val2_dynahate_0064 raw_skills=['stereotype_invocation', 'dehumanization', 'derogatory_framing'] mapped=['stereotype_invocation', 'dehumanization', 'derogatory_framing']
[routing] weight for dynahate_hate: 2.5635113141507
[routing] weight for tweeteval_offense: 1.571101218711231
[routing] weight for kaggle_bully: 2.676388565315747
[routing] weight for jigsaw_threat: 2.669824455205811
[routing] Selected 3 experts for val2_dynahate_0064: [('kaggle_bully', 2.676388565315747), ('jigsaw_threat', 2.669824455205811), ('dynahate_hate', 2.5635113141507)]
[routing] Sample val2_dynahate_0065 raw_skills=['humiliation_attempt', 'explicit_threat'] mapped=['humiliation_attempt', 'explicit_threat']
[routing] weight for dynahate_hate: 1.870967741935484
[routing] weight for tweeteval_offense: 0.08333333333333337
[routing] weight for kaggle_bully: 1.9639639639639639
[routing] weight for jigsaw_threat: 1.912280701754386
[routing] Selected 3 experts for val2_dynahate_0065: [('kaggle_bully', 1.9639639639639639), ('jigsaw_threat', 1.912280701754386), ('dynahate_hate', 1.870967741935484)]
[routing] Sample val2_dynahate_0066 raw_skills=['dehumanization', 'stereotype_invocation', 'derogatory_framing', 'hostile_sentiment'] mapped=['dehumanization', 'stereotype_invocation', 'derogatory_framing', 'hostile_sentiment']
[routing] weight for dynahate_hate: 3.4855892362286225
[routing] weight for tweeteval_offense: 2.0172550648650773
[routing] weight for kaggle_bully: 3.514772403699585
[routing] weight for jigsaw_threat: 3.572263479596055
[routing] Selected 3 experts for val2_dynahate_0066: [('jigsaw_threat', 3.572263479596055), ('kaggle_bully', 3.514772403699585), ('dynahate_hate', 3.4855892362286225)]
[routing] Sample val2_dynahate_0067 raw_skills=['directed_insult', 'profanity_tone'] mapped=['directed_insult', 'profanity_tone']
[routing] weight for dynahate_hate: 1.8597137014314928
[routing] weight for tweeteval_offense: 1.5425731432858214
[routing] weight for kaggle_bully: 1.8129760012112954
[routing] weight for jigsaw_threat: 1.7435897435897436
[routing] Selected 4 experts for val2_dynahate_0067: [('dynahate_hate', 1.8597137014314928), ('kaggle_bully', 1.8129760012112954), ('jigsaw_threat', 1.7435897435897436), ('tweeteval_offense', 1.5425731432858214)]
[routing] Sample val2_dynahate_0068 raw_skills=['dehumanization', 'stereotype_invocation', 'derogatory_framing', 'toxic_tone', 'implicit_hate'] mapped=['dehumanization', 'stereotype_invocation', 'derogatory_framing', 'toxic_tone', 'implicit_hate']
[routing] weight for dynahate_hate: 4.273045232009491
[routing] weight for tweeteval_offense: 2.542881980322501
[routing] weight for kaggle_bully: 4.451489755061853
[routing] weight for jigsaw_threat: 4.471863475302628
[routing] Selected 3 experts for val2_dynahate_0068: [('jigsaw_threat', 4.471863475302628), ('kaggle_bully', 4.451489755061853), ('dynahate_hate', 4.273045232009491)]
[routing] Sample val2_dynahate_0069 raw_skills=['derogatory_framing', 'directed_insult', 'profanity_tone', 'personal_attack'] mapped=['derogatory_framing', 'directed_insult', 'profanity_tone', 'personal_attack']
[routing] weight for dynahate_hate: 3.5245506175344783
[routing] weight for tweeteval_offense: 2.587039928530582
[routing] weight for kaggle_bully: 3.5768120320689567
[routing] weight for jigsaw_threat: 3.556266546984369
[routing] Selected 4 experts for val2_dynahate_0069: [('kaggle_bully', 3.5768120320689567), ('jigsaw_threat', 3.556266546984369), ('dynahate_hate', 3.5245506175344783), ('tweeteval_offense', 2.587039928530582)]
[routing] Sample val2_dynahate_0070 raw_skills=[] mapped=[]
[routing] weight for dynahate_hate: 1.0
[routing] weight for tweeteval_offense: 1.0
[routing] weight for kaggle_bully: 1.0
[routing] weight for jigsaw_threat: 1.0
[routing] Selected 4 experts for val2_dynahate_0070: [('dynahate_hate', 1.0), ('tweeteval_offense', 1.0), ('kaggle_bully', 1.0), ('jigsaw_threat', 1.0)]
[routing] Sample val2_dynahate_0071 raw_skills=[] mapped=[]
[routing] weight for dynahate_hate: 1.0
[routing] weight for tweeteval_offense: 1.0
[routing] weight for kaggle_bully: 1.0
[routing] weight for jigsaw_threat: 1.0
[routing] Selected 4 experts for val2_dynahate_0071: [('dynahate_hate', 1.0), ('tweeteval_offense', 1.0), ('kaggle_bully', 1.0), ('jigsaw_threat', 1.0)]
[routing] Sample val2_dynahate_0072 raw_skills=['gender_bullying', 'toxic_tone'] mapped=['gender_bullying', 'toxic_tone']
[routing] weight for dynahate_hate: 1.7486106346483705
[routing] weight for tweeteval_offense: 1.2623376623376623
[routing] weight for kaggle_bully: 1.8256954172503501
[routing] weight for jigsaw_threat: 1.3902743142144638
[routing] Selected 4 experts for val2_dynahate_0072: [('kaggle_bully', 1.8256954172503501), ('dynahate_hate', 1.7486106346483705), ('jigsaw_threat', 1.3902743142144638), ('tweeteval_offense', 1.2623376623376623)]
[routing] Sample val2_dynahate_0073 raw_skills=[] mapped=[]
[routing] weight for dynahate_hate: 1.0
[routing] weight for tweeteval_offense: 1.0
[routing] weight for kaggle_bully: 1.0
[routing] weight for jigsaw_threat: 1.0
[routing] Selected 4 experts for val2_dynahate_0073: [('dynahate_hate', 1.0), ('tweeteval_offense', 1.0), ('kaggle_bully', 1.0), ('jigsaw_threat', 1.0)]
[routing] Sample val2_dynahate_0074 raw_skills=['dehumanization', 'stereotype_invocation', 'hostile_sentiment', 'derogatory_framing', 'implicit_hate'] mapped=['dehumanization', 'stereotype_invocation', 'hostile_sentiment', 'derogatory_framing', 'implicit_hate']
[routing] weight for dynahate_hate: 4.333304972269231
[routing] weight for tweeteval_offense: 2.440983878424399
[routing] weight for kaggle_bully: 4.411546597247972
[routing] weight for jigsaw_threat: 4.484028185478408
[routing] Selected 3 experts for val2_dynahate_0074: [('jigsaw_threat', 4.484028185478408), ('kaggle_bully', 4.411546597247972), ('dynahate_hate', 4.333304972269231)]
[routing] Sample val2_dynahate_0075 raw_skills=['collective_blaming', 'hostile_sentiment', 'toxic_tone'] mapped=['collective_blaming', 'hostile_sentiment', 'toxic_tone']
[routing] weight for dynahate_hate: 2.3950072150072153
[routing] weight for tweeteval_offense: 1.619205794205794
[routing] weight for kaggle_bully: 2.7167108345815567
[routing] weight for jigsaw_threat: 2.6571201182657247
[routing] Selected 3 experts for val2_dynahate_0075: [('kaggle_bully', 2.7167108345815567), ('jigsaw_threat', 2.6571201182657247), ('dynahate_hate', 2.3950072150072153)]
[routing] Sample val2_dynahate_0076 raw_skills=['derogatory_framing', 'collective_blaming', 'dehumanization', 'stereotype_invocation'] mapped=['derogatory_framing', 'collective_blaming', 'dehumanization', 'stereotype_invocation']
[routing] weight for dynahate_hate: 3.1746224252618114
[routing] weight for tweeteval_offense: 2.196101218711231
[routing] weight for kaggle_bully: 3.6763885653157473
[routing] weight for jigsaw_threat: 3.5342312348668283
[routing] Selected 3 experts for val2_dynahate_0076: [('kaggle_bully', 3.6763885653157473), ('jigsaw_threat', 3.5342312348668283), ('dynahate_hate', 3.1746224252618114)]
[routing] Sample val2_dynahate_0077 raw_skills=['profanity_tone', 'directed_insult'] mapped=['profanity_tone', 'directed_insult']
[routing] weight for dynahate_hate: 1.8597137014314928
[routing] weight for tweeteval_offense: 1.5425731432858214
[routing] weight for kaggle_bully: 1.8129760012112954
[routing] weight for jigsaw_threat: 1.7435897435897436
[routing] Selected 4 experts for val2_dynahate_0077: [('dynahate_hate', 1.8597137014314928), ('kaggle_bully', 1.8129760012112954), ('jigsaw_threat', 1.7435897435897436), ('tweeteval_offense', 1.5425731432858214)]
[routing] Sample val2_dynahate_0078 raw_skills=['stereotype_invocation', 'implicit_hate', 'derogatory_framing', 'toxic_tone', 'hostile_sentiment'] mapped=['stereotype_invocation', 'implicit_hate', 'derogatory_framing', 'toxic_tone', 'hostile_sentiment']
[routing] weight for dynahate_hate: 4.343771802736062
[routing] weight for tweeteval_offense: 2.3890358264763476
[routing] weight for kaggle_bully: 4.44673633854373
[routing] weight for jigsaw_threat: 4.402873928264301
[routing] Selected 3 experts for val2_dynahate_0078: [('kaggle_bully', 4.44673633854373), ('jigsaw_threat', 4.402873928264301), ('dynahate_hate', 4.343771802736062)]
[routing] Sample val2_dynahate_0079 raw_skills=['derogatory_framing', 'directed_insult', 'personal_attack', 'toxic_tone'] mapped=['derogatory_framing', 'directed_insult', 'personal_attack', 'toxic_tone']
[routing] weight for dynahate_hate: 3.4530354660193265
[routing] weight for tweeteval_offense: 2.3367047798083367
[routing] weight for kaggle_bully: 3.5649429498353027
[routing] weight for jigsaw_threat: 3.6370170516750226
[routing] Selected 4 experts for val2_dynahate_0079: [('jigsaw_threat', 3.6370170516750226), ('kaggle_bully', 3.5649429498353027), ('dynahate_hate', 3.4530354660193265), ('tweeteval_offense', 2.3367047798083367)]
[routing] Sample val2_dynahate_0080 raw_skills=['explicit_threat', 'derogatory_framing', 'toxic_tone', 'stereotype_invocation'] mapped=['explicit_threat', 'derogatory_framing', 'toxic_tone', 'stereotype_invocation']
[routing] weight for dynahate_hate: 3.4449458865530147
[routing] weight for tweeteval_offense: 2.1024865000965125
[routing] weight for kaggle_bully: 3.675542270575469
[routing] weight for jigsaw_threat: 3.500950899746089
[routing] Selected 3 experts for val2_dynahate_0080: [('kaggle_bully', 3.675542270575469), ('jigsaw_threat', 3.500950899746089), ('dynahate_hate', 3.4449458865530147)]
[routing] Sample val2_dynahate_0081 raw_skills=[] mapped=[]
[routing] weight for dynahate_hate: 1.0
[routing] weight for tweeteval_offense: 1.0
[routing] weight for kaggle_bully: 1.0
[routing] weight for jigsaw_threat: 1.0
[routing] Selected 4 experts for val2_dynahate_0081: [('dynahate_hate', 1.0), ('tweeteval_offense', 1.0), ('kaggle_bully', 1.0), ('jigsaw_threat', 1.0)]
[routing] Sample val2_dynahate_0082 raw_skills=['stereotype_invocation', 'derogatory_framing', 'toxic_tone'] mapped=['stereotype_invocation', 'derogatory_framing', 'toxic_tone']
[routing] weight for dynahate_hate: 2.5739781446175307
[routing] weight for tweeteval_offense: 1.519153166763179
[routing] weight for kaggle_bully: 2.7115783066115045
[routing] weight for jigsaw_threat: 2.5886701979917035
[routing] Selected 3 experts for val2_dynahate_0082: [('kaggle_bully', 2.7115783066115045), ('jigsaw_threat', 2.5886701979917035), ('dynahate_hate', 2.5739781446175307)]
[routing] Sample val2_dynahate_0083 raw_skills=['toxic_tone'] mapped=['toxic_tone']
[routing] weight for dynahate_hate: 0.8618181818181818
[routing] weight for tweeteval_offense: 0.548051948051948
[routing] weight for kaggle_bully: 0.8783269961977186
[routing] weight for jigsaw_threat: 0.8902743142144638
[routing] Selected 4 experts for val2_dynahate_0083: [('jigsaw_threat', 0.8902743142144638), ('kaggle_bully', 0.8783269961977186), ('dynahate_hate', 0.8618181818181818), ('tweeteval_offense', 0.548051948051948)]
[routing] Sample val2_dynahate_0084 raw_skills=['derogatory_framing', 'hostile_sentiment', 'toxic_tone'] mapped=['derogatory_framing', 'hostile_sentiment', 'toxic_tone']
[routing] weight for dynahate_hate: 2.6341634835752483
[routing] weight for tweeteval_offense: 1.4864337734804054
[routing] weight for kaggle_bully: 2.5969105018028547
[routing] weight for jigsaw_threat: 2.6944990528904222
[routing] Selected 3 experts for val2_dynahate_0084: [('jigsaw_threat', 2.6944990528904222), ('dynahate_hate', 2.6341634835752483), ('kaggle_bully', 2.5969105018028547)]
[routing] Sample val2_dynahate_0085 raw_skills=['identity_targeting', 'derogatory_framing', 'implicit_hate'] mapped=['identity_targeting', 'derogatory_framing', 'implicit_hate']
[routing] weight for dynahate_hate: 2.6979831157197536
[routing] weight for tweeteval_offense: 1.1159567928339333
[routing] weight for kaggle_bully: 1.7769738607696848
[routing] weight for jigsaw_threat: 2.3135504201680672
[routing] Selected 3 experts for val2_dynahate_0085: [('dynahate_hate', 2.6979831157197536), ('jigsaw_threat', 2.3135504201680672), ('kaggle_bully', 1.7769738607696848)]
[routing] Sample val2_dynahate_0086 raw_skills=[] mapped=[]
[routing] weight for dynahate_hate: 1.0
[routing] weight for tweeteval_offense: 1.0
[routing] weight for kaggle_bully: 1.0
[routing] weight for jigsaw_threat: 1.0
[routing] Selected 4 experts for val2_dynahate_0086: [('dynahate_hate', 1.0), ('tweeteval_offense', 1.0), ('kaggle_bully', 1.0), ('jigsaw_threat', 1.0)]
[routing] Sample val2_dynahate_0087 raw_skills=['profanity_tone'] mapped=['profanity_tone']
[routing] weight for dynahate_hate: 0.9333333333333333
[routing] weight for tweeteval_offense: 0.7983870967741935
[routing] weight for kaggle_bully: 0.8901960784313725
[routing] weight for jigsaw_threat: 0.8095238095238095
[routing] Selected 4 experts for val2_dynahate_0087: [('dynahate_hate', 0.9333333333333333), ('kaggle_bully', 0.8901960784313725), ('jigsaw_threat', 0.8095238095238095), ('tweeteval_offense', 0.7983870967741935)]
[routing] Sample val2_dynahate_0088 raw_skills=[] mapped=[]
[routing] weight for dynahate_hate: 1.0
[routing] weight for tweeteval_offense: 1.0
[routing] weight for kaggle_bully: 1.0
[routing] weight for jigsaw_threat: 1.0
[routing] Selected 4 experts for val2_dynahate_0088: [('dynahate_hate', 1.0), ('tweeteval_offense', 1.0), ('kaggle_bully', 1.0), ('jigsaw_threat', 1.0)]
[routing] Sample val2_dynahate_0089 raw_skills=['stereotype_invocation', 'derogatory_framing', 'ethnicity_bullying'] mapped=['stereotype_invocation', 'derogatory_framing', 'ethnicity_bullying']
[routing] weight for dynahate_hate: 2.599800412237551
[routing] weight for tweeteval_offense: 1.4711012187112311
[routing] weight for kaggle_bully: 2.833251310413786
[routing] weight for jigsaw_threat: 2.4483958837772395
[routing] Selected 3 experts for val2_dynahate_0089: [('kaggle_bully', 2.833251310413786), ('dynahate_hate', 2.599800412237551), ('jigsaw_threat', 2.4483958837772395)]
[routing] Sample val2_dynahate_0090 raw_skills=['derogatory_framing', 'personal_attack', 'toxic_tone', 'objectification'] mapped=['derogatory_framing', 'personal_attack', 'toxic_tone', 'objectification']
[routing] weight for dynahate_hate: 3.526655097921167
[routing] weight for tweeteval_offense: 2.306804447582423
[routing] weight for kaggle_bully: 2.64216302705538
[routing] weight for jigsaw_threat: 2.7029511176090892
[routing] Selected 4 experts for val2_dynahate_0090: [('dynahate_hate', 3.526655097921167), ('jigsaw_threat', 2.7029511176090892), ('kaggle_bully', 2.64216302705538), ('tweeteval_offense', 2.306804447582423)]
[routing] Sample val2_dynahate_0091 raw_skills=[] mapped=[]
[routing] weight for dynahate_hate: 1.0
[routing] weight for tweeteval_offense: 1.0
[routing] weight for kaggle_bully: 1.0
[routing] weight for jigsaw_threat: 1.0
[routing] Selected 4 experts for val2_dynahate_0091: [('dynahate_hate', 1.0), ('tweeteval_offense', 1.0), ('kaggle_bully', 1.0), ('jigsaw_threat', 1.0)]
[routing] Sample val2_dynahate_0092 raw_skills=['stereotype_invocation', 'implicit_hate'] mapped=['stereotype_invocation', 'implicit_hate']
[routing] weight for dynahate_hate: 1.7096083191608136
[routing] weight for tweeteval_offense: 0.9026020529959418
[routing] weight for kaggle_bully: 1.8498258367408753
[routing] weight for jigsaw_threat: 1.7083748753738783
[routing] Selected 3 experts for val2_dynahate_0092: [('kaggle_bully', 1.8498258367408753), ('dynahate_hate', 1.7096083191608136), ('jigsaw_threat', 1.7083748753738783)]
[routing] Sample val2_dynahate_0093 raw_skills=['patronizing_tone'] mapped=['patronizing_tone']
[routing] weight for dynahate_hate: 1.0
[routing] weight for tweeteval_offense: 0.6666666666666666
[routing] weight for kaggle_bully: 1.0
[routing] weight for jigsaw_threat: 0.9090909090909091
[routing] Selected 4 experts for val2_dynahate_0093: [('dynahate_hate', 1.0), ('kaggle_bully', 1.0), ('jigsaw_threat', 0.9090909090909091), ('tweeteval_offense', 0.6666666666666666)]
[routing] Sample val2_dynahate_0094 raw_skills=[] mapped=[]
[routing] weight for dynahate_hate: 1.0
[routing] weight for tweeteval_offense: 1.0
[routing] weight for kaggle_bully: 1.0
[routing] weight for jigsaw_threat: 1.0
[routing] Selected 4 experts for val2_dynahate_0094: [('dynahate_hate', 1.0), ('tweeteval_offense', 1.0), ('kaggle_bully', 1.0), ('jigsaw_threat', 1.0)]
[routing] Sample val2_dynahate_0095 raw_skills=['explicit_threat', 'profanity_tone'] mapped=['explicit_threat', 'profanity_tone']
[routing] weight for dynahate_hate: 1.8043010752688171
[routing] weight for tweeteval_offense: 1.381720430107527
[routing] weight for kaggle_bully: 1.8541600423953364
[routing] weight for jigsaw_threat: 1.7218045112781954
[routing] Selected 4 experts for val2_dynahate_0095: [('kaggle_bully', 1.8541600423953364), ('dynahate_hate', 1.8043010752688171), ('jigsaw_threat', 1.7218045112781954), ('tweeteval_offense', 1.381720430107527)]
[routing] Sample val2_dynahate_0096 raw_skills=['sarcastic_insult', 'toxic_tone'] mapped=['sarcastic_insult', 'toxic_tone']
[routing] weight for dynahate_hate: 1.6951515151515153
[routing] weight for tweeteval_offense: 1.2002258610954262
[routing] weight for kaggle_bully: 1.7672158850866073
[routing] weight for jigsaw_threat: 1.8086416611532394
[routing] Selected 4 experts for val2_dynahate_0096: [('jigsaw_threat', 1.8086416611532394), ('kaggle_bully', 1.7672158850866073), ('dynahate_hate', 1.6951515151515153), ('tweeteval_offense', 1.2002258610954262)]
[routing] Sample val2_dynahate_0097 raw_skills=['stereotype_invocation', 'derogatory_framing', 'ethnicity_bullying'] mapped=['stereotype_invocation', 'derogatory_framing', 'ethnicity_bullying']
[routing] weight for dynahate_hate: 2.599800412237551
[routing] weight for tweeteval_offense: 1.4711012187112311
[routing] weight for kaggle_bully: 2.833251310413786
[routing] weight for jigsaw_threat: 2.4483958837772395
[routing] Selected 3 experts for val2_dynahate_0097: [('kaggle_bully', 2.833251310413786), ('dynahate_hate', 2.599800412237551), ('jigsaw_threat', 2.4483958837772395)]
[routing] Sample val2_dynahate_0098 raw_skills=['derogatory_framing', 'personal_attack'] mapped=['derogatory_framing', 'personal_attack']
[routing] weight for dynahate_hate: 1.6648369161029855
[routing] weight for tweeteval_offense: 1.0444667852447607
[routing] weight for kaggle_bully: 1.7638360308576615
[routing] weight for jigsaw_threat: 1.8126768033946252
[routing] Selected 3 experts for val2_dynahate_0098: [('jigsaw_threat', 1.8126768033946252), ('kaggle_bully', 1.7638360308576615), ('dynahate_hate', 1.6648369161029855)]
[routing] Sample val2_dynahate_0099 raw_skills=['directed_insult', 'profanity_tone'] mapped=['directed_insult', 'profanity_tone']
[routing] weight for dynahate_hate: 1.8597137014314928
[routing] weight for tweeteval_offense: 1.5425731432858214
[routing] weight for kaggle_bully: 1.8129760012112954
[routing] weight for jigsaw_threat: 1.7435897435897436
[routing] Selected 4 experts for val2_dynahate_0099: [('dynahate_hate', 1.8597137014314928), ('kaggle_bully', 1.8129760012112954), ('jigsaw_threat', 1.7435897435897436), ('tweeteval_offense', 1.5425731432858214)]
[routing] Sample val2_dynahate_0100 raw_skills=['profanity_tone', 'derogatory_framing', 'sarcastic_insult'] mapped=['profanity_tone', 'derogatory_framing', 'sarcastic_insult']
[routing] weight for dynahate_hate: 2.6169340463458113
[routing] weight for tweeteval_offense: 1.9427889890922831
[routing] weight for kaggle_bully: 2.6592846345415593
[routing] weight for jigsaw_threat: 2.629676870748299
[routing] Selected 4 experts for val2_dynahate_0100: [('kaggle_bully', 2.6592846345415593), ('jigsaw_threat', 2.629676870748299), ('dynahate_hate', 2.6169340463458113), ('tweeteval_offense', 1.9427889890922831)]
[routing] Sample val2_dynahate_0101 raw_skills=['derogatory_framing', 'toxic_tone', 'personal_attack', 'appearance_bullying'] mapped=['derogatory_framing', 'toxic_tone', 'personal_attack', 'appearance_bullying']
[routing] weight for dynahate_hate: 3.405442976709046
[routing] weight for tweeteval_offense: 2.4634864752321928
[routing] weight for kaggle_bully: 3.521862275175681
[routing] weight for jigsaw_threat: 3.6077130223709934
[routing] Selected 4 experts for val2_dynahate_0101: [('jigsaw_threat', 3.6077130223709934), ('kaggle_bully', 3.521862275175681), ('dynahate_hate', 3.405442976709046), ('tweeteval_offense', 2.4634864752321928)]
[routing] Sample val2_dynahate_0102 raw_skills=['profanity_tone', 'implicit_hate', 'dehumanization'] mapped=['profanity_tone', 'implicit_hate', 'dehumanization']
[routing] weight for dynahate_hate: 2.632400420725294
[routing] weight for tweeteval_offense: 1.8221159103335154
[routing] weight for kaggle_bully: 2.6301075268817202
[routing] weight for jigsaw_threat: 2.692717086834734
[routing] Selected 4 experts for val2_dynahate_0102: [('jigsaw_threat', 2.692717086834734), ('dynahate_hate', 2.632400420725294), ('kaggle_bully', 2.6301075268817202), ('tweeteval_offense', 1.8221159103335154)]
[routing] Sample val2_dynahate_0103 raw_skills=['hostile_sentiment', 'toxic_tone', 'dehumanization'] mapped=['hostile_sentiment', 'toxic_tone', 'dehumanization']
[routing] weight for dynahate_hate: 2.6352474552474554
[routing] weight for tweeteval_offense: 1.5942057942057941
[routing] weight for kaggle_bully: 2.5598480894835176
[routing] weight for jigsaw_threat: 2.7641419100332794
[routing] Selected 3 experts for val2_dynahate_0103: [('jigsaw_threat', 2.7641419100332794), ('dynahate_hate', 2.6352474552474554), ('kaggle_bully', 2.5598480894835176)]
[routing] Sample val2_dynahate_0104 raw_skills=['stereotype_invocation', 'ethnicity_bullying', 'derogatory_framing'] mapped=['stereotype_invocation', 'ethnicity_bullying', 'derogatory_framing']
[routing] weight for dynahate_hate: 2.599800412237551
[routing] weight for tweeteval_offense: 1.4711012187112311
[routing] weight for kaggle_bully: 2.833251310413786
[routing] weight for jigsaw_threat: 2.44839588377724
[routing] Selected 3 experts for val2_dynahate_0104: [('kaggle_bully', 2.833251310413786), ('dynahate_hate', 2.599800412237551), ('jigsaw_threat', 2.44839588377724)]
[routing] Sample val2_dynahate_0105 raw_skills=[] mapped=[]
[routing] weight for dynahate_hate: 1.0
[routing] weight for tweeteval_offense: 1.0
[routing] weight for kaggle_bully: 1.0
[routing] weight for jigsaw_threat: 1.0
[routing] Selected 4 experts for val2_dynahate_0105: [('dynahate_hate', 1.0), ('tweeteval_offense', 1.0), ('kaggle_bully', 1.0), ('jigsaw_threat', 1.0)]
[routing] Sample val2_dynahate_0106 raw_skills=['stereotype_invocation', 'ethnicity_bullying', 'implicit_hate'] mapped=['stereotype_invocation', 'ethnicity_bullying', 'implicit_hate']
[routing] weight for dynahate_hate: 2.597248768599016
[routing] weight for tweeteval_offense: 1.4026020529959418
[routing] weight for kaggle_bully: 2.8498258367408753
[routing] weight for jigsaw_threat: 2.4583748753738783
[routing] Selected 3 experts for val2_dynahate_0106: [('kaggle_bully', 2.8498258367408753), ('dynahate_hate', 2.597248768599016), ('jigsaw_threat', 2.4583748753738783)]
[routing] Sample val2_dynahate_0107 raw_skills=['appearance_bullying', 'derogatory_framing'] mapped=['appearance_bullying', 'derogatory_framing']
[routing] weight for dynahate_hate: 1.7290552584670231
[routing] weight for tweeteval_offense: 1.3631957212100954
[routing] weight for kaggle_bully: 1.7598989153415987
[routing] weight for jigsaw_threat: 1.806547619047619
[routing] Selected 4 experts for val2_dynahate_0107: [('jigsaw_threat', 1.806547619047619), ('kaggle_bully', 1.7598989153415987), ('dynahate_hate', 1.7290552584670231), ('tweeteval_offense', 1.3631957212100954)]
[routing] Sample val2_dynahate_0108 raw_skills=['derogatory_framing', 'toxic_tone', 'hostile_sentiment', 'power_imbalance_cue'] mapped=['derogatory_framing', 'toxic_tone', 'hostile_sentiment', 'power_imbalance_cue']
[routing] weight for dynahate_hate: 3.5091634835752483
[routing] weight for tweeteval_offense: 1.5721480591946912
[routing] weight for kaggle_bully: 3.4635771684695214
[routing] weight for jigsaw_threat: 3.5944990528904217
[routing] Selected 3 experts for val2_dynahate_0108: [('jigsaw_threat', 3.5944990528904217), ('dynahate_hate', 3.5091634835752483), ('kaggle_bully', 3.4635771684695214)]
[routing] Sample val2_dynahate_0109 raw_skills=['stereotype_invocation', 'derogatory_framing', 'toxic_tone'] mapped=['stereotype_invocation', 'derogatory_framing', 'toxic_tone']
[routing] weight for dynahate_hate: 2.5739781446175307
[routing] weight for tweeteval_offense: 1.519153166763179
[routing] weight for kaggle_bully: 2.7115783066115045
[routing] weight for jigsaw_threat: 2.5886701979917035
[routing] Selected 3 experts for val2_dynahate_0109: [('kaggle_bully', 2.7115783066115045), ('jigsaw_threat', 2.5886701979917035), ('dynahate_hate', 2.5739781446175307)]
[routing] Sample val2_dynahate_0110 raw_skills=['stereotype_invocation', 'derogatory_framing'] mapped=['stereotype_invocation', 'derogatory_framing']
[routing] weight for dynahate_hate: 1.712159962799349
[routing] weight for tweeteval_offense: 0.9711012187112311
[routing] weight for kaggle_bully: 1.833251310413786
[routing] weight for jigsaw_threat: 1.6983958837772397
[routing] Selected 3 experts for val2_dynahate_0110: [('kaggle_bully', 1.833251310413786), ('dynahate_hate', 1.712159962799349), ('jigsaw_threat', 1.6983958837772397)]
[routing] Sample val2_dynahate_0111 raw_skills=['explicit_threat', 'personal_attack', 'derogatory_framing'] mapped=['explicit_threat', 'personal_attack', 'derogatory_framing']
[routing] weight for dynahate_hate: 2.535804658038469
[routing] weight for tweeteval_offense: 1.6278001185780941
[routing] weight for kaggle_bully: 2.7277999948216256
[routing] weight for jigsaw_threat: 2.7249575051490114
[routing] Selected 3 experts for val2_dynahate_0111: [('kaggle_bully', 2.7277999948216256), ('jigsaw_threat', 2.7249575051490114), ('dynahate_hate', 2.535804658038469)]
[routing] Sample val2_dynahate_0112 raw_skills=['profanity_tone'] mapped=['profanity_tone']
[routing] weight for dynahate_hate: 0.9333333333333333
[routing] weight for tweeteval_offense: 0.7983870967741935
[routing] weight for kaggle_bully: 0.8901960784313725
[routing] weight for jigsaw_threat: 0.8095238095238095
[routing] Selected 4 experts for val2_dynahate_0112: [('dynahate_hate', 0.9333333333333333), ('kaggle_bully', 0.8901960784313725), ('jigsaw_threat', 0.8095238095238095), ('tweeteval_offense', 0.7983870967741935)]
[routing] Sample val2_dynahate_0113 raw_skills=['profanity_tone'] mapped=['profanity_tone']
[routing] weight for dynahate_hate: 0.9333333333333333
[routing] weight for tweeteval_offense: 0.7983870967741935
[routing] weight for kaggle_bully: 0.8901960784313725
[routing] weight for jigsaw_threat: 0.8095238095238095
[routing] Selected 4 experts for val2_dynahate_0113: [('dynahate_hate', 0.9333333333333333), ('kaggle_bully', 0.8901960784313725), ('jigsaw_threat', 0.8095238095238095), ('tweeteval_offense', 0.7983870967741935)]
[routing] Sample val2_dynahate_0114 raw_skills=['collective_blaming', 'implicit_hate'] mapped=['collective_blaming', 'implicit_hate']
[routing] weight for dynahate_hate: 1.4588268471517203
[routing] weight for tweeteval_offense: 1.048728813559322
[routing] weight for kaggle_bully: 1.896774193548387
[routing] weight for jigsaw_threat: 1.77617148554337
[routing] Selected 3 experts for val2_dynahate_0114: [('kaggle_bully', 1.896774193548387), ('jigsaw_threat', 1.77617148554337), ('dynahate_hate', 1.4588268471517203)]
[routing] Sample val2_dynahate_0115 raw_skills=['derogatory_framing', 'toxic_tone'] mapped=['derogatory_framing', 'toxic_tone']
[routing] weight for dynahate_hate: 1.712085561497326
[routing] weight for tweeteval_offense: 1.0402799273265595
[routing] weight for kaggle_bully: 1.7585266634190164
[routing] weight for jigsaw_threat: 1.792060028500178
[routing] Selected 3 experts for val2_dynahate_0115: [('jigsaw_threat', 1.792060028500178), ('kaggle_bully', 1.7585266634190164), ('dynahate_hate', 1.712085561497326)]
[routing] Sample val2_dynahate_0116 raw_skills=['derogatory_framing', 'personal_attack'] mapped=['derogatory_framing', 'personal_attack']
[routing] weight for dynahate_hate: 1.6648369161029855
[routing] weight for tweeteval_offense: 1.0444667852447607
[routing] weight for kaggle_bully: 1.7638360308576615
[routing] weight for jigsaw_threat: 1.8126768033946252
[routing] Selected 3 experts for val2_dynahate_0116: [('jigsaw_threat', 1.8126768033946252), ('kaggle_bully', 1.7638360308576615), ('dynahate_hate', 1.6648369161029855)]
[routing] Sample val2_dynahate_0117 raw_skills=['derogatory_framing', 'personal_attack'] mapped=['derogatory_framing', 'personal_attack']
[routing] weight for dynahate_hate: 1.6648369161029855
[routing] weight for tweeteval_offense: 1.0444667852447607
[routing] weight for kaggle_bully: 1.7638360308576615
[routing] weight for jigsaw_threat: 1.8126768033946252
[routing] Selected 3 experts for val2_dynahate_0117: [('jigsaw_threat', 1.8126768033946252), ('kaggle_bully', 1.7638360308576615), ('dynahate_hate', 1.6648369161029855)]
[routing] Sample val2_dynahate_0118 raw_skills=['derogatory_framing', 'directed_insult'] mapped=['derogatory_framing', 'directed_insult']
[routing] weight for dynahate_hate: 1.7766477477773037
[routing] weight for tweeteval_offense: 1.2364140257862393
[routing] weight for kaggle_bully: 1.8029795900012207
[routing] weight for jigsaw_threat: 1.8358516483516483
[routing] Selected 4 experts for val2_dynahate_0118: [('jigsaw_threat', 1.8358516483516483), ('kaggle_bully', 1.8029795900012207), ('dynahate_hate', 1.7766477477773037), ('tweeteval_offense', 1.2364140257862393)]
[routing] Sample val2_dynahate_0119 raw_skills=['stereotype_invocation', 'derogatory_framing'] mapped=['stereotype_invocation', 'derogatory_framing']
[routing] weight for dynahate_hate: 1.712159962799349
[routing] weight for tweeteval_offense: 0.9711012187112311
[routing] weight for kaggle_bully: 1.833251310413786
[routing] weight for jigsaw_threat: 1.6983958837772397
[routing] Selected 3 experts for val2_dynahate_0119: [('kaggle_bully', 1.833251310413786), ('dynahate_hate', 1.712159962799349), ('jigsaw_threat', 1.6983958837772397)]
[routing] Sample val2_dynahate_0120 raw_skills=['stereotype_invocation', 'profanity_tone', 'ethnicity_bullying'] mapped=['stereotype_invocation', 'profanity_tone', 'ethnicity_bullying']
[routing] weight for dynahate_hate: 2.6828663658917398
[routing] weight for tweeteval_offense: 1.7772603362108133
[routing] weight for kaggle_bully: 2.843247721623861
[routing] weight for jigsaw_threat: 2.356133979015335
[routing] Selected 4 experts for val2_dynahate_0120: [('kaggle_bully', 2.843247721623861), ('dynahate_hate', 2.6828663658917398), ('jigsaw_threat', 2.356133979015335), ('tweeteval_offense', 1.7772603362108133)]
[routing] Sample val2_dynahate_0121 raw_skills=['derogatory_framing', 'personal_attack', 'profanity_tone', 'directed_insult'] mapped=['derogatory_framing', 'personal_attack', 'profanity_tone', 'directed_insult']
[routing] weight for dynahate_hate: 3.5245506175344783
[routing] weight for tweeteval_offense: 2.587039928530582
[routing] weight for kaggle_bully: 3.5768120320689567
[routing] weight for jigsaw_threat: 3.556266546984369
[routing] Selected 4 experts for val2_dynahate_0121: [('kaggle_bully', 3.5768120320689567), ('jigsaw_threat', 3.556266546984369), ('dynahate_hate', 3.5245506175344783), ('tweeteval_offense', 2.587039928530582)]
[routing] Sample val2_dynahate_0122 raw_skills=['derogatory_framing'] mapped=['derogatory_framing']
[routing] weight for dynahate_hate: 0.8502673796791443
[routing] weight for tweeteval_offense: 0.49222797927461137
[routing] weight for kaggle_bully: 0.8801996672212978
[routing] weight for jigsaw_threat: 0.9017857142857143
[routing] Selected 3 experts for val2_dynahate_0122: [('jigsaw_threat', 0.9017857142857143), ('kaggle_bully', 0.8801996672212978), ('dynahate_hate', 0.8502673796791443)]
[routing] Sample val2_dynahate_0123 raw_skills=['explicit_threat', 'profanity_tone'] mapped=['explicit_threat', 'profanity_tone']
[routing] weight for dynahate_hate: 1.8043010752688171
[routing] weight for tweeteval_offense: 1.381720430107527
[routing] weight for kaggle_bully: 1.8541600423953364
[routing] weight for jigsaw_threat: 1.7218045112781954
[routing] Selected 4 experts for val2_dynahate_0123: [('kaggle_bully', 1.8541600423953364), ('dynahate_hate', 1.8043010752688171), ('jigsaw_threat', 1.7218045112781954), ('tweeteval_offense', 1.381720430107527)]
[routing] Sample val2_dynahate_0124 raw_skills=['stereotype_invocation', 'derogatory_framing', 'hostile_sentiment'] mapped=['stereotype_invocation', 'derogatory_framing', 'hostile_sentiment']
[routing] weight for dynahate_hate: 2.6342378848772707
[routing] weight for tweeteval_offense: 1.4172550648650772
[routing] weight for kaggle_bully: 2.671635148797624
[routing] weight for jigsaw_threat: 2.6008349081674837
[routing] Selected 3 experts for val2_dynahate_0124: [('kaggle_bully', 2.671635148797624), ('dynahate_hate', 2.6342378848772707), ('jigsaw_threat', 2.6008349081674837)]
[routing] Sample val2_dynahate_0125 raw_skills=['gender_bullying', 'collective_blaming'] mapped=['gender_bullying', 'collective_blaming']
[routing] weight for dynahate_hate: 1.4979035639412999
[routing] weight for tweeteval_offense: 1.3392857142857144
[routing] weight for kaggle_bully: 1.9473684210526314
[routing] weight for jigsaw_threat: 1.3644067796610169
[routing] Selected 4 experts for val2_dynahate_0125: [('kaggle_bully', 1.9473684210526314), ('dynahate_hate', 1.4979035639412999), ('jigsaw_threat', 1.3644067796610169), ('tweeteval_offense', 1.3392857142857144)]
[routing] Sample val2_dynahate_0126 raw_skills=['stereotype_invocation', 'explicit_threat', 'derogatory_framing', 'toxic_tone'] mapped=['stereotype_invocation', 'explicit_threat', 'derogatory_framing', 'toxic_tone']
[routing] weight for dynahate_hate: 3.4449458865530147
[routing] weight for tweeteval_offense: 2.1024865000965125
[routing] weight for kaggle_bully: 3.675542270575469
[routing] weight for jigsaw_threat: 3.5009508997460896
[routing] Selected 3 experts for val2_dynahate_0126: [('kaggle_bully', 3.675542270575469), ('jigsaw_threat', 3.5009508997460896), ('dynahate_hate', 3.4449458865530147)]
[routing] Sample val2_dynahate_0127 raw_skills=['derogatory_framing'] mapped=['derogatory_framing']
[routing] weight for dynahate_hate: 0.8502673796791443
[routing] weight for tweeteval_offense: 0.49222797927461137
[routing] weight for kaggle_bully: 0.8801996672212978
[routing] weight for jigsaw_threat: 0.9017857142857143
[routing] Selected 3 experts for val2_dynahate_0127: [('jigsaw_threat', 0.9017857142857143), ('kaggle_bully', 0.8801996672212978), ('dynahate_hate', 0.8502673796791443)]
[routing] Sample val2_dynahate_0128 raw_skills=['implicit_hate'] mapped=['implicit_hate']
[routing] weight for dynahate_hate: 0.8477157360406091
[routing] weight for tweeteval_offense: 0.423728813559322
[routing] weight for kaggle_bully: 0.896774193548387
[routing] weight for jigsaw_threat: 0.9117647058823529
[routing] Selected 3 experts for val2_dynahate_0128: [('jigsaw_threat', 0.9117647058823529), ('kaggle_bully', 0.896774193548387), ('dynahate_hate', 0.8477157360406091)]
[routing] Sample val2_dynahate_0129 raw_skills=['derogatory_framing', 'stereotype_invocation', 'toxic_tone'] mapped=['derogatory_framing', 'stereotype_invocation', 'toxic_tone']
[routing] weight for dynahate_hate: 2.5739781446175307
[routing] weight for tweeteval_offense: 1.519153166763179
[routing] weight for kaggle_bully: 2.7115783066115045
[routing] weight for jigsaw_threat: 2.5886701979917035
[routing] Selected 3 experts for val2_dynahate_0129: [('kaggle_bully', 2.7115783066115045), ('jigsaw_threat', 2.5886701979917035), ('dynahate_hate', 2.5739781446175307)]
[routing] Sample val_bal_dynahate_0000 raw_skills=['gender_bullying', 'appearance_bullying', 'stereotype_invocation', 'derogatory_framing'] mapped=['gender_bullying', 'appearance_bullying', 'stereotype_invocation', 'derogatory_framing']
[routing] weight for dynahate_hate: 3.4777402944174165
[routing] weight for tweeteval_offense: 2.5563546749324293
[routing] weight for kaggle_bully: 3.6603189795867186
[routing] weight for jigsaw_threat: 3.1031577885391446
[routing] Selected 4 experts for val_bal_dynahate_0000: [('kaggle_bully', 3.6603189795867186), ('dynahate_hate', 3.4777402944174165), ('jigsaw_threat', 3.1031577885391446), ('tweeteval_offense', 2.5563546749324293)]
[routing] Sample val_bal_dynahate_0001 raw_skills=['dehumanization'] mapped=['dehumanization']
[routing] weight for dynahate_hate: 0.8513513513513513
[routing] weight for tweeteval_offense: 0.6
[routing] weight for kaggle_bully: 0.8431372549019608
[routing] weight for jigsaw_threat: 0.9714285714285714
[routing] Selected 4 experts for val_bal_dynahate_0001: [('jigsaw_threat', 0.9714285714285714), ('dynahate_hate', 0.8513513513513513), ('kaggle_bully', 0.8431372549019608), ('tweeteval_offense', 0.6)]
[routing] Sample val_bal_dynahate_0002 raw_skills=['derogatory_framing', 'dehumanization', 'collective_blaming', 'stereotype_invocation', 'toxic_tone'] mapped=['derogatory_framing', 'dehumanization', 'collective_blaming', 'stereotype_invocation', 'toxic_tone']
[routing] weight for dynahate_hate: 4.036440607079993
[routing] weight for tweeteval_offense: 2.744153166763179
[routing] weight for kaggle_bully: 4.554715561513465
[routing] weight for jigsaw_threat: 4.424505549081292
[routing] Selected 4 experts for val_bal_dynahate_0002: [('kaggle_bully', 4.554715561513465), ('jigsaw_threat', 4.424505549081292), ('dynahate_hate', 4.036440607079993), ('tweeteval_offense', 2.744153166763179)]
[routing] Sample val_bal_dynahate_0003 raw_skills=['stereotype_invocation', 'implicit_hate', 'derogatory_framing', 'toxic_tone'] mapped=['stereotype_invocation', 'implicit_hate', 'derogatory_framing', 'toxic_tone']
[routing] weight for dynahate_hate: 3.4216938806581396
[routing] weight for tweeteval_offense: 1.9428819803225013
[routing] weight for kaggle_bully: 3.6083525001598917
[routing] weight for jigsaw_threat: 3.5004349038740568
[routing] Selected 3 experts for val_bal_dynahate_0003: [('kaggle_bully', 3.6083525001598917), ('jigsaw_threat', 3.5004349038740568), ('dynahate_hate', 3.4216938806581396)]
[routing] Sample val_bal_dynahate_0004 raw_skills=['stereotype_invocation', 'dehumanization', 'hostile_sentiment'] mapped=['stereotype_invocation', 'dehumanization', 'hostile_sentiment']
[routing] weight for dynahate_hate: 2.635321856549478
[routing] weight for tweeteval_offense: 1.5250270855904657
[routing] weight for kaggle_bully: 2.634572736478287
[routing] weight for jigsaw_threat: 2.670477765310341
[routing] Selected 3 experts for val_bal_dynahate_0004: [('jigsaw_threat', 2.670477765310341), ('dynahate_hate', 2.635321856549478), ('kaggle_bully', 2.634572736478287)]
[routing] Sample val_bal_dynahate_0005 raw_skills=['derogatory_framing'] mapped=['derogatory_framing']
[routing] weight for dynahate_hate: 0.8502673796791443
[routing] weight for tweeteval_offense: 0.49222797927461137
[routing] weight for kaggle_bully: 0.8801996672212978
[routing] weight for jigsaw_threat: 0.9017857142857143
[routing] Selected 3 experts for val_bal_dynahate_0005: [('jigsaw_threat', 0.9017857142857143), ('kaggle_bully', 0.8801996672212978), ('dynahate_hate', 0.8502673796791443)]
[routing] Sample val_bal_dynahate_0006 raw_skills=['stereotype_invocation', 'derogatory_framing', 'ethnicity_bullying', 'dehumanization'] mapped=['stereotype_invocation', 'derogatory_framing', 'ethnicity_bullying', 'dehumanization']
[routing] weight for dynahate_hate: 3.451151763588902
[routing] weight for tweeteval_offense: 2.071101218711231
[routing] weight for kaggle_bully: 3.676388565315747
[routing] weight for jigsaw_threat: 3.419824455205811
[routing] Selected 3 experts for val_bal_dynahate_0006: [('kaggle_bully', 3.676388565315747), ('dynahate_hate', 3.451151763588902), ('jigsaw_threat', 3.419824455205811)]
[routing] Sample val_bal_dynahate_0007 raw_skills=['derogatory_framing'] mapped=['derogatory_framing']
[routing] weight for dynahate_hate: 0.8502673796791443
[routing] weight for tweeteval_offense: 0.49222797927461137
[routing] weight for kaggle_bully: 0.8801996672212978
[routing] weight for jigsaw_threat: 0.9017857142857143
[routing] Selected 3 experts for val_bal_dynahate_0007: [('jigsaw_threat', 0.9017857142857143), ('kaggle_bully', 0.8801996672212978), ('dynahate_hate', 0.8502673796791443)]
[routing] Sample val_bal_dynahate_0008 raw_skills=['profanity_tone', 'directed_insult', 'stereotype_invocation'] mapped=['profanity_tone', 'directed_insult', 'stereotype_invocation']
[routing] weight for dynahate_hate: 2.7216062845516973
[routing] weight for tweeteval_offense: 2.021446382722441
[routing] weight for kaggle_bully: 2.766027644403784
[routing] weight for jigsaw_threat: 2.540199913081269
[routing] Selected 4 experts for val_bal_dynahate_0008: [('kaggle_bully', 2.766027644403784), ('dynahate_hate', 2.7216062845516973), ('jigsaw_threat', 2.540199913081269), ('tweeteval_offense', 2.021446382722441)]
[routing] Sample val_bal_dynahate_0009 raw_skills=['implicit_hate', 'hostile_sentiment', 'derogatory_framing'] mapped=['implicit_hate', 'hostile_sentiment', 'derogatory_framing']
[routing] weight for dynahate_hate: 2.6200610377976754
[routing] weight for tweeteval_offense: 1.3621106389877795
[routing] weight for kaggle_bully: 2.6153576991535235
[routing] weight for jigsaw_threat: 2.715989444558311
[routing] Selected 3 experts for val_bal_dynahate_0009: [('jigsaw_threat', 2.715989444558311), ('dynahate_hate', 2.6200610377976754), ('kaggle_bully', 2.6153576991535235)]
[routing] Sample val_bal_dynahate_0010 raw_skills=['profanity_tone', 'implicit_hate', 'derogatory_framing', 'personal_attack', 'directed_insult'] mapped=['profanity_tone', 'implicit_hate', 'derogatory_framing', 'personal_attack', 'directed_insult']
[routing] weight for dynahate_hate: 4.372266353575087
[routing] weight for tweeteval_offense: 3.0107687420899043
[routing] weight for kaggle_bully: 4.4735862256173435
[routing] weight for jigsaw_threat: 4.468031252866722
[routing] Selected 4 experts for val_bal_dynahate_0010: [('kaggle_bully', 4.4735862256173435), ('jigsaw_threat', 4.468031252866722), ('dynahate_hate', 4.372266353575087), ('tweeteval_offense', 3.0107687420899043)]
[routing] Sample val_bal_dynahate_0011 raw_skills=['profanity_tone', 'directed_insult', 'derogatory_framing'] mapped=['profanity_tone', 'directed_insult', 'derogatory_framing']
[routing] weight for dynahate_hate: 2.7099810811106373
[routing] weight for tweeteval_offense: 2.0348011225604328
[routing] weight for kaggle_bully: 2.6931756684325934
[routing] weight for jigsaw_threat: 2.645375457875458
[routing] Selected 4 experts for val_bal_dynahate_0011: [('dynahate_hate', 2.7099810811106373), ('kaggle_bully', 2.6931756684325934), ('jigsaw_threat', 2.645375457875458), ('tweeteval_offense', 2.0348011225604328)]
[routing] Sample val_bal_dynahate_0012 raw_skills=['directed_insult', 'profanity_tone'] mapped=['directed_insult', 'profanity_tone']
[routing] weight for dynahate_hate: 1.8597137014314928
[routing] weight for tweeteval_offense: 1.5425731432858214
[routing] weight for kaggle_bully: 1.8129760012112954
[routing] weight for jigsaw_threat: 1.7435897435897436
[routing] Selected 4 experts for val_bal_dynahate_0012: [('dynahate_hate', 1.8597137014314928), ('kaggle_bully', 1.8129760012112954), ('jigsaw_threat', 1.7435897435897436), ('tweeteval_offense', 1.5425731432858214)]
[routing] Sample val_bal_dynahate_0013 raw_skills=['profanity_tone', 'implicit_hate'] mapped=['profanity_tone', 'implicit_hate']
[routing] weight for dynahate_hate: 1.7810490693739425
[routing] weight for tweeteval_offense: 1.2221159103335155
[routing] weight for kaggle_bully: 1.7869702719797596
[routing] weight for jigsaw_threat: 1.7212885154061626
[routing] Selected 4 experts for val_bal_dynahate_0013: [('kaggle_bully', 1.7869702719797596), ('dynahate_hate', 1.7810490693739425), ('jigsaw_threat', 1.7212885154061626), ('tweeteval_offense', 1.2221159103335155)]
[routing] Sample val_bal_dynahate_0014 raw_skills=['derogatory_framing'] mapped=['derogatory_framing']
[routing] weight for dynahate_hate: 0.8502673796791443
[routing] weight for tweeteval_offense: 0.49222797927461137
[routing] weight for kaggle_bully: 0.8801996672212978
[routing] weight for jigsaw_threat: 0.9017857142857143
[routing] Selected 3 experts for val_bal_dynahate_0014: [('jigsaw_threat', 0.9017857142857143), ('kaggle_bully', 0.8801996672212978), ('dynahate_hate', 0.8502673796791443)]
[routing] Sample val_bal_dynahate_0015 raw_skills=['profanity_tone'] mapped=['profanity_tone']
[routing] weight for dynahate_hate: 0.9333333333333333
[routing] weight for tweeteval_offense: 0.7983870967741935
[routing] weight for kaggle_bully: 0.8901960784313725
[routing] weight for jigsaw_threat: 0.8095238095238095
[routing] Selected 4 experts for val_bal_dynahate_0015: [('dynahate_hate', 0.9333333333333333), ('kaggle_bully', 0.8901960784313725), ('jigsaw_threat', 0.8095238095238095), ('tweeteval_offense', 0.7983870967741935)]
[routing] Sample val_bal_dynahate_0016 raw_skills=['profanity_tone'] mapped=['profanity_tone']
[routing] weight for dynahate_hate: 0.9333333333333333
[routing] weight for tweeteval_offense: 0.7983870967741935
[routing] weight for kaggle_bully: 0.8901960784313725
[routing] weight for jigsaw_threat: 0.8095238095238095
[routing] Selected 4 experts for val_bal_dynahate_0016: [('dynahate_hate', 0.9333333333333333), ('kaggle_bully', 0.8901960784313725), ('jigsaw_threat', 0.8095238095238095), ('tweeteval_offense', 0.7983870967741935)]
[routing] Sample val_bal_dynahate_0017 raw_skills=['stereotype_invocation', 'derogatory_framing', 'appearance_bullying'] mapped=['stereotype_invocation', 'derogatory_framing', 'appearance_bullying']
[routing] weight for dynahate_hate: 2.590947841587228
[routing] weight for tweeteval_offense: 1.8420689606467149
[routing] weight for kaggle_bully: 2.7129505585340867
[routing] weight for jigsaw_threat: 2.6031577885391446
[routing] Selected 4 experts for val_bal_dynahate_0017: [('kaggle_bully', 2.7129505585340867), ('jigsaw_threat', 2.6031577885391446), ('dynahate_hate', 2.590947841587228), ('tweeteval_offense', 1.8420689606467149)]
[routing] Sample val_bal_dynahate_0018 raw_skills=['stereotype_invocation', 'profanity_tone'] mapped=['stereotype_invocation', 'profanity_tone']
[routing] weight for dynahate_hate: 1.7952259164535378
[routing] weight for tweeteval_offense: 1.2772603362108133
[routing] weight for kaggle_bully: 1.8432477216238607
[routing] weight for jigsaw_threat: 1.6061339790153348
[routing] Selected 4 experts for val_bal_dynahate_0018: [('kaggle_bully', 1.8432477216238607), ('dynahate_hate', 1.7952259164535378), ('jigsaw_threat', 1.6061339790153348), ('tweeteval_offense', 1.2772603362108133)]
[routing] Sample val_bal_dynahate_0019 raw_skills=['profanity_tone', 'derogatory_framing'] mapped=['profanity_tone', 'derogatory_framing']
[routing] weight for dynahate_hate: 1.7836007130124778
[routing] weight for tweeteval_offense: 1.2906150760488049
[routing] weight for kaggle_bully: 1.7703957456526704
[routing] weight for jigsaw_threat: 1.7113095238095237
[routing] Selected 4 experts for val_bal_dynahate_0019: [('dynahate_hate', 1.7836007130124778), ('kaggle_bully', 1.7703957456526704), ('jigsaw_threat', 1.7113095238095237), ('tweeteval_offense', 1.2906150760488049)]
[routing] Sample val_bal_dynahate_0020 raw_skills=['stereotype_invocation', 'derogatory_framing'] mapped=['stereotype_invocation', 'derogatory_framing']
[routing] weight for dynahate_hate: 1.712159962799349
[routing] weight for tweeteval_offense: 0.9711012187112311
[routing] weight for kaggle_bully: 1.833251310413786
[routing] weight for jigsaw_threat: 1.6983958837772397
[routing] Selected 3 experts for val_bal_dynahate_0020: [('kaggle_bully', 1.833251310413786), ('dynahate_hate', 1.712159962799349), ('jigsaw_threat', 1.6983958837772397)]
[routing] Sample val_bal_dynahate_0021 raw_skills=['directed_insult', 'derogatory_framing', 'personal_attack'] mapped=['directed_insult', 'derogatory_framing', 'personal_attack']
[routing] weight for dynahate_hate: 2.5912172842011447
[routing] weight for tweeteval_offense: 1.7886528317563886
[routing] weight for kaggle_bully: 2.686615953637584
[routing] weight for jigsaw_threat: 2.746742737460559
[routing] Selected 4 experts for val_bal_dynahate_0021: [('jigsaw_threat', 2.746742737460559), ('kaggle_bully', 2.686615953637584), ('dynahate_hate', 2.5912172842011447), ('tweeteval_offense', 1.7886528317563886)]
[routing] Sample val_bal_dynahate_0022 raw_skills=['stereotype_invocation', 'derogatory_framing', 'hostile_sentiment', 'ethnicity_bullying'] mapped=['stereotype_invocation', 'derogatory_framing', 'hostile_sentiment', 'ethnicity_bullying']
[routing] weight for dynahate_hate: 3.521878334315473
[routing] weight for tweeteval_offense: 1.9172550648650772
[routing] weight for kaggle_bully: 3.671635148797624
[routing] weight for jigsaw_threat: 3.3508349081674837
[routing] Selected 3 experts for val_bal_dynahate_0022: [('kaggle_bully', 3.671635148797624), ('dynahate_hate', 3.521878334315473), ('jigsaw_threat', 3.3508349081674837)]
[routing] Sample val_bal_dynahate_0023 raw_skills=['appearance_bullying'] mapped=['appearance_bullying']
[routing] weight for dynahate_hate: 0.8787878787878788
[routing] weight for tweeteval_offense: 0.8709677419354839
[routing] weight for kaggle_bully: 0.8796992481203008
[routing] weight for jigsaw_threat: 0.9047619047619048
[routing] Selected 4 experts for val_bal_dynahate_0023: [('jigsaw_threat', 0.9047619047619048), ('kaggle_bully', 0.8796992481203008), ('dynahate_hate', 0.8787878787878788), ('tweeteval_offense', 0.8709677419354839)]
[routing] Sample val_bal_dynahate_0024 raw_skills=['stereotype_invocation', 'derogatory_framing', 'toxic_tone'] mapped=['stereotype_invocation', 'derogatory_framing', 'toxic_tone']
[routing] weight for dynahate_hate: 2.5739781446175307
[routing] weight for tweeteval_offense: 1.519153166763179
[routing] weight for kaggle_bully: 2.7115783066115045
[routing] weight for jigsaw_threat: 2.5886701979917035
[routing] Selected 3 experts for val_bal_dynahate_0024: [('kaggle_bully', 2.7115783066115045), ('jigsaw_threat', 2.5886701979917035), ('dynahate_hate', 2.5739781446175307)]
[routing] Sample val_bal_dynahate_0025 raw_skills=['profanity_tone', 'directed_insult'] mapped=['profanity_tone', 'directed_insult']
[routing] weight for dynahate_hate: 1.8597137014314928
[routing] weight for tweeteval_offense: 1.5425731432858214
[routing] weight for kaggle_bully: 1.8129760012112954
[routing] weight for jigsaw_threat: 1.7435897435897436
[routing] Selected 4 experts for val_bal_dynahate_0025: [('dynahate_hate', 1.8597137014314928), ('kaggle_bully', 1.8129760012112954), ('jigsaw_threat', 1.7435897435897436), ('tweeteval_offense', 1.5425731432858214)]
[routing] Sample val_bal_dynahate_0026 raw_skills=['stereotype_invocation', 'derogatory_framing', 'toxic_tone', 'explicit_threat'] mapped=['stereotype_invocation', 'derogatory_framing', 'toxic_tone', 'explicit_threat']
[routing] weight for dynahate_hate: 3.4449458865530147
[routing] weight for tweeteval_offense: 2.1024865000965125
[routing] weight for kaggle_bully: 3.6755422705754683
[routing] weight for jigsaw_threat: 3.5009508997460896
[routing] Selected 3 experts for val_bal_dynahate_0026: [('kaggle_bully', 3.6755422705754683), ('jigsaw_threat', 3.5009508997460896), ('dynahate_hate', 3.4449458865530147)]
[routing] Sample val_bal_dynahate_0027 raw_skills=['ethnicity_bullying'] mapped=['ethnicity_bullying']
[routing] weight for dynahate_hate: 0.8876404494382022
[routing] weight for tweeteval_offense: 0.5
[routing] weight for kaggle_bully: 1.0
[routing] weight for jigsaw_threat: 0.75
[routing] Selected 3 experts for val_bal_dynahate_0027: [('kaggle_bully', 1.0), ('dynahate_hate', 0.8876404494382022), ('jigsaw_threat', 0.75)]
[routing] Sample val_bal_dynahate_0028 raw_skills=['stereotype_invocation', 'derogatory_framing', 'toxic_tone', 'explicit_threat'] mapped=['stereotype_invocation', 'derogatory_framing', 'toxic_tone', 'explicit_threat']
[routing] weight for dynahate_hate: 3.4449458865530147
[routing] weight for tweeteval_offense: 2.1024865000965125
[routing] weight for kaggle_bully: 3.6755422705754683
[routing] weight for jigsaw_threat: 3.5009508997460896
[routing] Selected 3 experts for val_bal_dynahate_0028: [('kaggle_bully', 3.6755422705754683), ('jigsaw_threat', 3.5009508997460896), ('dynahate_hate', 3.4449458865530147)]
[routing] Sample val_bal_dynahate_0029 raw_skills=['profanity_tone'] mapped=['profanity_tone']
[routing] weight for dynahate_hate: 0.9333333333333333
[routing] weight for tweeteval_offense: 0.7983870967741935
[routing] weight for kaggle_bully: 0.8901960784313725
[routing] weight for jigsaw_threat: 0.8095238095238095
[routing] Selected 4 experts for val_bal_dynahate_0029: [('dynahate_hate', 0.9333333333333333), ('kaggle_bully', 0.8901960784313725), ('jigsaw_threat', 0.8095238095238095), ('tweeteval_offense', 0.7983870967741935)]
[routing] Sample val_bal_dynahate_0030 raw_skills=['derogatory_framing', 'implicit_hate', 'stereotype_invocation'] mapped=['derogatory_framing', 'implicit_hate', 'stereotype_invocation']
[routing] weight for dynahate_hate: 2.5598756988399582
[routing] weight for tweeteval_offense: 1.3948300322705531
[routing] weight for kaggle_bully: 2.730025503962173
[routing] weight for jigsaw_threat: 2.6101605896595927
[routing] Selected 3 experts for val_bal_dynahate_0030: [('kaggle_bully', 2.730025503962173), ('jigsaw_threat', 2.6101605896595927), ('dynahate_hate', 2.5598756988399582)]
[routing] Sample val_bal_dynahate_0031 raw_skills=['stereotype_invocation', 'derogatory_framing', 'toxic_tone'] mapped=['stereotype_invocation', 'derogatory_framing', 'toxic_tone']
[routing] weight for dynahate_hate: 2.5739781446175307
[routing] weight for tweeteval_offense: 1.519153166763179
[routing] weight for kaggle_bully: 2.7115783066115045
[routing] weight for jigsaw_threat: 2.5886701979917035
[routing] Selected 3 experts for val_bal_dynahate_0031: [('kaggle_bully', 2.7115783066115045), ('jigsaw_threat', 2.5886701979917035), ('dynahate_hate', 2.5739781446175307)]
[routing] Sample val_bal_dynahate_0032 raw_skills=['stereotype_invocation', 'derogatory_framing'] mapped=['stereotype_invocation', 'derogatory_framing']
[routing] weight for dynahate_hate: 1.712159962799349
[routing] weight for tweeteval_offense: 0.9711012187112311
[routing] weight for kaggle_bully: 1.833251310413786
[routing] weight for jigsaw_threat: 1.6983958837772397
[routing] Selected 3 experts for val_bal_dynahate_0032: [('kaggle_bully', 1.833251310413786), ('dynahate_hate', 1.712159962799349), ('jigsaw_threat', 1.6983958837772397)]
[routing] Sample val_bal_dynahate_0033 raw_skills=['patronizing_tone', 'implicit_hate'] mapped=['patronizing_tone', 'implicit_hate']
[routing] weight for dynahate_hate: 1.8477157360406091
[routing] weight for tweeteval_offense: 1.0903954802259888
[routing] weight for kaggle_bully: 1.896774193548387
[routing] weight for jigsaw_threat: 1.820855614973262
[routing] Selected 3 experts for val_bal_dynahate_0033: [('kaggle_bully', 1.896774193548387), ('dynahate_hate', 1.8477157360406091), ('jigsaw_threat', 1.820855614973262)]
[routing] Sample val_bal_dynahate_0034 raw_skills=['profanity_tone', 'directed_insult'] mapped=['profanity_tone', 'directed_insult']
[routing] weight for dynahate_hate: 1.8597137014314928
[routing] weight for tweeteval_offense: 1.5425731432858214
[routing] weight for kaggle_bully: 1.8129760012112954
[routing] weight for jigsaw_threat: 1.7435897435897436
[routing] Selected 4 experts for val_bal_dynahate_0034: [('dynahate_hate', 1.8597137014314928), ('kaggle_bully', 1.8129760012112954), ('jigsaw_threat', 1.7435897435897436), ('tweeteval_offense', 1.5425731432858214)]
[routing] Sample val_bal_dynahate_0035 raw_skills=['gender_bullying', 'dehumanization', 'stereotype_invocation', 'derogatory_framing', 'toxic_tone'] mapped=['gender_bullying', 'dehumanization', 'stereotype_invocation', 'derogatory_framing', 'toxic_tone']
[routing] weight for dynahate_hate: 4.312121948799071
[routing] weight for tweeteval_offense: 2.8334388810488935
[routing] weight for kaggle_bully: 4.502083982566097
[routing] weight for jigsaw_threat: 4.060098769420275
[routing] Selected 4 experts for val_bal_dynahate_0035: [('kaggle_bully', 4.502083982566097), ('dynahate_hate', 4.312121948799071), ('jigsaw_threat', 4.060098769420275), ('tweeteval_offense', 2.8334388810488935)]
[routing] Sample val_bal_dynahate_0036 raw_skills=['derogatory_framing', 'implicit_hate', 'toxic_tone', 'stereotype_invocation'] mapped=['derogatory_framing', 'implicit_hate', 'toxic_tone', 'stereotype_invocation']
[routing] weight for dynahate_hate: 3.42169388065814
[routing] weight for tweeteval_offense: 1.942881980322501
[routing] weight for kaggle_bully: 3.6083525001598913
[routing] weight for jigsaw_threat: 3.5004349038740563
[routing] Selected 3 experts for val_bal_dynahate_0036: [('kaggle_bully', 3.6083525001598913), ('jigsaw_threat', 3.5004349038740563), ('dynahate_hate', 3.42169388065814)]
[routing] Sample val_bal_dynahate_0037 raw_skills=['derogatory_framing', 'toxic_tone', 'sarcastic_insult'] mapped=['derogatory_framing', 'toxic_tone', 'sarcastic_insult']
[routing] weight for dynahate_hate: 2.5454188948306595
[routing] weight for tweeteval_offense: 1.6924538403700378
[routing] weight for kaggle_bully: 2.6474155523079053
[routing] weight for jigsaw_threat: 2.7104273754389534
[routing] Selected 4 experts for val_bal_dynahate_0037: [('jigsaw_threat', 2.7104273754389534), ('kaggle_bully', 2.6474155523079053), ('dynahate_hate', 2.5454188948306595), ('tweeteval_offense', 1.6924538403700378)]
[routing] Sample val_bal_dynahate_0038 raw_skills=['ethnicity_bullying', 'explicit_threat', 'stereotype_invocation'] mapped=['ethnicity_bullying', 'explicit_threat', 'stereotype_invocation']
[routing] weight for dynahate_hate: 2.6205007744938906
[routing] weight for tweeteval_offense: 1.5622065727699532
[routing] weight for kaggle_bully: 2.9170156071564524
[routing] weight for jigsaw_threat: 2.458890871245911
[routing] Selected 3 experts for val_bal_dynahate_0038: [('kaggle_bully', 2.9170156071564524), ('dynahate_hate', 2.6205007744938906), ('jigsaw_threat', 2.458890871245911)]
[routing] Sample val_bal_dynahate_0039 raw_skills=['dehumanization', 'derogatory_framing', 'hostile_sentiment', 'toxic_tone'] mapped=['dehumanization', 'derogatory_framing', 'hostile_sentiment', 'toxic_tone']
[routing] weight for dynahate_hate: 3.4855148349265996
[routing] weight for tweeteval_offense: 2.0864337734804055
[routing] weight for kaggle_bully: 3.4400477567048156
[routing] weight for jigsaw_threat: 3.6659276243189938
[routing] Selected 3 experts for val_bal_dynahate_0039: [('jigsaw_threat', 3.6659276243189938), ('dynahate_hate', 3.4855148349265996), ('kaggle_bully', 3.4400477567048156)]
[routing] Sample val_bal_dynahate_0040 raw_skills=['explicit_threat', 'implicit_hate', 'derogatory_framing', 'directed_insult'] mapped=['explicit_threat', 'implicit_hate', 'derogatory_framing', 'directed_insult']
[routing] weight for dynahate_hate: 3.4953312257533966
[routing] weight for tweeteval_offense: 2.2434761726788945
[routing] weight for kaggle_bully: 3.663717747513572
[routing] weight for jigsaw_threat: 3.659897055988387
[routing] Selected 4 experts for val_bal_dynahate_0040: [('kaggle_bully', 3.663717747513572), ('jigsaw_threat', 3.659897055988387), ('dynahate_hate', 3.4953312257533966), ('tweeteval_offense', 2.2434761726788945)]
[routing] Sample val_bal_dynahate_0041 raw_skills=['derogatory_framing', 'explicit_threat', 'identity_targeting'] mapped=['derogatory_framing', 'explicit_threat', 'identity_targeting']
[routing] weight for dynahate_hate: 2.721235121614628
[routing] weight for tweeteval_offense: 1.2755613126079448
[routing] weight for kaggle_bully: 1.8441636311852618
[routing] weight for jigsaw_threat: 2.3140664160401
[routing] Selected 3 experts for val_bal_dynahate_0041: [('dynahate_hate', 2.721235121614628), ('jigsaw_threat', 2.3140664160401), ('kaggle_bully', 1.8441636311852618)]
[routing] Sample val_bal_dynahate_0042 raw_skills=['stereotype_invocation', 'derogatory_framing'] mapped=['stereotype_invocation', 'derogatory_framing']
[routing] weight for dynahate_hate: 1.712159962799349
[routing] weight for tweeteval_offense: 0.9711012187112311
[routing] weight for kaggle_bully: 1.833251310413786
[routing] weight for jigsaw_threat: 1.6983958837772397
[routing] Selected 3 experts for val_bal_dynahate_0042: [('kaggle_bully', 1.833251310413786), ('dynahate_hate', 1.712159962799349), ('jigsaw_threat', 1.6983958837772397)]
[routing] Sample val_bal_dynahate_0043 raw_skills=['derogatory_framing', 'ethnicity_bullying', 'explicit_threat'] mapped=['derogatory_framing', 'ethnicity_bullying', 'explicit_threat']
[routing] weight for dynahate_hate: 2.6088755710528306
[routing] weight for tweeteval_offense: 1.5755613126079449
[routing] weight for kaggle_bully: 2.844163631185262
[routing] weight for jigsaw_threat: 2.5640664160401005
[routing] Selected 3 experts for val_bal_dynahate_0043: [('kaggle_bully', 2.844163631185262), ('dynahate_hate', 2.6088755710528306), ('jigsaw_threat', 2.5640664160401005)]
[routing] Sample val_bal_dynahate_0044 raw_skills=['stereotype_invocation', 'derogatory_framing'] mapped=['stereotype_invocation', 'derogatory_framing']
[routing] weight for dynahate_hate: 1.712159962799349
[routing] weight for tweeteval_offense: 0.9711012187112311
[routing] weight for kaggle_bully: 1.833251310413786
[routing] weight for jigsaw_threat: 1.6983958837772397
[routing] Selected 3 experts for val_bal_dynahate_0044: [('kaggle_bully', 1.833251310413786), ('dynahate_hate', 1.712159962799349), ('jigsaw_threat', 1.6983958837772397)]
[routing] Sample val_bal_dynahate_0045 raw_skills=[] mapped=[]
[routing] weight for dynahate_hate: 1.0
[routing] weight for tweeteval_offense: 1.0
[routing] weight for kaggle_bully: 1.0
[routing] weight for jigsaw_threat: 1.0
[routing] Selected 4 experts for val_bal_dynahate_0045: [('dynahate_hate', 1.0), ('tweeteval_offense', 1.0), ('kaggle_bully', 1.0), ('jigsaw_threat', 1.0)]
[routing] Sample val_bal_dynahate_0046 raw_skills=['derogatory_framing', 'hostile_sentiment', 'implicit_hate'] mapped=['derogatory_framing', 'hostile_sentiment', 'implicit_hate']
[routing] weight for dynahate_hate: 2.620061037797676
[routing] weight for tweeteval_offense: 1.3621106389877795
[routing] weight for kaggle_bully: 2.615357699153523
[routing] weight for jigsaw_threat: 2.715989444558311
[routing] Selected 3 experts for val_bal_dynahate_0046: [('jigsaw_threat', 2.715989444558311), ('dynahate_hate', 2.620061037797676), ('kaggle_bully', 2.615357699153523)]
[routing] Sample val_bal_dynahate_0047 raw_skills=['profanity_tone'] mapped=['profanity_tone']
[routing] weight for dynahate_hate: 0.9333333333333333
[routing] weight for tweeteval_offense: 0.7983870967741935
[routing] weight for kaggle_bully: 0.8901960784313725
[routing] weight for jigsaw_threat: 0.8095238095238095
[routing] Selected 4 experts for val_bal_dynahate_0047: [('dynahate_hate', 0.9333333333333333), ('kaggle_bully', 0.8901960784313725), ('jigsaw_threat', 0.8095238095238095), ('tweeteval_offense', 0.7983870967741935)]
[routing] Sample val_bal_dynahate_0048 raw_skills=[] mapped=[]
[routing] weight for dynahate_hate: 1.0
[routing] weight for tweeteval_offense: 1.0
[routing] weight for kaggle_bully: 1.0
[routing] weight for jigsaw_threat: 1.0
[routing] Selected 4 experts for val_bal_dynahate_0048: [('dynahate_hate', 1.0), ('tweeteval_offense', 1.0), ('kaggle_bully', 1.0), ('jigsaw_threat', 1.0)]
[routing] Sample val_bal_dynahate_0049 raw_skills=['stereotype_invocation', 'derogatory_framing'] mapped=['stereotype_invocation', 'derogatory_framing']
[routing] weight for dynahate_hate: 1.712159962799349
[routing] weight for tweeteval_offense: 0.9711012187112311
[routing] weight for kaggle_bully: 1.833251310413786
[routing] weight for jigsaw_threat: 1.6983958837772397
[routing] Selected 3 experts for val_bal_dynahate_0049: [('kaggle_bully', 1.833251310413786), ('dynahate_hate', 1.712159962799349), ('jigsaw_threat', 1.6983958837772397)]
[routing] Sample val_bal_dynahate_0050 raw_skills=['derogatory_framing', 'implicit_hate', 'collective_blaming'] mapped=['derogatory_framing', 'implicit_hate', 'collective_blaming']
[routing] weight for dynahate_hate: 2.3090942268308647
[routing] weight for tweeteval_offense: 1.5409567928339334
[routing] weight for kaggle_bully: 2.7769738607696848
[routing] weight for jigsaw_threat: 2.677957199829084
[routing] Selected 3 experts for val_bal_dynahate_0050: [('kaggle_bully', 2.7769738607696848), ('jigsaw_threat', 2.677957199829084), ('dynahate_hate', 2.3090942268308647)]
[routing] Sample val_bal_dynahate_0051 raw_skills=[] mapped=[]
[routing] weight for dynahate_hate: 1.0
[routing] weight for tweeteval_offense: 1.0
[routing] weight for kaggle_bully: 1.0
[routing] weight for jigsaw_threat: 1.0
[routing] Selected 4 experts for val_bal_dynahate_0051: [('dynahate_hate', 1.0), ('tweeteval_offense', 1.0), ('kaggle_bully', 1.0), ('jigsaw_threat', 1.0)]
[routing] Sample val_bal_dynahate_0052 raw_skills=['stereotype_invocation', 'derogatory_framing', 'dehumanization'] mapped=['stereotype_invocation', 'derogatory_framing', 'dehumanization']
[routing] weight for dynahate_hate: 2.5635113141507
[routing] weight for tweeteval_offense: 1.571101218711231
[routing] weight for kaggle_bully: 2.676388565315747
[routing] weight for jigsaw_threat: 2.669824455205811
[routing] Selected 3 experts for val_bal_dynahate_0052: [('kaggle_bully', 2.676388565315747), ('jigsaw_threat', 2.669824455205811), ('dynahate_hate', 2.5635113141507)]
[routing] Sample val_bal_dynahate_0053 raw_skills=[] mapped=[]
[routing] weight for dynahate_hate: 1.0
[routing] weight for tweeteval_offense: 1.0
[routing] weight for kaggle_bully: 1.0
[routing] weight for jigsaw_threat: 1.0
[routing] Selected 4 experts for val_bal_dynahate_0053: [('dynahate_hate', 1.0), ('tweeteval_offense', 1.0), ('kaggle_bully', 1.0), ('jigsaw_threat', 1.0)]
[routing] Sample val_bal_dynahate_0054 raw_skills=['stereotype_invocation', 'derogatory_framing', 'toxic_tone'] mapped=['stereotype_invocation', 'derogatory_framing', 'toxic_tone']
[routing] weight for dynahate_hate: 2.5739781446175307
[routing] weight for tweeteval_offense: 1.519153166763179
[routing] weight for kaggle_bully: 2.7115783066115045
[routing] weight for jigsaw_threat: 2.5886701979917035
[routing] Selected 3 experts for val_bal_dynahate_0054: [('kaggle_bully', 2.7115783066115045), ('jigsaw_threat', 2.5886701979917035), ('dynahate_hate', 2.5739781446175307)]
[routing] Sample val_bal_dynahate_0055 raw_skills=['derogatory_framing', 'appearance_bullying', 'personal_attack'] mapped=['derogatory_framing', 'appearance_bullying', 'personal_attack']
[routing] weight for dynahate_hate: 2.543624794890864
[routing] weight for tweeteval_offense: 1.9154345271802447
[routing] weight for kaggle_bully: 2.6435352789779625
[routing] weight for jigsaw_threat: 2.71743870815653
[routing] Selected 4 experts for val_bal_dynahate_0055: [('jigsaw_threat', 2.71743870815653), ('kaggle_bully', 2.6435352789779625), ('dynahate_hate', 2.543624794890864), ('tweeteval_offense', 1.9154345271802447)]
[routing] Sample val_bal_dynahate_0056 raw_skills=['explicit_threat', 'profanity_tone', 'derogatory_framing', 'implicit_hate'] mapped=['explicit_threat', 'profanity_tone', 'derogatory_framing', 'implicit_hate']
[routing] weight for dynahate_hate: 3.5022841909885702
[routing] weight for tweeteval_offense: 2.29767722294146
[routing] weight for kaggle_bully: 3.631133903165021
[routing] weight for jigsaw_threat: 3.5353549314462627
[routing] Selected 4 experts for val_bal_dynahate_0056: [('kaggle_bully', 3.631133903165021), ('jigsaw_threat', 3.5353549314462627), ('dynahate_hate', 3.5022841909885702), ('tweeteval_offense', 2.29767722294146)]
[routing] Sample val_bal_dynahate_0057 raw_skills=['derogatory_framing', 'gender_bullying'] mapped=['derogatory_framing', 'gender_bullying']
[routing] weight for dynahate_hate: 1.737059832509333
[routing] weight for tweeteval_offense: 1.2065136935603258
[routing] weight for kaggle_bully: 1.8275680882739294
[routing] weight for jigsaw_threat: 1.4017857142857144
[routing] Selected 4 experts for val_bal_dynahate_0057: [('kaggle_bully', 1.8275680882739294), ('dynahate_hate', 1.737059832509333), ('jigsaw_threat', 1.4017857142857144), ('tweeteval_offense', 1.2065136935603258)]
[routing] Sample val_bal_dynahate_0058 raw_skills=['dehumanization', 'stereotype_invocation', 'hostile_sentiment', 'derogatory_framing'] mapped=['dehumanization', 'stereotype_invocation', 'hostile_sentiment', 'derogatory_framing']
[routing] weight for dynahate_hate: 3.485589236228622
[routing] weight for tweeteval_offense: 2.0172550648650773
[routing] weight for kaggle_bully: 3.514772403699585
[routing] weight for jigsaw_threat: 3.5722634795960553
[routing] Selected 3 experts for val_bal_dynahate_0058: [('jigsaw_threat', 3.5722634795960553), ('kaggle_bully', 3.514772403699585), ('dynahate_hate', 3.485589236228622)]
[routing] Sample val_bal_dynahate_0059 raw_skills=[] mapped=[]
[routing] weight for dynahate_hate: 1.0
[routing] weight for tweeteval_offense: 1.0
[routing] weight for kaggle_bully: 1.0
[routing] weight for jigsaw_threat: 1.0
[routing] Selected 4 experts for val_bal_dynahate_0059: [('dynahate_hate', 1.0), ('tweeteval_offense', 1.0), ('kaggle_bully', 1.0), ('jigsaw_threat', 1.0)]
[routing] Sample val_bal_dynahate_0060 raw_skills=['dehumanization', 'implicit_hate', 'explicit_threat', 'derogatory_framing'] mapped=['dehumanization', 'implicit_hate', 'explicit_threat', 'derogatory_framing']
[routing] weight for dynahate_hate: 3.4203022090065884
[routing] weight for tweeteval_offense: 2.0992901261672667
[routing] weight for kaggle_bully: 3.5840750796356096
[routing] weight for jigsaw_threat: 3.6972596933510244
[routing] Selected 3 experts for val_bal_dynahate_0060: [('jigsaw_threat', 3.6972596933510244), ('kaggle_bully', 3.5840750796356096), ('dynahate_hate', 3.4203022090065884)]
[routing] Sample val_bal_dynahate_0061 raw_skills=['derogatory_framing', 'dehumanization'] mapped=['derogatory_framing', 'dehumanization']
[routing] weight for dynahate_hate: 1.7016187310304955
[routing] weight for tweeteval_offense: 1.0922279792746115
[routing] weight for kaggle_bully: 1.7233369221232586
[routing] weight for jigsaw_threat: 1.8732142857142857
[routing] Selected 3 experts for val_bal_dynahate_0061: [('jigsaw_threat', 1.8732142857142857), ('kaggle_bully', 1.7233369221232586), ('dynahate_hate', 1.7016187310304955)]
[routing] Sample val_bal_dynahate_0062 raw_skills=['ethnicity_bullying', 'derogatory_framing'] mapped=['ethnicity_bullying', 'derogatory_framing']
[routing] weight for dynahate_hate: 1.7379078291173466
[routing] weight for tweeteval_offense: 0.9922279792746114
[routing] weight for kaggle_bully: 1.880199667221298
[routing] weight for jigsaw_threat: 1.6517857142857144
[routing] Selected 3 experts for val_bal_dynahate_0062: [('kaggle_bully', 1.880199667221298), ('dynahate_hate', 1.7379078291173466), ('jigsaw_threat', 1.6517857142857144)]
[routing] Sample val_bal_dynahate_0063 raw_skills=['stereotype_invocation', 'derogatory_framing'] mapped=['stereotype_invocation', 'derogatory_framing']
[routing] weight for dynahate_hate: 1.712159962799349
[routing] weight for tweeteval_offense: 0.9711012187112311
[routing] weight for kaggle_bully: 1.833251310413786
[routing] weight for jigsaw_threat: 1.6983958837772397
[routing] Selected 3 experts for val_bal_dynahate_0063: [('kaggle_bully', 1.833251310413786), ('dynahate_hate', 1.712159962799349), ('jigsaw_threat', 1.6983958837772397)]
[routing] Sample val_bal_dynahate_0064 raw_skills=['directed_insult', 'sarcastic_insult', 'profanity_tone', 'derogatory_framing'] mapped=['directed_insult', 'sarcastic_insult', 'profanity_tone', 'derogatory_framing']
[routing] weight for dynahate_hate: 3.5433144144439708
[routing] weight for tweeteval_offense: 2.6869750356039113
[routing] weight for kaggle_bully: 3.582064557321482
[routing] weight for jigsaw_threat: 3.5637428048142334
[routing] Selected 4 experts for val_bal_dynahate_0064: [('kaggle_bully', 3.582064557321482), ('jigsaw_threat', 3.5637428048142334), ('dynahate_hate', 3.5433144144439708), ('tweeteval_offense', 2.6869750356039113)]
[routing] Sample val_bal_dynahate_0065 raw_skills=['implicit_hate', 'toxic_tone', 'derogatory_framing'] mapped=['implicit_hate', 'toxic_tone', 'derogatory_framing']
[routing] weight for dynahate_hate: 2.5598012975379354
[routing] weight for tweeteval_offense: 1.4640087408858813
[routing] weight for kaggle_bully: 2.6553008569674037
[routing] weight for jigsaw_threat: 2.7038247343825312
[routing] Selected 3 experts for val_bal_dynahate_0065: [('jigsaw_threat', 2.7038247343825312), ('kaggle_bully', 2.6553008569674037), ('dynahate_hate', 2.5598012975379354)]
[routing] Sample val2_jigsaw_threat_0323 raw_skills=['directed_insult', 'personal_attack', 'explicit_threat'] mapped=['directed_insult', 'personal_attack', 'explicit_threat']
[routing] weight for dynahate_hate: 2.6119176464574845
[routing] weight for tweeteval_offense: 1.8797581858151107
[routing] weight for kaggle_bully: 2.7703802503802506
[routing] weight for jigsaw_threat: 2.7572377249292312
[routing] Selected 4 experts for val2_jigsaw_threat_0323: [('kaggle_bully', 2.7703802503802506), ('jigsaw_threat', 2.7572377249292312), ('dynahate_hate', 2.6119176464574845), ('tweeteval_offense', 1.8797581858151107)]
[routing] Sample val2_jigsaw_threat_0324 raw_skills=[] mapped=[]
[routing] weight for dynahate_hate: 1.0
[routing] weight for tweeteval_offense: 1.0
[routing] weight for kaggle_bully: 1.0
[routing] weight for jigsaw_threat: 1.0
[routing] Selected 4 experts for val2_jigsaw_threat_0324: [('dynahate_hate', 1.0), ('tweeteval_offense', 1.0), ('kaggle_bully', 1.0), ('jigsaw_threat', 1.0)]
[routing] Sample val2_jigsaw_threat_0325 raw_skills=['derogatory_framing'] mapped=['derogatory_framing']
[routing] weight for dynahate_hate: 0.8502673796791443
[routing] weight for tweeteval_offense: 0.49222797927461137
[routing] weight for kaggle_bully: 0.8801996672212978
[routing] weight for jigsaw_threat: 0.9017857142857143
[routing] Selected 3 experts for val2_jigsaw_threat_0325: [('jigsaw_threat', 0.9017857142857143), ('kaggle_bully', 0.8801996672212978), ('dynahate_hate', 0.8502673796791443)]
[routing] Sample val2_jigsaw_threat_0326 raw_skills=['toxic_tone'] mapped=['toxic_tone']
[routing] weight for dynahate_hate: 0.8618181818181818
[routing] weight for tweeteval_offense: 0.548051948051948
[routing] weight for kaggle_bully: 0.8783269961977186
[routing] weight for jigsaw_threat: 0.8902743142144638
[routing] Selected 4 experts for val2_jigsaw_threat_0326: [('jigsaw_threat', 0.8902743142144638), ('kaggle_bully', 0.8783269961977186), ('dynahate_hate', 0.8618181818181818), ('tweeteval_offense', 0.548051948051948)]
[routing] Sample val2_jigsaw_threat_0327 raw_skills=['hostile_sentiment', 'power_imbalance_cue', 'derogatory_framing'] mapped=['hostile_sentiment', 'power_imbalance_cue', 'derogatory_framing']
[routing] weight for dynahate_hate: 2.6473453017570665
[routing] weight for tweeteval_offense: 1.0240961111427431
[routing] weight for kaggle_bully: 2.585250172271803
[routing] weight for jigsaw_threat: 2.704224738675958
[routing] Selected 3 experts for val2_jigsaw_threat_0327: [('jigsaw_threat', 2.704224738675958), ('dynahate_hate', 2.6473453017570665), ('kaggle_bully', 2.585250172271803)]
[routing] Sample val2_jigsaw_threat_0328 raw_skills=['derogatory_framing'] mapped=['derogatory_framing']
[routing] weight for dynahate_hate: 0.8502673796791443
[routing] weight for tweeteval_offense: 0.49222797927461137
[routing] weight for kaggle_bully: 0.8801996672212978
[routing] weight for jigsaw_threat: 0.9017857142857143
[routing] Selected 3 experts for val2_jigsaw_threat_0328: [('jigsaw_threat', 0.9017857142857143), ('kaggle_bully', 0.8801996672212978), ('dynahate_hate', 0.8502673796791443)]
[routing] Sample val2_jigsaw_threat_0329 raw_skills=['explicit_threat'] mapped=['explicit_threat']
[routing] weight for dynahate_hate: 0.8709677419354839
[routing] weight for tweeteval_offense: 0.5833333333333334
[routing] weight for kaggle_bully: 0.963963963963964
[routing] weight for jigsaw_threat: 0.9122807017543859
[routing] Selected 4 experts for val2_jigsaw_threat_0329: [('kaggle_bully', 0.963963963963964), ('jigsaw_threat', 0.9122807017543859), ('dynahate_hate', 0.8709677419354839), ('tweeteval_offense', 0.5833333333333334)]
[routing] Sample val2_jigsaw_threat_0330 raw_skills=['derogatory_framing', 'toxic_tone'] mapped=['derogatory_framing', 'toxic_tone']
[routing] weight for dynahate_hate: 1.712085561497326
[routing] weight for tweeteval_offense: 1.0402799273265595
[routing] weight for kaggle_bully: 1.7585266634190164
[routing] weight for jigsaw_threat: 1.792060028500178
[routing] Selected 3 experts for val2_jigsaw_threat_0330: [('jigsaw_threat', 1.792060028500178), ('kaggle_bully', 1.7585266634190164), ('dynahate_hate', 1.712085561497326)]
[routing] Sample val2_jigsaw_threat_0331 raw_skills=[] mapped=[]
[routing] weight for dynahate_hate: 1.0
[routing] weight for tweeteval_offense: 1.0
[routing] weight for kaggle_bully: 1.0
[routing] weight for jigsaw_threat: 1.0
[routing] Selected 4 experts for val2_jigsaw_threat_0331: [('dynahate_hate', 1.0), ('tweeteval_offense', 1.0), ('kaggle_bully', 1.0), ('jigsaw_threat', 1.0)]
[routing] Sample val2_jigsaw_threat_0332 raw_skills=['derogatory_framing', 'toxic_tone'] mapped=['derogatory_framing', 'toxic_tone']
[routing] weight for dynahate_hate: 1.712085561497326
[routing] weight for tweeteval_offense: 1.0402799273265595
[routing] weight for kaggle_bully: 1.7585266634190164
[routing] weight for jigsaw_threat: 1.792060028500178
[routing] Selected 3 experts for val2_jigsaw_threat_0332: [('jigsaw_threat', 1.792060028500178), ('kaggle_bully', 1.7585266634190164), ('dynahate_hate', 1.712085561497326)]
[routing] Sample val2_jigsaw_threat_0333 raw_skills=['derogatory_framing'] mapped=['derogatory_framing']
[routing] weight for dynahate_hate: 0.8502673796791443
[routing] weight for tweeteval_offense: 0.49222797927461137
[routing] weight for kaggle_bully: 0.8801996672212978
[routing] weight for jigsaw_threat: 0.9017857142857143
[routing] Selected 3 experts for val2_jigsaw_threat_0333: [('jigsaw_threat', 0.9017857142857143), ('kaggle_bully', 0.8801996672212978), ('dynahate_hate', 0.8502673796791443)]
[routing] Sample val2_jigsaw_threat_0334 raw_skills=[] mapped=[]
[routing] weight for dynahate_hate: 1.0
[routing] weight for tweeteval_offense: 1.0
[routing] weight for kaggle_bully: 1.0
[routing] weight for jigsaw_threat: 1.0
[routing] Selected 4 experts for val2_jigsaw_threat_0334: [('dynahate_hate', 1.0), ('tweeteval_offense', 1.0), ('kaggle_bully', 1.0), ('jigsaw_threat', 1.0)]
[routing] Sample val2_jigsaw_threat_0335 raw_skills=['power_imbalance_cue', 'directed_insult'] mapped=['power_imbalance_cue', 'directed_insult']
[routing] weight for dynahate_hate: 1.8013803680981595
[routing] weight for tweeteval_offense: 0.8299003322259136
[routing] weight for kaggle_bully: 1.7894465894465896
[routing] weight for jigsaw_threat: 1.8340659340659342
[routing] Selected 3 experts for val2_jigsaw_threat_0335: [('jigsaw_threat', 1.8340659340659342), ('dynahate_hate', 1.8013803680981595), ('kaggle_bully', 1.7894465894465896)]
[routing] Sample val2_jigsaw_threat_0336 raw_skills=['explicit_threat', 'hostile_sentiment', 'power_imbalance_cue'] mapped=['explicit_threat', 'hostile_sentiment', 'power_imbalance_cue']
[routing] weight for dynahate_hate: 2.668045664013406
[routing] weight for tweeteval_offense: 1.1152014652014652
[routing] weight for kaggle_bully: 2.669014469014469
[routing] weight for jigsaw_threat: 2.71471972614463
[routing] Selected 3 experts for val2_jigsaw_threat_0336: [('jigsaw_threat', 2.71471972614463), ('kaggle_bully', 2.669014469014469), ('dynahate_hate', 2.668045664013406)]
[routing] Sample val2_jigsaw_threat_0337 raw_skills=['profanity_tone', 'explicit_threat'] mapped=['profanity_tone', 'explicit_threat']
[routing] weight for dynahate_hate: 1.8043010752688171
[routing] weight for tweeteval_offense: 1.381720430107527
[routing] weight for kaggle_bully: 1.8541600423953364
[routing] weight for jigsaw_threat: 1.7218045112781954
[routing] Selected 4 experts for val2_jigsaw_threat_0337: [('kaggle_bully', 1.8541600423953364), ('dynahate_hate', 1.8043010752688171), ('jigsaw_threat', 1.7218045112781954), ('tweeteval_offense', 1.381720430107527)]
[routing] Sample val2_jigsaw_threat_0338 raw_skills=['collective_blaming', 'power_imbalance_cue', 'hostile_sentiment'] mapped=['collective_blaming', 'power_imbalance_cue', 'hostile_sentiment']
[routing] weight for dynahate_hate: 2.408189033189033
[routing] weight for tweeteval_offense: 1.156868131868132
[routing] weight for kaggle_bully: 2.705050505050505
[routing] weight for jigsaw_threat: 2.666845804051261
[routing] Selected 3 experts for val2_jigsaw_threat_0338: [('kaggle_bully', 2.705050505050505), ('jigsaw_threat', 2.666845804051261), ('dynahate_hate', 2.408189033189033)]
[routing] Sample val2_jigsaw_threat_0339 raw_skills=['explicit_threat', 'hostile_sentiment', 'derogatory_framing'] mapped=['explicit_threat', 'hostile_sentiment', 'derogatory_framing']
[routing] weight for dynahate_hate: 2.64331304369255
[routing] weight for tweeteval_offense: 1.521715158761791
[routing] weight for kaggle_bully: 2.6825474695691
[routing] weight for jigsaw_threat: 2.7165054404303444
[routing] Selected 3 experts for val2_jigsaw_threat_0339: [('jigsaw_threat', 2.7165054404303444), ('kaggle_bully', 2.6825474695691), ('dynahate_hate', 2.64331304369255)]
[routing] Sample val2_jigsaw_threat_0340 raw_skills=['explicit_threat', 'directed_insult', 'sarcastic_insult', 'toxic_tone'] mapped=['explicit_threat', 'directed_insult', 'sarcastic_insult', 'toxic_tone']
[routing] weight for dynahate_hate: 3.4924996251851588
[routing] weight for tweeteval_offense: 2.5277452409403875
[routing] weight for kaggle_bully: 3.653959771830494
[routing] weight for jigsaw_threat: 3.654988296973559
[routing] Selected 4 experts for val2_jigsaw_threat_0340: [('jigsaw_threat', 3.654988296973559), ('kaggle_bully', 3.653959771830494), ('dynahate_hate', 3.4924996251851588), ('tweeteval_offense', 2.5277452409403875)]
[routing] Sample val2_jigsaw_threat_0341 raw_skills=['explicit_threat'] mapped=['explicit_threat']
[routing] weight for dynahate_hate: 0.8709677419354839
[routing] weight for tweeteval_offense: 0.5833333333333334
[routing] weight for kaggle_bully: 0.963963963963964
[routing] weight for jigsaw_threat: 0.9122807017543859
[routing] Selected 4 experts for val2_jigsaw_threat_0341: [('kaggle_bully', 0.963963963963964), ('jigsaw_threat', 0.9122807017543859), ('dynahate_hate', 0.8709677419354839), ('tweeteval_offense', 0.5833333333333334)]
[routing] Sample val2_jigsaw_threat_0342 raw_skills=['derogatory_framing', 'toxic_tone', 'hostile_sentiment', 'personal_attack'] mapped=['derogatory_framing', 'toxic_tone', 'hostile_sentiment', 'personal_attack']
[routing] weight for dynahate_hate: 3.4487330199990893
[routing] weight for tweeteval_offense: 2.038672579450555
[routing] weight for kaggle_bully: 3.4805468654392184
[routing] weight for jigsaw_threat: 3.6053901419993326
[routing] Selected 3 experts for val2_jigsaw_threat_0342: [('jigsaw_threat', 3.6053901419993326), ('kaggle_bully', 3.4805468654392184), ('dynahate_hate', 3.4487330199990893)]
[routing] Sample val2_jigsaw_threat_0343 raw_skills=['stereotype_invocation', 'derogatory_framing', 'personal_attack'] mapped=['stereotype_invocation', 'derogatory_framing', 'personal_attack']
[routing] weight for dynahate_hate: 2.52672949922319
[routing] weight for tweeteval_offense: 1.5233400246813804
[routing] weight for kaggle_bully: 2.7168876740501497
[routing] weight for jigsaw_threat: 2.6092869728861507
[routing] Selected 3 experts for val2_jigsaw_threat_0343: [('kaggle_bully', 2.7168876740501497), ('jigsaw_threat', 2.6092869728861507), ('dynahate_hate', 2.52672949922319)]
[routing] Sample val2_jigsaw_threat_0344 raw_skills=['personal_attack', 'explicit_threat', 'toxic_tone'] mapped=['personal_attack', 'explicit_threat', 'toxic_tone']
[routing] weight for dynahate_hate: 2.547355460177507
[routing] weight for tweeteval_offense: 1.683624087355431
[routing] weight for kaggle_bully: 2.725927323798046
[routing] weight for jigsaw_threat: 2.713446105077761
[routing] Selected 4 experts for val2_jigsaw_threat_0344: [('kaggle_bully', 2.725927323798046), ('jigsaw_threat', 2.713446105077761), ('dynahate_hate', 2.547355460177507), ('tweeteval_offense', 1.683624087355431)]
[routing] Sample val2_jigsaw_threat_0345 raw_skills=[] mapped=[]
[routing] weight for dynahate_hate: 1.0
[routing] weight for tweeteval_offense: 1.0
[routing] weight for kaggle_bully: 1.0
[routing] weight for jigsaw_threat: 1.0
[routing] Selected 4 experts for val2_jigsaw_threat_0345: [('dynahate_hate', 1.0), ('tweeteval_offense', 1.0), ('kaggle_bully', 1.0), ('jigsaw_threat', 1.0)]
[routing] Sample val2_jigsaw_threat_0346 raw_skills=['explicit_threat'] mapped=['explicit_threat']
[routing] weight for dynahate_hate: 0.8709677419354839
[routing] weight for tweeteval_offense: 0.5833333333333334
[routing] weight for kaggle_bully: 0.963963963963964
[routing] weight for jigsaw_threat: 0.9122807017543859
[routing] Selected 4 experts for val2_jigsaw_threat_0346: [('kaggle_bully', 0.963963963963964), ('jigsaw_threat', 0.9122807017543859), ('dynahate_hate', 0.8709677419354839), ('tweeteval_offense', 0.5833333333333334)]
[routing] Sample val2_jigsaw_threat_0347 raw_skills=[] mapped=[]
[routing] weight for dynahate_hate: 1.0
[routing] weight for tweeteval_offense: 1.0
[routing] weight for kaggle_bully: 1.0
[routing] weight for jigsaw_threat: 1.0
[routing] Selected 4 experts for val2_jigsaw_threat_0347: [('dynahate_hate', 1.0), ('tweeteval_offense', 1.0), ('kaggle_bully', 1.0), ('jigsaw_threat', 1.0)]
[routing] Sample val2_jigsaw_threat_0348 raw_skills=['profanity_tone', 'explicit_threat'] mapped=['profanity_tone', 'explicit_threat']
[routing] weight for dynahate_hate: 1.8043010752688171
[routing] weight for tweeteval_offense: 1.381720430107527
[routing] weight for kaggle_bully: 1.8541600423953364
[routing] weight for jigsaw_threat: 1.7218045112781954
[routing] Selected 4 experts for val2_jigsaw_threat_0348: [('kaggle_bully', 1.8541600423953364), ('dynahate_hate', 1.8043010752688171), ('jigsaw_threat', 1.7218045112781954), ('tweeteval_offense', 1.381720430107527)]
[routing] Sample val2_jigsaw_threat_0349 raw_skills=[] mapped=[]
[routing] weight for dynahate_hate: 1.0
[routing] weight for tweeteval_offense: 1.0
[routing] weight for kaggle_bully: 1.0
[routing] weight for jigsaw_threat: 1.0
[routing] Selected 4 experts for val2_jigsaw_threat_0349: [('dynahate_hate', 1.0), ('tweeteval_offense', 1.0), ('kaggle_bully', 1.0), ('jigsaw_threat', 1.0)]
[routing] Sample val2_jigsaw_threat_0350 raw_skills=['explicit_threat', 'sarcastic_insult'] mapped=['explicit_threat', 'sarcastic_insult']
[routing] weight for dynahate_hate: 1.7043010752688172
[routing] weight for tweeteval_offense: 1.2355072463768115
[routing] weight for kaggle_bully: 1.8528528528528527
[routing] weight for jigsaw_threat: 1.8306480486931616
[routing] Selected 4 experts for val2_jigsaw_threat_0350: [('kaggle_bully', 1.8528528528528527), ('jigsaw_threat', 1.8306480486931616), ('dynahate_hate', 1.7043010752688172), ('tweeteval_offense', 1.2355072463768115)]
[routing] Sample val2_jigsaw_threat_0351 raw_skills=['derogatory_framing'] mapped=['derogatory_framing']
[routing] weight for dynahate_hate: 0.8502673796791443
[routing] weight for tweeteval_offense: 0.49222797927461137
[routing] weight for kaggle_bully: 0.8801996672212978
[routing] weight for jigsaw_threat: 0.9017857142857143
[routing] Selected 3 experts for val2_jigsaw_threat_0351: [('jigsaw_threat', 0.9017857142857143), ('kaggle_bully', 0.8801996672212978), ('dynahate_hate', 0.8502673796791443)]
[routing] Sample val2_jigsaw_threat_0352 raw_skills=['identity_targeting'] mapped=['identity_targeting']
[routing] weight for dynahate_hate: 1.0
[routing] weight for tweeteval_offense: 0.2
[routing] weight for kaggle_bully: 0.0
[routing] weight for jigsaw_threat: 0.5
[routing] Selected 1 experts for val2_jigsaw_threat_0352: [('dynahate_hate', 1.0)]
[routing] Sample val2_jigsaw_threat_0353 raw_skills=['sarcastic_insult', 'toxic_tone', 'hostile_sentiment', 'personal_attack'] mapped=['sarcastic_insult', 'toxic_tone', 'hostile_sentiment', 'personal_attack']
[routing] weight for dynahate_hate: 3.4317989736532786
[routing] weight for tweeteval_offense: 2.1986185132194214
[routing] weight for kaggle_bully: 3.4892360871068093
[routing] weight for jigsaw_threat: 3.621971774652394
[routing] Selected 4 experts for val2_jigsaw_threat_0353: [('jigsaw_threat', 3.621971774652394), ('kaggle_bully', 3.4892360871068093), ('dynahate_hate', 3.4317989736532786), ('tweeteval_offense', 2.1986185132194214)]
[routing] Sample val2_jigsaw_threat_0354 raw_skills=['profanity_tone'] mapped=['profanity_tone']
[routing] weight for dynahate_hate: 0.9333333333333333
[routing] weight for tweeteval_offense: 0.7983870967741935
[routing] weight for kaggle_bully: 0.8901960784313725
[routing] weight for jigsaw_threat: 0.8095238095238095
[routing] Selected 4 experts for val2_jigsaw_threat_0354: [('dynahate_hate', 0.9333333333333333), ('kaggle_bully', 0.8901960784313725), ('jigsaw_threat', 0.8095238095238095), ('tweeteval_offense', 0.7983870967741935)]
[routing] Sample val2_jigsaw_threat_0355 raw_skills=[] mapped=[]
[routing] weight for dynahate_hate: 1.0
[routing] weight for tweeteval_offense: 1.0
[routing] weight for kaggle_bully: 1.0
[routing] weight for jigsaw_threat: 1.0
[routing] Selected 4 experts for val2_jigsaw_threat_0355: [('dynahate_hate', 1.0), ('tweeteval_offense', 1.0), ('kaggle_bully', 1.0), ('jigsaw_threat', 1.0)]
[routing] Sample val2_jigsaw_threat_0356 raw_skills=[] mapped=[]
[routing] weight for dynahate_hate: 1.0
[routing] weight for tweeteval_offense: 1.0
[routing] weight for kaggle_bully: 1.0
[routing] weight for jigsaw_threat: 1.0
[routing] Selected 4 experts for val2_jigsaw_threat_0356: [('dynahate_hate', 1.0), ('tweeteval_offense', 1.0), ('kaggle_bully', 1.0), ('jigsaw_threat', 1.0)]
[routing] Sample val2_jigsaw_threat_0357 raw_skills=['derogatory_framing', 'toxic_tone'] mapped=['derogatory_framing', 'toxic_tone']
[routing] weight for dynahate_hate: 1.712085561497326
[routing] weight for tweeteval_offense: 1.0402799273265595
[routing] weight for kaggle_bully: 1.7585266634190164
[routing] weight for jigsaw_threat: 1.792060028500178
[routing] Selected 3 experts for val2_jigsaw_threat_0357: [('jigsaw_threat', 1.792060028500178), ('kaggle_bully', 1.7585266634190164), ('dynahate_hate', 1.712085561497326)]
[routing] Sample val2_jigsaw_threat_0358 raw_skills=['toxic_tone'] mapped=['toxic_tone']
[routing] weight for dynahate_hate: 0.8618181818181818
[routing] weight for tweeteval_offense: 0.548051948051948
[routing] weight for kaggle_bully: 0.8783269961977186
[routing] weight for jigsaw_threat: 0.8902743142144638
[routing] Selected 4 experts for val2_jigsaw_threat_0358: [('jigsaw_threat', 0.8902743142144638), ('kaggle_bully', 0.8783269961977186), ('dynahate_hate', 0.8618181818181818), ('tweeteval_offense', 0.548051948051948)]
[routing] Sample val2_jigsaw_threat_0359 raw_skills=['derogatory_framing', 'toxic_tone', 'personal_attack'] mapped=['derogatory_framing', 'toxic_tone', 'personal_attack']
[routing] weight for dynahate_hate: 2.526655097921167
[routing] weight for tweeteval_offense: 1.5925187332967088
[routing] weight for kaggle_bully: 2.64216302705538
[routing] weight for jigsaw_threat: 2.702951117609089
[routing] Selected 3 experts for val2_jigsaw_threat_0359: [('jigsaw_threat', 2.702951117609089), ('kaggle_bully', 2.64216302705538), ('dynahate_hate', 2.526655097921167)]
[routing] Sample val2_jigsaw_threat_0360 raw_skills=['toxic_tone', 'sarcastic_insult'] mapped=['toxic_tone', 'sarcastic_insult']
[routing] weight for dynahate_hate: 1.6951515151515153
[routing] weight for tweeteval_offense: 1.2002258610954262
[routing] weight for kaggle_bully: 1.7672158850866073
[routing] weight for jigsaw_threat: 1.8086416611532394
[routing] Selected 4 experts for val2_jigsaw_threat_0360: [('jigsaw_threat', 1.8086416611532394), ('kaggle_bully', 1.7672158850866073), ('dynahate_hate', 1.6951515151515153), ('tweeteval_offense', 1.2002258610954262)]
[routing] Sample val2_jigsaw_threat_0361 raw_skills=[] mapped=[]
[routing] weight for dynahate_hate: 1.0
[routing] weight for tweeteval_offense: 1.0
[routing] weight for kaggle_bully: 1.0
[routing] weight for jigsaw_threat: 1.0
[routing] Selected 4 experts for val2_jigsaw_threat_0361: [('dynahate_hate', 1.0), ('tweeteval_offense', 1.0), ('kaggle_bully', 1.0), ('jigsaw_threat', 1.0)]
[routing] Sample val2_jigsaw_threat_0362 raw_skills=['age_bullying', 'hostile_sentiment', 'toxic_tone', 'derogatory_framing'] mapped=['age_bullying', 'hostile_sentiment', 'toxic_tone', 'derogatory_framing']
[routing] weight for dynahate_hate: 3.411941261353026
[routing] weight for tweeteval_offense: 2.319767106813739
[routing] weight for kaggle_bully: 3.5969105018028547
[routing] weight for jigsaw_threat: 3.494499052890422
[routing] Selected 4 experts for val2_jigsaw_threat_0362: [('kaggle_bully', 3.5969105018028547), ('jigsaw_threat', 3.494499052890422), ('dynahate_hate', 3.411941261353026), ('tweeteval_offense', 2.319767106813739)]
[routing] Sample val2_jigsaw_threat_0363 raw_skills=['sarcastic_insult', 'toxic_tone', 'personal_attack', 'derogatory_framing'] mapped=['sarcastic_insult', 'toxic_tone', 'personal_attack', 'derogatory_framing']
[routing] weight for dynahate_hate: 3.3599884312545005
[routing] weight for tweeteval_offense: 2.244692646340187
[routing] weight for kaggle_bully: 3.531051915944269
[routing] weight for jigsaw_threat: 3.6213184645478647
[routing] Selected 4 experts for val2_jigsaw_threat_0363: [('jigsaw_threat', 3.6213184645478647), ('kaggle_bully', 3.531051915944269), ('dynahate_hate', 3.3599884312545005), ('tweeteval_offense', 2.244692646340187)]
[routing] Sample val2_jigsaw_threat_0364 raw_skills=['dehumanization', 'stereotype_invocation'] mapped=['dehumanization', 'stereotype_invocation']
[routing] weight for dynahate_hate: 1.713243934471556
[routing] weight for tweeteval_offense: 1.0788732394366196
[routing] weight for kaggle_bully: 1.796188898094449
[routing] weight for jigsaw_threat: 1.7680387409200968
[routing] Selected 4 experts for val2_jigsaw_threat_0364: [('kaggle_bully', 1.796188898094449), ('jigsaw_threat', 1.7680387409200968), ('dynahate_hate', 1.713243934471556), ('tweeteval_offense', 1.0788732394366196)]
[routing] Sample val2_jigsaw_threat_0365 raw_skills=[] mapped=[]
[routing] weight for dynahate_hate: 1.0
[routing] weight for tweeteval_offense: 1.0
[routing] weight for kaggle_bully: 1.0
[routing] weight for jigsaw_threat: 1.0
[routing] Selected 4 experts for val2_jigsaw_threat_0365: [('dynahate_hate', 1.0), ('tweeteval_offense', 1.0), ('kaggle_bully', 1.0), ('jigsaw_threat', 1.0)]
[routing] Sample val2_jigsaw_threat_0366 raw_skills=['sarcastic_insult', 'derogatory_framing', 'personal_attack'] mapped=['sarcastic_insult', 'derogatory_framing', 'personal_attack']
[routing] weight for dynahate_hate: 2.4981702494363187
[routing] weight for tweeteval_offense: 1.696640698288239
[routing] weight for kaggle_bully: 2.6527249197465506
[routing] weight for jigsaw_threat: 2.7310441503334006
[routing] Selected 4 experts for val2_jigsaw_threat_0366: [('jigsaw_threat', 2.7310441503334006), ('kaggle_bully', 2.6527249197465506), ('dynahate_hate', 2.4981702494363187), ('tweeteval_offense', 1.696640698288239)]
[routing] Sample val2_jigsaw_threat_0367 raw_skills=['explicit_threat'] mapped=['explicit_threat']
[routing] weight for dynahate_hate: 0.8709677419354839
[routing] weight for tweeteval_offense: 0.5833333333333334
[routing] weight for kaggle_bully: 0.963963963963964
[routing] weight for jigsaw_threat: 0.9122807017543859
[routing] Selected 4 experts for val2_jigsaw_threat_0367: [('kaggle_bully', 0.963963963963964), ('jigsaw_threat', 0.9122807017543859), ('dynahate_hate', 0.8709677419354839), ('tweeteval_offense', 0.5833333333333334)]
[routing] Sample val2_jigsaw_threat_0368 raw_skills=['derogatory_framing', 'toxic_tone', 'personal_attack'] mapped=['derogatory_framing', 'toxic_tone', 'personal_attack']
[routing] weight for dynahate_hate: 2.526655097921167
[routing] weight for tweeteval_offense: 1.5925187332967088
[routing] weight for kaggle_bully: 2.64216302705538
[routing] weight for jigsaw_threat: 2.702951117609089
[routing] Selected 3 experts for val2_jigsaw_threat_0368: [('jigsaw_threat', 2.702951117609089), ('kaggle_bully', 2.64216302705538), ('dynahate_hate', 2.526655097921167)]
[routing] Sample val2_jigsaw_threat_0369 raw_skills=['personal_attack', 'directed_insult', 'explicit_threat'] mapped=['personal_attack', 'directed_insult', 'explicit_threat']
[routing] weight for dynahate_hate: 2.6119176464574845
[routing] weight for tweeteval_offense: 1.8797581858151107
[routing] weight for kaggle_bully: 2.7703802503802506
[routing] weight for jigsaw_threat: 2.7572377249292312
[routing] Selected 4 experts for val2_jigsaw_threat_0369: [('kaggle_bully', 2.7703802503802506), ('jigsaw_threat', 2.7572377249292312), ('dynahate_hate', 2.6119176464574845), ('tweeteval_offense', 1.8797581858151107)]
[routing] Sample val2_jigsaw_threat_0370 raw_skills=['power_imbalance_cue', 'toxic_tone', 'hostile_sentiment'] mapped=['power_imbalance_cue', 'toxic_tone', 'hostile_sentiment']
[routing] weight for dynahate_hate: 2.6588961038961036
[routing] weight for tweeteval_offense: 1.0799200799200799
[routing] weight for kaggle_bully: 2.5833775012482234
[routing] weight for jigsaw_threat: 2.6927133386047077
[routing] Selected 3 experts for val2_jigsaw_threat_0370: [('jigsaw_threat', 2.6927133386047077), ('dynahate_hate', 2.6588961038961036), ('kaggle_bully', 2.5833775012482234)]
[routing] Sample val2_jigsaw_threat_0371 raw_skills=['explicit_threat', 'hostile_sentiment'] mapped=['explicit_threat', 'hostile_sentiment']
[routing] weight for dynahate_hate: 1.7930456640134058
[routing] weight for tweeteval_offense: 1.0294871794871796
[routing] weight for kaggle_bully: 1.8023478023478023
[routing] weight for jigsaw_threat: 1.81471972614463
[routing] Selected 3 experts for val2_jigsaw_threat_0371: [('jigsaw_threat', 1.81471972614463), ('kaggle_bully', 1.8023478023478023), ('dynahate_hate', 1.7930456640134058)]
[routing] Sample val2_jigsaw_threat_0372 raw_skills=['explicit_threat'] mapped=['explicit_threat']
[routing] weight for dynahate_hate: 0.8709677419354839
[routing] weight for tweeteval_offense: 0.5833333333333334
[routing] weight for kaggle_bully: 0.963963963963964
[routing] weight for jigsaw_threat: 0.9122807017543859
[routing] Selected 4 experts for val2_jigsaw_threat_0372: [('kaggle_bully', 0.963963963963964), ('jigsaw_threat', 0.9122807017543859), ('dynahate_hate', 0.8709677419354839), ('tweeteval_offense', 0.5833333333333334)]
[routing] Sample val2_jigsaw_threat_0373 raw_skills=['stereotype_invocation', 'derogatory_framing', 'toxic_tone'] mapped=['stereotype_invocation', 'derogatory_framing', 'toxic_tone']
[routing] weight for dynahate_hate: 2.5739781446175307
[routing] weight for tweeteval_offense: 1.519153166763179
[routing] weight for kaggle_bully: 2.7115783066115045
[routing] weight for jigsaw_threat: 2.5886701979917035
[routing] Selected 3 experts for val2_jigsaw_threat_0373: [('kaggle_bully', 2.7115783066115045), ('jigsaw_threat', 2.5886701979917035), ('dynahate_hate', 2.5739781446175307)]
[routing] Sample val2_jigsaw_threat_0374 raw_skills=['explicit_threat'] mapped=['explicit_threat']
[routing] weight for dynahate_hate: 0.8709677419354839
[routing] weight for tweeteval_offense: 0.5833333333333334
[routing] weight for kaggle_bully: 0.963963963963964
[routing] weight for jigsaw_threat: 0.9122807017543859
[routing] Selected 4 experts for val2_jigsaw_threat_0374: [('kaggle_bully', 0.963963963963964), ('jigsaw_threat', 0.9122807017543859), ('dynahate_hate', 0.8709677419354839), ('tweeteval_offense', 0.5833333333333334)]
[routing] Sample val2_jigsaw_threat_0375 raw_skills=['explicit_threat', 'dehumanization', 'derogatory_framing', 'hostile_sentiment', 'toxic_tone'] mapped=['explicit_threat', 'dehumanization', 'derogatory_framing', 'hostile_sentiment', 'toxic_tone']
[routing] weight for dynahate_hate: 4.356482576862083
[routing] weight for tweeteval_offense: 2.669767106813739
[routing] weight for kaggle_bully: 4.404011720668779
[routing] weight for jigsaw_threat: 4.578208326073379
[routing] Selected 3 experts for val2_jigsaw_threat_0375: [('jigsaw_threat', 4.578208326073379), ('kaggle_bully', 4.404011720668779), ('dynahate_hate', 4.356482576862083)]
[routing] Sample val2_jigsaw_threat_0376 raw_skills=['explicit_threat'] mapped=['explicit_threat']
[routing] weight for dynahate_hate: 0.8709677419354839
[routing] weight for tweeteval_offense: 0.5833333333333334
[routing] weight for kaggle_bully: 0.963963963963964
[routing] weight for jigsaw_threat: 0.9122807017543859
[routing] Selected 4 experts for val2_jigsaw_threat_0376: [('kaggle_bully', 0.963963963963964), ('jigsaw_threat', 0.9122807017543859), ('dynahate_hate', 0.8709677419354839), ('tweeteval_offense', 0.5833333333333334)]
[routing] Sample val2_jigsaw_threat_0377 raw_skills=['explicit_threat', 'violence_indication'] mapped=['explicit_threat', 'violence_indication']
[routing] weight for dynahate_hate: 1.870967741935484
[routing] weight for tweeteval_offense: 1.0833333333333335
[routing] weight for kaggle_bully: 1.9639639639639639
[routing] weight for jigsaw_threat: 1.8635002139495078
[routing] Selected 3 experts for val2_jigsaw_threat_0377: [('kaggle_bully', 1.9639639639639639), ('dynahate_hate', 1.870967741935484), ('jigsaw_threat', 1.8635002139495078)]
[routing] Sample val2_jigsaw_threat_0378 raw_skills=[] mapped=[]
[routing] weight for dynahate_hate: 1.0
[routing] weight for tweeteval_offense: 1.0
[routing] weight for kaggle_bully: 1.0
[routing] weight for jigsaw_threat: 1.0
[routing] Selected 4 experts for val2_jigsaw_threat_0378: [('dynahate_hate', 1.0), ('tweeteval_offense', 1.0), ('kaggle_bully', 1.0), ('jigsaw_threat', 1.0)]
[routing] Sample val2_jigsaw_threat_0379 raw_skills=['explicit_threat', 'directed_insult'] mapped=['explicit_threat', 'directed_insult']
[routing] weight for dynahate_hate: 1.7973481100336435
[routing] weight for tweeteval_offense: 1.3275193798449614
[routing] weight for kaggle_bully: 1.8867438867438868
[routing] weight for jigsaw_threat: 1.84634663582032
[routing] Selected 4 experts for val2_jigsaw_threat_0379: [('kaggle_bully', 1.8867438867438868), ('jigsaw_threat', 1.84634663582032), ('dynahate_hate', 1.7973481100336435), ('tweeteval_offense', 1.3275193798449614)]
[routing] Sample val2_jigsaw_threat_0380 raw_skills=['derogatory_framing', 'hostile_sentiment', 'toxic_tone', 'power_imbalance_cue'] mapped=['derogatory_framing', 'hostile_sentiment', 'toxic_tone', 'power_imbalance_cue']
[routing] weight for dynahate_hate: 3.5091634835752483
[routing] weight for tweeteval_offense: 1.572148059194691
[routing] weight for kaggle_bully: 3.4635771684695214
[routing] weight for jigsaw_threat: 3.594499052890422
[routing] Selected 3 experts for val2_jigsaw_threat_0380: [('jigsaw_threat', 3.594499052890422), ('dynahate_hate', 3.5091634835752483), ('kaggle_bully', 3.4635771684695214)]
[routing] Sample val2_jigsaw_threat_0381 raw_skills=['collective_blaming', 'hostile_sentiment'] mapped=['collective_blaming', 'hostile_sentiment']
[routing] weight for dynahate_hate: 1.5331890331890332
[routing] weight for tweeteval_offense: 1.0711538461538461
[routing] weight for kaggle_bully: 1.8383838383838382
[routing] weight for jigsaw_threat: 1.766845804051261
[routing] Selected 3 experts for val2_jigsaw_threat_0381: [('kaggle_bully', 1.8383838383838382), ('jigsaw_threat', 1.766845804051261), ('dynahate_hate', 1.5331890331890332)]
[routing] Sample val2_jigsaw_threat_0382 raw_skills=['derogatory_framing', 'personal_attack'] mapped=['derogatory_framing', 'personal_attack']
[routing] weight for dynahate_hate: 1.6648369161029855
[routing] weight for tweeteval_offense: 1.0444667852447607
[routing] weight for kaggle_bully: 1.7638360308576615
[routing] weight for jigsaw_threat: 1.8126768033946252
[routing] Selected 3 experts for val2_jigsaw_threat_0382: [('jigsaw_threat', 1.8126768033946252), ('kaggle_bully', 1.7638360308576615), ('dynahate_hate', 1.6648369161029855)]
[routing] Sample val2_jigsaw_threat_0383 raw_skills=['hostile_sentiment'] mapped=['hostile_sentiment']
[routing] weight for dynahate_hate: 0.922077922077922
[routing] weight for tweeteval_offense: 0.4461538461538462
[routing] weight for kaggle_bully: 0.8383838383838383
[routing] weight for jigsaw_threat: 0.9024390243902439
[routing] Selected 3 experts for val2_jigsaw_threat_0383: [('dynahate_hate', 0.922077922077922), ('jigsaw_threat', 0.9024390243902439), ('kaggle_bully', 0.8383838383838383)]
[routing] Sample val2_jigsaw_threat_0384 raw_skills=['derogatory_framing', 'explicit_threat', 'toxic_tone', 'hostile_sentiment'] mapped=['derogatory_framing', 'explicit_threat', 'toxic_tone', 'hostile_sentiment']
[routing] weight for dynahate_hate: 3.5051312255107323
[routing] weight for tweeteval_offense: 2.0697671068137393
[routing] weight for kaggle_bully: 3.5608744657668185
[routing] weight for jigsaw_threat: 3.6067797546448075
[routing] Selected 3 experts for val2_jigsaw_threat_0384: [('jigsaw_threat', 3.6067797546448075), ('kaggle_bully', 3.5608744657668185), ('dynahate_hate', 3.5051312255107323)]
[routing] Sample val2_jigsaw_threat_0385 raw_skills=['implicit_hate', 'hostile_sentiment', 'explicit_threat'] mapped=['implicit_hate', 'hostile_sentiment', 'explicit_threat']
[routing] weight for dynahate_hate: 2.640761400054015
[routing] weight for tweeteval_offense: 1.4532159930465016
[routing] weight for kaggle_bully: 2.6991219958961894
[routing] weight for jigsaw_threat: 2.7264844320269828
[routing] Selected 3 experts for val2_jigsaw_threat_0385: [('jigsaw_threat', 2.7264844320269828), ('kaggle_bully', 2.6991219958961894), ('dynahate_hate', 2.640761400054015)]
[routing] Sample val2_jigsaw_threat_0386 raw_skills=['violence_indication'] mapped=['violence_indication']
[routing] weight for dynahate_hate: 1.0
[routing] weight for tweeteval_offense: 0.5
[routing] weight for kaggle_bully: 1.0
[routing] weight for jigsaw_threat: 0.9512195121951219
[routing] Selected 3 experts for val2_jigsaw_threat_0386: [('dynahate_hate', 1.0), ('kaggle_bully', 1.0), ('jigsaw_threat', 0.9512195121951219)]
[routing] Sample val2_jigsaw_threat_0387 raw_skills=['derogatory_framing', 'personal_attack', 'toxic_tone'] mapped=['derogatory_framing', 'personal_attack', 'toxic_tone']
[routing] weight for dynahate_hate: 2.526655097921167
[routing] weight for tweeteval_offense: 1.5925187332967088
[routing] weight for kaggle_bully: 2.64216302705538
[routing] weight for jigsaw_threat: 2.7029511176090892
[routing] Selected 3 experts for val2_jigsaw_threat_0387: [('jigsaw_threat', 2.7029511176090892), ('kaggle_bully', 2.64216302705538), ('dynahate_hate', 2.526655097921167)]
[routing] Sample val2_jigsaw_threat_0388 raw_skills=['sarcastic_insult', 'personal_attack'] mapped=['sarcastic_insult', 'personal_attack']
[routing] weight for dynahate_hate: 1.6479028697571745
[routing] weight for tweeteval_offense: 1.2044127190136276
[routing] weight for kaggle_bully: 1.7725252525252526
[routing] weight for jigsaw_threat: 1.8292584360476865
[routing] Selected 4 experts for val2_jigsaw_threat_0388: [('jigsaw_threat', 1.8292584360476865), ('kaggle_bully', 1.7725252525252526), ('dynahate_hate', 1.6479028697571745), ('tweeteval_offense', 1.2044127190136276)]
[routing] Sample val2_jigsaw_threat_0389 raw_skills=['explicit_threat', 'derogatory_framing'] mapped=['explicit_threat', 'derogatory_framing']
[routing] weight for dynahate_hate: 1.7212351216146282
[routing] weight for tweeteval_offense: 1.0755613126079449
[routing] weight for kaggle_bully: 1.8441636311852618
[routing] weight for jigsaw_threat: 1.8140664160401
[routing] Selected 3 experts for val2_jigsaw_threat_0389: [('kaggle_bully', 1.8441636311852618), ('jigsaw_threat', 1.8140664160401), ('dynahate_hate', 1.7212351216146282)]
[routing] Sample val2_jigsaw_threat_0390 raw_skills=['derogatory_framing'] mapped=['derogatory_framing']
[routing] weight for dynahate_hate: 0.8502673796791443
[routing] weight for tweeteval_offense: 0.49222797927461137
[routing] weight for kaggle_bully: 0.8801996672212978
[routing] weight for jigsaw_threat: 0.9017857142857143
[routing] Selected 3 experts for val2_jigsaw_threat_0390: [('jigsaw_threat', 0.9017857142857143), ('kaggle_bully', 0.8801996672212978), ('dynahate_hate', 0.8502673796791443)]
[routing] Sample val2_jigsaw_threat_0391 raw_skills=['hostile_sentiment', 'derogatory_framing'] mapped=['hostile_sentiment', 'derogatory_framing']
[routing] weight for dynahate_hate: 1.7723453017570665
[routing] weight for tweeteval_offense: 0.9383818254284575
[routing] weight for kaggle_bully: 1.7185835056051362
[routing] weight for jigsaw_threat: 1.8042247386759582
[routing] Selected 3 experts for val2_jigsaw_threat_0391: [('jigsaw_threat', 1.8042247386759582), ('dynahate_hate', 1.7723453017570665), ('kaggle_bully', 1.7185835056051362)]
[routing] Sample val2_jigsaw_threat_0392 raw_skills=['profanity_tone'] mapped=['profanity_tone']
[routing] weight for dynahate_hate: 0.9333333333333333
[routing] weight for tweeteval_offense: 0.7983870967741935
[routing] weight for kaggle_bully: 0.8901960784313725
[routing] weight for jigsaw_threat: 0.8095238095238095
[routing] Selected 4 experts for val2_jigsaw_threat_0392: [('dynahate_hate', 0.9333333333333333), ('kaggle_bully', 0.8901960784313725), ('jigsaw_threat', 0.8095238095238095), ('tweeteval_offense', 0.7983870967741935)]
[routing] Sample val2_jigsaw_threat_0393 raw_skills=['collective_blaming', 'hostile_sentiment', 'stereotype_invocation'] mapped=['collective_blaming', 'hostile_sentiment', 'stereotype_invocation']
[routing] weight for dynahate_hate: 2.3950816163092377
[routing] weight for tweeteval_offense: 1.5500270855904659
[routing] weight for kaggle_bully: 2.7914354815763263
[routing] weight for jigsaw_threat: 2.563455973542786
[routing] Selected 3 experts for val2_jigsaw_threat_0393: [('kaggle_bully', 2.7914354815763263), ('jigsaw_threat', 2.563455973542786), ('dynahate_hate', 2.3950816163092377)]
[routing] Sample val2_jigsaw_threat_0394 raw_skills=[] mapped=[]
[routing] weight for dynahate_hate: 1.0
[routing] weight for tweeteval_offense: 1.0
[routing] weight for kaggle_bully: 1.0
[routing] weight for jigsaw_threat: 1.0
[routing] Selected 4 experts for val2_jigsaw_threat_0394: [('dynahate_hate', 1.0), ('tweeteval_offense', 1.0), ('kaggle_bully', 1.0), ('jigsaw_threat', 1.0)]
[routing] Sample val2_jigsaw_threat_0395 raw_skills=['derogatory_framing', 'personal_attack', 'stereotype_invocation', 'toxic_tone'] mapped=['derogatory_framing', 'personal_attack', 'stereotype_invocation', 'toxic_tone']
[routing] weight for dynahate_hate: 3.3885476810413717
[routing] weight for tweeteval_offense: 2.0713919727333283
[routing] weight for kaggle_bully: 3.5952146702478682
[routing] weight for jigsaw_threat: 3.4995612871006143
[routing] Selected 3 experts for val2_jigsaw_threat_0395: [('kaggle_bully', 3.5952146702478682), ('jigsaw_threat', 3.4995612871006143), ('dynahate_hate', 3.3885476810413717)]
[routing] Sample val2_jigsaw_threat_0396 raw_skills=['derogatory_framing', 'power_imbalance_cue'] mapped=['derogatory_framing', 'power_imbalance_cue']
[routing] weight for dynahate_hate: 1.7252673796791442
[routing] weight for tweeteval_offense: 0.5779422649888971
[routing] weight for kaggle_bully: 1.7468663338879646
[routing] weight for jigsaw_threat: 1.8017857142857143
[routing] Selected 3 experts for val2_jigsaw_threat_0396: [('jigsaw_threat', 1.8017857142857143), ('kaggle_bully', 1.7468663338879646), ('dynahate_hate', 1.7252673796791442)]
[routing] Sample val2_jigsaw_threat_0397 raw_skills=['dehumanization', 'derogatory_framing', 'hostile_sentiment'] mapped=['dehumanization', 'derogatory_framing', 'hostile_sentiment']
[routing] weight for dynahate_hate: 2.623696653108418
[routing] weight for tweeteval_offense: 1.5383818254284576
[routing] weight for kaggle_bully: 2.561720760507097
[routing] weight for jigsaw_threat: 2.7756533101045298
[routing] Selected 3 experts for val2_jigsaw_threat_0397: [('jigsaw_threat', 2.7756533101045298), ('dynahate_hate', 2.623696653108418), ('kaggle_bully', 2.561720760507097)]
[routing] Sample val2_jigsaw_threat_0398 raw_skills=['explicit_threat', 'personal_attack'] mapped=['explicit_threat', 'personal_attack']
[routing] weight for dynahate_hate: 1.685537278359325
[routing] weight for tweeteval_offense: 1.1355721393034828
[routing] weight for kaggle_bully: 1.8476003276003277
[routing] weight for jigsaw_threat: 1.823171790863297
[routing] Selected 4 experts for val2_jigsaw_threat_0398: [('kaggle_bully', 1.8476003276003277), ('jigsaw_threat', 1.823171790863297), ('dynahate_hate', 1.685537278359325), ('tweeteval_offense', 1.1355721393034828)]
[routing] Sample val2_jigsaw_threat_0399 raw_skills=['derogatory_framing', 'hostile_sentiment'] mapped=['derogatory_framing', 'hostile_sentiment']
[routing] weight for dynahate_hate: 1.7723453017570665
[routing] weight for tweeteval_offense: 0.9383818254284575
[routing] weight for kaggle_bully: 1.7185835056051362
[routing] weight for jigsaw_threat: 1.8042247386759582
[routing] Selected 3 experts for val2_jigsaw_threat_0399: [('jigsaw_threat', 1.8042247386759582), ('dynahate_hate', 1.7723453017570665), ('kaggle_bully', 1.7185835056051362)]
[routing] Sample val2_jigsaw_threat_0400 raw_skills=['explicit_threat', 'profanity_tone'] mapped=['explicit_threat', 'profanity_tone']
[routing] weight for dynahate_hate: 1.8043010752688171
[routing] weight for tweeteval_offense: 1.381720430107527
[routing] weight for kaggle_bully: 1.8541600423953364
[routing] weight for jigsaw_threat: 1.7218045112781954
[routing] Selected 4 experts for val2_jigsaw_threat_0400: [('kaggle_bully', 1.8541600423953364), ('dynahate_hate', 1.8043010752688171), ('jigsaw_threat', 1.7218045112781954), ('tweeteval_offense', 1.381720430107527)]
[routing] Sample val2_jigsaw_threat_0401 raw_skills=['hostile_sentiment', 'derogatory_framing'] mapped=['hostile_sentiment', 'derogatory_framing']
[routing] weight for dynahate_hate: 1.7723453017570665
[routing] weight for tweeteval_offense: 0.9383818254284575
[routing] weight for kaggle_bully: 1.7185835056051362
[routing] weight for jigsaw_threat: 1.8042247386759582
[routing] Selected 3 experts for val2_jigsaw_threat_0401: [('jigsaw_threat', 1.8042247386759582), ('dynahate_hate', 1.7723453017570665), ('kaggle_bully', 1.7185835056051362)]
[routing] Sample val2_jigsaw_threat_0402 raw_skills=['explicit_threat', 'implicit_hate'] mapped=['explicit_threat', 'implicit_hate']
[routing] weight for dynahate_hate: 1.7186834779760929
[routing] weight for tweeteval_offense: 1.0070621468926553
[routing] weight for kaggle_bully: 1.8607381575123512
[routing] weight for jigsaw_threat: 1.824045407636739
[routing] Selected 3 experts for val2_jigsaw_threat_0402: [('kaggle_bully', 1.8607381575123512), ('jigsaw_threat', 1.824045407636739), ('dynahate_hate', 1.7186834779760929)]
[routing] Sample val2_jigsaw_threat_0403 raw_skills=['derogatory_framing'] mapped=['derogatory_framing']
[routing] weight for dynahate_hate: 0.8502673796791443
[routing] weight for tweeteval_offense: 0.49222797927461137
[routing] weight for kaggle_bully: 0.8801996672212978
[routing] weight for jigsaw_threat: 0.9017857142857143
[routing] Selected 3 experts for val2_jigsaw_threat_0403: [('jigsaw_threat', 0.9017857142857143), ('kaggle_bully', 0.8801996672212978), ('dynahate_hate', 0.8502673796791443)]
[routing] Sample val2_jigsaw_threat_0404 raw_skills=['personal_attack', 'explicit_threat', 'derogatory_framing', 'toxic_tone'] mapped=['personal_attack', 'explicit_threat', 'derogatory_framing', 'toxic_tone']
[routing] weight for dynahate_hate: 3.397622839856651
[routing] weight for tweeteval_offense: 2.1758520666300423
[routing] weight for kaggle_bully: 3.606126991019344
[routing] weight for jigsaw_threat: 3.6152318193634754
[routing] Selected 4 experts for val2_jigsaw_threat_0404: [('jigsaw_threat', 3.6152318193634754), ('kaggle_bully', 3.606126991019344), ('dynahate_hate', 3.397622839856651), ('tweeteval_offense', 2.1758520666300423)]
[routing] Sample val2_jigsaw_threat_0405 raw_skills=['collective_blaming', 'derogatory_framing'] mapped=['collective_blaming', 'derogatory_framing']
[routing] weight for dynahate_hate: 1.4613784907902554
[routing] weight for tweeteval_offense: 1.1172279792746114
[routing] weight for kaggle_bully: 1.880199667221298
[routing] weight for jigsaw_threat: 1.7661924939467313
[routing] Selected 3 experts for val2_jigsaw_threat_0405: [('kaggle_bully', 1.880199667221298), ('jigsaw_threat', 1.7661924939467313), ('dynahate_hate', 1.4613784907902554)]
[routing] Sample val2_jigsaw_threat_0406 raw_skills=['explicit_threat', 'hostile_sentiment', 'derogatory_framing', 'personal_attack'] mapped=['explicit_threat', 'hostile_sentiment', 'derogatory_framing', 'personal_attack']
[routing] weight for dynahate_hate: 3.457882580116391
[routing] weight for tweeteval_offense: 2.07395396473194
[routing] weight for kaggle_bully: 3.566183833205464
[routing] weight for jigsaw_threat: 3.627396529539255
[routing] Selected 3 experts for val2_jigsaw_threat_0406: [('jigsaw_threat', 3.627396529539255), ('kaggle_bully', 3.566183833205464), ('dynahate_hate', 3.457882580116391)]
[routing] Sample val2_jigsaw_threat_0407 raw_skills=['explicit_threat', 'dehumanization', 'derogatory_framing'] mapped=['explicit_threat', 'dehumanization', 'derogatory_framing']
[routing] weight for dynahate_hate: 2.5725864729659795
[routing] weight for tweeteval_offense: 1.6755613126079447
[routing] weight for kaggle_bully: 2.6873008860872227
[routing] weight for jigsaw_threat: 2.7854949874686716
[routing] Selected 4 experts for val2_jigsaw_threat_0407: [('jigsaw_threat', 2.7854949874686716), ('kaggle_bully', 2.6873008860872227), ('dynahate_hate', 2.5725864729659795), ('tweeteval_offense', 1.6755613126079447)]
[routing] Sample val2_jigsaw_threat_0408 raw_skills=['explicit_threat'] mapped=['explicit_threat']
[routing] weight for dynahate_hate: 0.8709677419354839
[routing] weight for tweeteval_offense: 0.5833333333333334
[routing] weight for kaggle_bully: 0.963963963963964
[routing] weight for jigsaw_threat: 0.9122807017543859
[routing] Selected 4 experts for val2_jigsaw_threat_0408: [('kaggle_bully', 0.963963963963964), ('jigsaw_threat', 0.9122807017543859), ('dynahate_hate', 0.8709677419354839), ('tweeteval_offense', 0.5833333333333334)]
[routing] Sample val2_jigsaw_threat_0409 raw_skills=['explicit_threat', 'profanity_tone', 'toxic_tone', 'directed_insult'] mapped=['explicit_threat', 'profanity_tone', 'toxic_tone', 'directed_insult']
[routing] weight for dynahate_hate: 3.5924996251851584
[routing] weight for tweeteval_offense: 2.673958424671103
[routing] weight for kaggle_bully: 3.655266961372978
[routing] weight for jigsaw_threat: 3.5461447595585938
[routing] Selected 4 experts for val2_jigsaw_threat_0409: [('kaggle_bully', 3.655266961372978), ('dynahate_hate', 3.5924996251851584), ('jigsaw_threat', 3.5461447595585938), ('tweeteval_offense', 2.673958424671103)]
[routing] Sample val2_jigsaw_threat_0410 raw_skills=['explicit_threat', 'directed_insult', 'derogatory_framing', 'personal_attack'] mapped=['explicit_threat', 'directed_insult', 'derogatory_framing', 'personal_attack']
[routing] weight for dynahate_hate: 3.4621850261366287
[routing] weight for tweeteval_offense: 2.371986165089722
[routing] weight for kaggle_bully: 3.6505799176015485
[routing] weight for jigsaw_threat: 3.659023439214945
[routing] Selected 4 experts for val2_jigsaw_threat_0410: [('jigsaw_threat', 3.659023439214945), ('kaggle_bully', 3.6505799176015485), ('dynahate_hate', 3.4621850261366287), ('tweeteval_offense', 2.371986165089722)]
[routing] Sample val2_jigsaw_threat_0411 raw_skills=['patronizing_tone', 'age_bullying'] mapped=['patronizing_tone', 'age_bullying']
[routing] weight for dynahate_hate: 1.7777777777777777
[routing] weight for tweeteval_offense: 1.5
[routing] weight for kaggle_bully: 2.0
[routing] weight for jigsaw_threat: 1.709090909090909
[routing] Selected 4 experts for val2_jigsaw_threat_0411: [('kaggle_bully', 2.0), ('dynahate_hate', 1.7777777777777777), ('jigsaw_threat', 1.709090909090909), ('tweeteval_offense', 1.5)]
[routing] Sample val2_jigsaw_threat_0412 raw_skills=['sarcastic_insult', 'toxic_tone'] mapped=['sarcastic_insult', 'toxic_tone']
[routing] weight for dynahate_hate: 1.6951515151515153
[routing] weight for tweeteval_offense: 1.2002258610954262
[routing] weight for kaggle_bully: 1.7672158850866073
[routing] weight for jigsaw_threat: 1.8086416611532394
[routing] Selected 4 experts for val2_jigsaw_threat_0412: [('jigsaw_threat', 1.8086416611532394), ('kaggle_bully', 1.7672158850866073), ('dynahate_hate', 1.6951515151515153), ('tweeteval_offense', 1.2002258610954262)]
[routing] Sample val_bal_jigsaw_threat_0000 raw_skills=[] mapped=[]
[routing] weight for dynahate_hate: 1.0
[routing] weight for tweeteval_offense: 1.0
[routing] weight for kaggle_bully: 1.0
[routing] weight for jigsaw_threat: 1.0
[routing] Selected 4 experts for val_bal_jigsaw_threat_0000: [('dynahate_hate', 1.0), ('tweeteval_offense', 1.0), ('kaggle_bully', 1.0), ('jigsaw_threat', 1.0)]
[routing] Sample val_bal_jigsaw_threat_0001 raw_skills=['explicit_threat'] mapped=['explicit_threat']
[routing] weight for dynahate_hate: 0.8709677419354839
[routing] weight for tweeteval_offense: 0.5833333333333334
[routing] weight for kaggle_bully: 0.963963963963964
[routing] weight for jigsaw_threat: 0.9122807017543859
[routing] Selected 4 experts for val_bal_jigsaw_threat_0001: [('kaggle_bully', 0.963963963963964), ('jigsaw_threat', 0.9122807017543859), ('dynahate_hate', 0.8709677419354839), ('tweeteval_offense', 0.5833333333333334)]
[routing] Sample val_bal_jigsaw_threat_0002 raw_skills=['explicit_threat', 'directed_insult'] mapped=['explicit_threat', 'directed_insult']
[routing] weight for dynahate_hate: 1.7973481100336435
[routing] weight for tweeteval_offense: 1.3275193798449614
[routing] weight for kaggle_bully: 1.8867438867438868
[routing] weight for jigsaw_threat: 1.84634663582032
[routing] Selected 4 experts for val_bal_jigsaw_threat_0002: [('kaggle_bully', 1.8867438867438868), ('jigsaw_threat', 1.84634663582032), ('dynahate_hate', 1.7973481100336435), ('tweeteval_offense', 1.3275193798449614)]
[routing] Sample val_bal_jigsaw_threat_0003 raw_skills=[] mapped=[]
[routing] weight for dynahate_hate: 1.0
[routing] weight for tweeteval_offense: 1.0
[routing] weight for kaggle_bully: 1.0
[routing] weight for jigsaw_threat: 1.0
[routing] Selected 4 experts for val_bal_jigsaw_threat_0003: [('dynahate_hate', 1.0), ('tweeteval_offense', 1.0), ('kaggle_bully', 1.0), ('jigsaw_threat', 1.0)]
[routing] Sample val_bal_jigsaw_threat_0004 raw_skills=['explicit_threat', 'hostile_sentiment', 'derogatory_framing', 'personal_attack'] mapped=['explicit_threat', 'hostile_sentiment', 'derogatory_framing', 'personal_attack']
[routing] weight for dynahate_hate: 3.457882580116391
[routing] weight for tweeteval_offense: 2.07395396473194
[routing] weight for kaggle_bully: 3.566183833205464
[routing] weight for jigsaw_threat: 3.627396529539255
[routing] Selected 3 experts for val_bal_jigsaw_threat_0004: [('jigsaw_threat', 3.627396529539255), ('kaggle_bully', 3.566183833205464), ('dynahate_hate', 3.457882580116391)]
[routing] Sample val_bal_jigsaw_threat_0005 raw_skills=['explicit_threat', 'toxic_tone', 'personal_attack', 'age_bullying'] mapped=['explicit_threat', 'toxic_tone', 'personal_attack', 'age_bullying']
[routing] weight for dynahate_hate: 3.3251332379552845
[routing] weight for tweeteval_offense: 2.516957420688764
[routing] weight for kaggle_bully: 3.725927323798046
[routing] weight for jigsaw_threat: 3.513446105077761
[routing] Selected 4 experts for val_bal_jigsaw_threat_0005: [('kaggle_bully', 3.725927323798046), ('jigsaw_threat', 3.513446105077761), ('dynahate_hate', 3.3251332379552845), ('tweeteval_offense', 2.516957420688764)]
[routing] Sample val_bal_jigsaw_threat_0006 raw_skills=['derogatory_framing'] mapped=['derogatory_framing']
[routing] weight for dynahate_hate: 0.8502673796791443
[routing] weight for tweeteval_offense: 0.49222797927461137
[routing] weight for kaggle_bully: 0.8801996672212978
[routing] weight for jigsaw_threat: 0.9017857142857143
[routing] Selected 3 experts for val_bal_jigsaw_threat_0006: [('jigsaw_threat', 0.9017857142857143), ('kaggle_bully', 0.8801996672212978), ('dynahate_hate', 0.8502673796791443)]
[routing] Sample val_bal_jigsaw_threat_0007 raw_skills=['sarcastic_insult', 'personal_attack'] mapped=['sarcastic_insult', 'personal_attack']
[routing] weight for dynahate_hate: 1.6479028697571745
[routing] weight for tweeteval_offense: 1.2044127190136276
[routing] weight for kaggle_bully: 1.7725252525252526
[routing] weight for jigsaw_threat: 1.8292584360476865
[routing] Selected 4 experts for val_bal_jigsaw_threat_0007: [('jigsaw_threat', 1.8292584360476865), ('kaggle_bully', 1.7725252525252526), ('dynahate_hate', 1.6479028697571745), ('tweeteval_offense', 1.2044127190136276)]
[routing] Sample val_bal_jigsaw_threat_0008 raw_skills=['personal_attack', 'explicit_threat', 'toxic_tone'] mapped=['personal_attack', 'explicit_threat', 'toxic_tone']
[routing] weight for dynahate_hate: 2.547355460177507
[routing] weight for tweeteval_offense: 1.683624087355431
[routing] weight for kaggle_bully: 2.725927323798046
[routing] weight for jigsaw_threat: 2.713446105077761
[routing] Selected 4 experts for val_bal_jigsaw_threat_0008: [('kaggle_bully', 2.725927323798046), ('jigsaw_threat', 2.713446105077761), ('dynahate_hate', 2.547355460177507), ('tweeteval_offense', 1.683624087355431)]
[routing] Sample val_bal_jigsaw_threat_0009 raw_skills=['derogatory_framing', 'toxic_tone', 'explicit_threat', 'gender_bullying'] mapped=['derogatory_framing', 'toxic_tone', 'explicit_threat', 'gender_bullying']
[routing] weight for dynahate_hate: 3.4698457562629987
[routing] weight for tweeteval_offense: 2.3378989749456074
[routing] weight for kaggle_bully: 3.6698590484356117
[routing] weight for jigsaw_threat: 3.2043407302545637
[routing] Selected 4 experts for val_bal_jigsaw_threat_0009: [('kaggle_bully', 3.6698590484356117), ('dynahate_hate', 3.4698457562629987), ('jigsaw_threat', 3.2043407302545637), ('tweeteval_offense', 2.3378989749456074)]
[routing] Sample val_bal_jigsaw_threat_0010 raw_skills=[] mapped=[]
[routing] weight for dynahate_hate: 1.0
[routing] weight for tweeteval_offense: 1.0
[routing] weight for kaggle_bully: 1.0
[routing] weight for jigsaw_threat: 1.0
[routing] Selected 4 experts for val_bal_jigsaw_threat_0010: [('dynahate_hate', 1.0), ('tweeteval_offense', 1.0), ('kaggle_bully', 1.0), ('jigsaw_threat', 1.0)]
[routing] Sample val_bal_jigsaw_threat_0011 raw_skills=['toxic_tone'] mapped=['toxic_tone']
[routing] weight for dynahate_hate: 0.8618181818181818
[routing] weight for tweeteval_offense: 0.548051948051948
[routing] weight for kaggle_bully: 0.8783269961977186
[routing] weight for jigsaw_threat: 0.8902743142144638
[routing] Selected 4 experts for val_bal_jigsaw_threat_0011: [('jigsaw_threat', 0.8902743142144638), ('kaggle_bully', 0.8783269961977186), ('dynahate_hate', 0.8618181818181818), ('tweeteval_offense', 0.548051948051948)]
[routing] Sample val_bal_jigsaw_threat_0012 raw_skills=['hostile_sentiment', 'derogatory_framing', 'toxic_tone'] mapped=['hostile_sentiment', 'derogatory_framing', 'toxic_tone']
[routing] weight for dynahate_hate: 2.6341634835752483
[routing] weight for tweeteval_offense: 1.4864337734804054
[routing] weight for kaggle_bully: 2.5969105018028547
[routing] weight for jigsaw_threat: 2.6944990528904222
[routing] Selected 3 experts for val_bal_jigsaw_threat_0012: [('jigsaw_threat', 2.6944990528904222), ('dynahate_hate', 2.6341634835752483), ('kaggle_bully', 2.5969105018028547)]
[routing] Sample val_bal_jigsaw_threat_0013 raw_skills=['derogatory_framing'] mapped=['derogatory_framing']
[routing] weight for dynahate_hate: 0.8502673796791443
[routing] weight for tweeteval_offense: 0.49222797927461137
[routing] weight for kaggle_bully: 0.8801996672212978
[routing] weight for jigsaw_threat: 0.9017857142857143
[routing] Selected 3 experts for val_bal_jigsaw_threat_0013: [('jigsaw_threat', 0.9017857142857143), ('kaggle_bully', 0.8801996672212978), ('dynahate_hate', 0.8502673796791443)]
[routing] Sample val_bal_jigsaw_threat_0014 raw_skills=['derogatory_framing', 'toxic_tone'] mapped=['derogatory_framing', 'toxic_tone']
[routing] weight for dynahate_hate: 1.712085561497326
[routing] weight for tweeteval_offense: 1.0402799273265595
[routing] weight for kaggle_bully: 1.7585266634190164
[routing] weight for jigsaw_threat: 1.792060028500178
[routing] Selected 3 experts for val_bal_jigsaw_threat_0014: [('jigsaw_threat', 1.792060028500178), ('kaggle_bully', 1.7585266634190164), ('dynahate_hate', 1.712085561497326)]
[routing] Sample val_bal_jigsaw_threat_0015 raw_skills=[] mapped=[]
[routing] weight for dynahate_hate: 1.0
[routing] weight for tweeteval_offense: 1.0
[routing] weight for kaggle_bully: 1.0
[routing] weight for jigsaw_threat: 1.0
[routing] Selected 4 experts for val_bal_jigsaw_threat_0015: [('dynahate_hate', 1.0), ('tweeteval_offense', 1.0), ('kaggle_bully', 1.0), ('jigsaw_threat', 1.0)]
[routing] Sample val_bal_jigsaw_threat_0016 raw_skills=['directed_insult', 'personal_attack', 'toxic_tone'] mapped=['directed_insult', 'personal_attack', 'toxic_tone']
[routing] weight for dynahate_hate: 2.6027680863401823
[routing] weight for tweeteval_offense: 1.8444768005337253
[routing] weight for kaggle_bully: 2.684743282614005
[routing] weight for jigsaw_threat: 2.735231337389309
[routing] Selected 4 experts for val_bal_jigsaw_threat_0016: [('jigsaw_threat', 2.735231337389309), ('kaggle_bully', 2.684743282614005), ('dynahate_hate', 2.6027680863401823), ('tweeteval_offense', 1.8444768005337253)]
[routing] Sample val_bal_jigsaw_threat_0017 raw_skills=['derogatory_framing', 'toxic_tone', 'personal_attack'] mapped=['derogatory_framing', 'toxic_tone', 'personal_attack']
[routing] weight for dynahate_hate: 2.526655097921167
[routing] weight for tweeteval_offense: 1.5925187332967088
[routing] weight for kaggle_bully: 2.64216302705538
[routing] weight for jigsaw_threat: 2.702951117609089
[routing] Selected 3 experts for val_bal_jigsaw_threat_0017: [('jigsaw_threat', 2.702951117609089), ('kaggle_bully', 2.64216302705538), ('dynahate_hate', 2.526655097921167)]
[routing] Sample val_bal_jigsaw_threat_0018 raw_skills=['personal_attack', 'conditional_threat'] mapped=['personal_attack', 'conditional_threat']
[routing] weight for dynahate_hate: 0.8145695364238411
[routing] weight for tweeteval_offense: 0.5522388059701493
[routing] weight for kaggle_bully: 0.8836363636363637
[routing] weight for jigsaw_threat: 1.9108910891089108
[routing] Selected 1 experts for val_bal_jigsaw_threat_0018: [('jigsaw_threat', 1.9108910891089108)]
[routing] Sample val_bal_jigsaw_threat_0019 raw_skills=['stereotype_invocation', 'explicit_threat', 'derogatory_framing', 'implicit_hate'] mapped=['stereotype_invocation', 'explicit_threat', 'derogatory_framing', 'implicit_hate']
[routing] weight for dynahate_hate: 3.4308434407754422
[routing] weight for tweeteval_offense: 1.9781633656038864
[routing] weight for kaggle_bully: 3.693989467926137
[routing] weight for jigsaw_threat: 3.5224412914139784
[routing] Selected 3 experts for val_bal_jigsaw_threat_0019: [('kaggle_bully', 3.693989467926137), ('jigsaw_threat', 3.5224412914139784), ('dynahate_hate', 3.4308434407754422)]
[routing] Sample val_bal_jigsaw_threat_0020 raw_skills=['derogatory_framing', 'hostile_sentiment', 'personal_attack'] mapped=['derogatory_framing', 'hostile_sentiment', 'personal_attack']
[routing] weight for dynahate_hate: 2.5869148381809075
[routing] weight for tweeteval_offense: 1.4906206313986068
[routing] weight for kaggle_bully: 2.6022198692415
[routing] weight for jigsaw_threat: 2.715115827784869
[routing] Selected 3 experts for val_bal_jigsaw_threat_0020: [('jigsaw_threat', 2.715115827784869), ('kaggle_bully', 2.6022198692415), ('dynahate_hate', 2.5869148381809075)]
[routing] Sample val_bal_jigsaw_threat_0021 raw_skills=['derogatory_framing', 'toxic_tone'] mapped=['derogatory_framing', 'toxic_tone']
[routing] weight for dynahate_hate: 1.712085561497326
[routing] weight for tweeteval_offense: 1.0402799273265595
[routing] weight for kaggle_bully: 1.7585266634190164
[routing] weight for jigsaw_threat: 1.792060028500178
[routing] Selected 3 experts for val_bal_jigsaw_threat_0021: [('jigsaw_threat', 1.792060028500178), ('kaggle_bully', 1.7585266634190164), ('dynahate_hate', 1.712085561497326)]
[routing] Sample val_bal_jigsaw_threat_0022 raw_skills=['explicit_threat', 'conditional_threat', 'hostile_sentiment', 'toxic_tone'] mapped=['explicit_threat', 'conditional_threat', 'hostile_sentiment', 'toxic_tone']
[routing] weight for dynahate_hate: 2.6548638458315876
[routing] weight for tweeteval_offense: 1.5775391275391275
[routing] weight for kaggle_bully: 2.680674798545521
[routing] weight for jigsaw_threat: 3.704994040359094
[routing] Selected 3 experts for val_bal_jigsaw_threat_0022: [('jigsaw_threat', 3.704994040359094), ('kaggle_bully', 2.680674798545521), ('dynahate_hate', 2.6548638458315876)]
[routing] Sample val_bal_jigsaw_threat_0023 raw_skills=['explicit_threat', 'dehumanization'] mapped=['explicit_threat', 'dehumanization']
[routing] weight for dynahate_hate: 1.7223190932868353
[routing] weight for tweeteval_offense: 1.1833333333333333
[routing] weight for kaggle_bully: 1.8071012188659248
[routing] weight for jigsaw_threat: 1.8837092731829572
[routing] Selected 4 experts for val_bal_jigsaw_threat_0023: [('jigsaw_threat', 1.8837092731829572), ('kaggle_bully', 1.8071012188659248), ('dynahate_hate', 1.7223190932868353), ('tweeteval_offense', 1.1833333333333333)]
[routing] Sample val_bal_jigsaw_threat_0024 raw_skills=['derogatory_framing', 'toxic_tone', 'hostile_sentiment'] mapped=['derogatory_framing', 'toxic_tone', 'hostile_sentiment']
[routing] weight for dynahate_hate: 2.6341634835752483
[routing] weight for tweeteval_offense: 1.4864337734804056
[routing] weight for kaggle_bully: 2.5969105018028547
[routing] weight for jigsaw_threat: 2.694499052890422
[routing] Selected 3 experts for val_bal_jigsaw_threat_0024: [('jigsaw_threat', 2.694499052890422), ('dynahate_hate', 2.6341634835752483), ('kaggle_bully', 2.5969105018028547)]
[routing] Sample val_bal_jigsaw_threat_0025 raw_skills=['toxic_tone'] mapped=['toxic_tone']
[routing] weight for dynahate_hate: 0.8618181818181818
[routing] weight for tweeteval_offense: 0.548051948051948
[routing] weight for kaggle_bully: 0.8783269961977186
[routing] weight for jigsaw_threat: 0.8902743142144638
[routing] Selected 4 experts for val_bal_jigsaw_threat_0025: [('jigsaw_threat', 0.8902743142144638), ('kaggle_bully', 0.8783269961977186), ('dynahate_hate', 0.8618181818181818), ('tweeteval_offense', 0.548051948051948)]
[routing] Sample val_bal_jigsaw_threat_0026 raw_skills=['explicit_threat', 'implicit_hate', 'dehumanization', 'derogatory_framing', 'hostile_sentiment'] mapped=['explicit_threat', 'implicit_hate', 'dehumanization', 'derogatory_framing', 'hostile_sentiment']
[routing] weight for dynahate_hate: 4.342380131084511
[routing] weight for tweeteval_offense: 2.545443972321113
[routing] weight for kaggle_bully: 4.422458918019449
[routing] weight for jigsaw_threat: 4.599698717741269
[routing] Selected 3 experts for val_bal_jigsaw_threat_0026: [('jigsaw_threat', 4.599698717741269), ('kaggle_bully', 4.422458918019449), ('dynahate_hate', 4.342380131084511)]
[routing] Sample val_bal_jigsaw_threat_0027 raw_skills=['explicit_threat', 'violence_indication'] mapped=['explicit_threat', 'violence_indication']
[routing] weight for dynahate_hate: 1.870967741935484
[routing] weight for tweeteval_offense: 1.0833333333333335
[routing] weight for kaggle_bully: 1.9639639639639639
[routing] weight for jigsaw_threat: 1.8635002139495078
[routing] Selected 3 experts for val_bal_jigsaw_threat_0027: [('kaggle_bully', 1.9639639639639639), ('dynahate_hate', 1.870967741935484), ('jigsaw_threat', 1.8635002139495078)]
[routing] Sample val_bal_jigsaw_threat_0028 raw_skills=['implicit_hate', 'derogatory_framing', 'explicit_threat'] mapped=['implicit_hate', 'derogatory_framing', 'explicit_threat']
[routing] weight for dynahate_hate: 2.5689508576552376
[routing] weight for tweeteval_offense: 1.4992901261672666
[routing] weight for kaggle_bully: 2.7409378247336487
[routing] weight for jigsaw_threat: 2.725831121922453
[routing] Selected 3 experts for val_bal_jigsaw_threat_0028: [('kaggle_bully', 2.7409378247336487), ('jigsaw_threat', 2.725831121922453), ('dynahate_hate', 2.5689508576552376)]
[routing] Sample val_bal_jigsaw_threat_0029 raw_skills=['dehumanization', 'explicit_threat', 'hostile_sentiment', 'derogatory_framing'] mapped=['dehumanization', 'explicit_threat', 'hostile_sentiment', 'derogatory_framing']
[routing] weight for dynahate_hate: 3.4946643950439014
[routing] weight for tweeteval_offense: 2.121715158761791
[routing] weight for kaggle_bully: 3.525684724471061
[routing] weight for jigsaw_threat: 3.6879340118589155
[routing] Selected 3 experts for val_bal_jigsaw_threat_0029: [('jigsaw_threat', 3.6879340118589155), ('kaggle_bully', 3.525684724471061), ('dynahate_hate', 3.4946643950439014)]
[routing] Sample val_bal_jigsaw_threat_0030 raw_skills=['profanity_tone'] mapped=['profanity_tone']
[routing] weight for dynahate_hate: 0.9333333333333333
[routing] weight for tweeteval_offense: 0.7983870967741935
[routing] weight for kaggle_bully: 0.8901960784313725
[routing] weight for jigsaw_threat: 0.8095238095238095
[routing] Selected 4 experts for val_bal_jigsaw_threat_0030: [('dynahate_hate', 0.9333333333333333), ('kaggle_bully', 0.8901960784313725), ('jigsaw_threat', 0.8095238095238095), ('tweeteval_offense', 0.7983870967741935)]
[routing] Sample val_bal_jigsaw_threat_0031 raw_skills=['explicit_threat', 'derogatory_framing'] mapped=['explicit_threat', 'derogatory_framing']
[routing] weight for dynahate_hate: 1.7212351216146282
[routing] weight for tweeteval_offense: 1.0755613126079449
[routing] weight for kaggle_bully: 1.8441636311852618
[routing] weight for jigsaw_threat: 1.8140664160401
[routing] Selected 3 experts for val_bal_jigsaw_threat_0031: [('kaggle_bully', 1.8441636311852618), ('jigsaw_threat', 1.8140664160401), ('dynahate_hate', 1.7212351216146282)]
[routing] Sample val_bal_jigsaw_threat_0032 raw_skills=['patronizing_tone'] mapped=['patronizing_tone']
[routing] weight for dynahate_hate: 1.0
[routing] weight for tweeteval_offense: 0.6666666666666666
[routing] weight for kaggle_bully: 1.0
[routing] weight for jigsaw_threat: 0.9090909090909091
[routing] Selected 4 experts for val_bal_jigsaw_threat_0032: [('dynahate_hate', 1.0), ('kaggle_bully', 1.0), ('jigsaw_threat', 0.9090909090909091), ('tweeteval_offense', 0.6666666666666666)]
[routing] Sample val_bal_jigsaw_threat_0033 raw_skills=['explicit_threat'] mapped=['explicit_threat']
[routing] weight for dynahate_hate: 0.8709677419354839
[routing] weight for tweeteval_offense: 0.5833333333333334
[routing] weight for kaggle_bully: 0.963963963963964
[routing] weight for jigsaw_threat: 0.9122807017543859
[routing] Selected 4 experts for val_bal_jigsaw_threat_0033: [('kaggle_bully', 0.963963963963964), ('jigsaw_threat', 0.9122807017543859), ('dynahate_hate', 0.8709677419354839), ('tweeteval_offense', 0.5833333333333334)]
[routing] Sample val_bal_jigsaw_threat_0034 raw_skills=['explicit_threat', 'hostile_sentiment', 'derogatory_framing', 'personal_attack'] mapped=['explicit_threat', 'hostile_sentiment', 'derogatory_framing', 'personal_attack']
[routing] weight for dynahate_hate: 3.457882580116391
[routing] weight for tweeteval_offense: 2.07395396473194
[routing] weight for kaggle_bully: 3.566183833205464
[routing] weight for jigsaw_threat: 3.627396529539255
[routing] Selected 3 experts for val_bal_jigsaw_threat_0034: [('jigsaw_threat', 3.627396529539255), ('kaggle_bully', 3.566183833205464), ('dynahate_hate', 3.457882580116391)]
[routing] Sample val_bal_jigsaw_threat_0035 raw_skills=['explicit_threat', 'profanity_tone'] mapped=['explicit_threat', 'profanity_tone']
[routing] weight for dynahate_hate: 1.8043010752688171
[routing] weight for tweeteval_offense: 1.381720430107527
[routing] weight for kaggle_bully: 1.8541600423953364
[routing] weight for jigsaw_threat: 1.7218045112781954
[routing] Selected 4 experts for val_bal_jigsaw_threat_0035: [('kaggle_bully', 1.8541600423953364), ('dynahate_hate', 1.8043010752688171), ('jigsaw_threat', 1.7218045112781954), ('tweeteval_offense', 1.381720430107527)]
[routing] Sample val_bal_jigsaw_threat_0036 raw_skills=['toxic_tone'] mapped=['toxic_tone']
[routing] weight for dynahate_hate: 0.8618181818181818
[routing] weight for tweeteval_offense: 0.548051948051948
[routing] weight for kaggle_bully: 0.8783269961977186
[routing] weight for jigsaw_threat: 0.8902743142144638
[routing] Selected 4 experts for val_bal_jigsaw_threat_0036: [('jigsaw_threat', 0.8902743142144638), ('kaggle_bully', 0.8783269961977186), ('dynahate_hate', 0.8618181818181818), ('tweeteval_offense', 0.548051948051948)]
[routing] Sample val_bal_jigsaw_threat_0037 raw_skills=['explicit_threat'] mapped=['explicit_threat']
[routing] weight for dynahate_hate: 0.8709677419354839
[routing] weight for tweeteval_offense: 0.5833333333333334
[routing] weight for kaggle_bully: 0.963963963963964
[routing] weight for jigsaw_threat: 0.9122807017543859
[routing] Selected 4 experts for val_bal_jigsaw_threat_0037: [('kaggle_bully', 0.963963963963964), ('jigsaw_threat', 0.9122807017543859), ('dynahate_hate', 0.8709677419354839), ('tweeteval_offense', 0.5833333333333334)]
[routing] Sample val_bal_jigsaw_threat_0038 raw_skills=['derogatory_framing', 'explicit_threat', 'toxic_tone', 'collective_blaming'] mapped=['derogatory_framing', 'explicit_threat', 'toxic_tone', 'collective_blaming']
[routing] weight for dynahate_hate: 3.194164414543921
[routing] weight for tweeteval_offense: 2.248613260659893
[routing] weight for kaggle_bully: 3.7224906273829803
[routing] weight for jigsaw_threat: 3.5687475099155805
[routing] Selected 4 experts for val_bal_jigsaw_threat_0038: [('kaggle_bully', 3.7224906273829803), ('jigsaw_threat', 3.5687475099155805), ('dynahate_hate', 3.194164414543921), ('tweeteval_offense', 2.248613260659893)]
[routing] Sample val_bal_jigsaw_threat_0039 raw_skills=['explicit_threat'] mapped=['explicit_threat']
[routing] weight for dynahate_hate: 0.8709677419354839
[routing] weight for tweeteval_offense: 0.5833333333333334
[routing] weight for kaggle_bully: 0.963963963963964
[routing] weight for jigsaw_threat: 0.9122807017543859
[routing] Selected 4 experts for val_bal_jigsaw_threat_0039: [('kaggle_bully', 0.963963963963964), ('jigsaw_threat', 0.9122807017543859), ('dynahate_hate', 0.8709677419354839), ('tweeteval_offense', 0.5833333333333334)]
[routing] Sample val_bal_jigsaw_threat_0040 raw_skills=['toxic_tone'] mapped=['toxic_tone']
[routing] weight for dynahate_hate: 0.8618181818181818
[routing] weight for tweeteval_offense: 0.548051948051948
[routing] weight for kaggle_bully: 0.8783269961977186
[routing] weight for jigsaw_threat: 0.8902743142144638
[routing] Selected 4 experts for val_bal_jigsaw_threat_0040: [('jigsaw_threat', 0.8902743142144638), ('kaggle_bully', 0.8783269961977186), ('dynahate_hate', 0.8618181818181818), ('tweeteval_offense', 0.548051948051948)]
[routing] Sample val_bal_jigsaw_threat_0041 raw_skills=['explicit_threat', 'power_imbalance_cue', 'appearance_bullying'] mapped=['explicit_threat', 'power_imbalance_cue', 'appearance_bullying']
[routing] weight for dynahate_hate: 2.624755620723363
[routing] weight for tweeteval_offense: 1.5400153609831029
[routing] weight for kaggle_bully: 2.7103298787509313
[routing] weight for jigsaw_threat: 2.7170426065162907
[routing] Selected 3 experts for val_bal_jigsaw_threat_0041: [('jigsaw_threat', 2.7170426065162907), ('kaggle_bully', 2.7103298787509313), ('dynahate_hate', 2.624755620723363)]
[routing] Sample val_bal_jigsaw_threat_0042 raw_skills=['explicit_threat', 'directed_insult'] mapped=['explicit_threat', 'directed_insult']
[routing] weight for dynahate_hate: 1.7973481100336435
[routing] weight for tweeteval_offense: 1.3275193798449614
[routing] weight for kaggle_bully: 1.8867438867438868
[routing] weight for jigsaw_threat: 1.84634663582032
[routing] Selected 4 experts for val_bal_jigsaw_threat_0042: [('kaggle_bully', 1.8867438867438868), ('jigsaw_threat', 1.84634663582032), ('dynahate_hate', 1.7973481100336435), ('tweeteval_offense', 1.3275193798449614)]
[routing] Sample val_bal_jigsaw_threat_0043 raw_skills=['hostile_sentiment', 'personal_attack'] mapped=['hostile_sentiment', 'personal_attack']
[routing] weight for dynahate_hate: 1.7366474585017633
[routing] weight for tweeteval_offense: 0.9983926521239954
[routing] weight for kaggle_bully: 1.722020202020202
[routing] weight for jigsaw_threat: 1.8133301134991548
[routing] Selected 3 experts for val_bal_jigsaw_threat_0043: [('jigsaw_threat', 1.8133301134991548), ('dynahate_hate', 1.7366474585017633), ('kaggle_bully', 1.722020202020202)]
[routing] Sample val_bal_jigsaw_threat_0044 raw_skills=['toxic_tone', 'stereotype_invocation', 'implicit_hate', 'derogatory_framing'] mapped=['toxic_tone', 'stereotype_invocation', 'implicit_hate', 'derogatory_framing']
[routing] weight for dynahate_hate: 3.42169388065814
[routing] weight for tweeteval_offense: 1.942881980322501
[routing] weight for kaggle_bully: 3.608352500159892
[routing] weight for jigsaw_threat: 3.5004349038740563
[routing] Selected 3 experts for val_bal_jigsaw_threat_0044: [('kaggle_bully', 3.608352500159892), ('jigsaw_threat', 3.5004349038740563), ('dynahate_hate', 3.42169388065814)]
[routing] Sample val_bal_jigsaw_threat_0045 raw_skills=['collective_blaming', 'derogatory_framing'] mapped=['collective_blaming', 'derogatory_framing']
[routing] weight for dynahate_hate: 1.4613784907902554
[routing] weight for tweeteval_offense: 1.1172279792746114
[routing] weight for kaggle_bully: 1.880199667221298
[routing] weight for jigsaw_threat: 1.7661924939467313
[routing] Selected 3 experts for val_bal_jigsaw_threat_0045: [('kaggle_bully', 1.880199667221298), ('jigsaw_threat', 1.7661924939467313), ('dynahate_hate', 1.4613784907902554)]
[routing] Sample val_bal_jigsaw_threat_0046 raw_skills=['derogatory_framing'] mapped=['derogatory_framing']
[routing] weight for dynahate_hate: 0.8502673796791443
[routing] weight for tweeteval_offense: 0.49222797927461137
[routing] weight for kaggle_bully: 0.8801996672212978
[routing] weight for jigsaw_threat: 0.9017857142857143
[routing] Selected 3 experts for val_bal_jigsaw_threat_0046: [('jigsaw_threat', 0.9017857142857143), ('kaggle_bully', 0.8801996672212978), ('dynahate_hate', 0.8502673796791443)]
[routing] Sample val_bal_jigsaw_threat_0047 raw_skills=['profanity_tone', 'hostile_sentiment'] mapped=['profanity_tone', 'hostile_sentiment']
[routing] weight for dynahate_hate: 1.8554112554112554
[routing] weight for tweeteval_offense: 1.2445409429280396
[routing] weight for kaggle_bully: 1.7285799168152107
[routing] weight for jigsaw_threat: 1.7119628339140536
[routing] Selected 4 experts for val_bal_jigsaw_threat_0047: [('dynahate_hate', 1.8554112554112554), ('kaggle_bully', 1.7285799168152107), ('jigsaw_threat', 1.7119628339140536), ('tweeteval_offense', 1.2445409429280396)]
[routing] Sample val_bal_jigsaw_threat_0048 raw_skills=['dehumanization', 'explicit_threat', 'stereotype_invocation', 'hostile_sentiment'] mapped=['dehumanization', 'explicit_threat', 'stereotype_invocation', 'hostile_sentiment']
[routing] weight for dynahate_hate: 3.506289598484962
[routing] weight for tweeteval_offense: 2.1083604189237994
[routing] weight for kaggle_bully: 3.598536700442251
[routing] weight for jigsaw_threat: 3.5827584670647266
[routing] Selected 3 experts for val_bal_jigsaw_threat_0048: [('kaggle_bully', 3.598536700442251), ('jigsaw_threat', 3.5827584670647266), ('dynahate_hate', 3.506289598484962)]
[routing] Sample val_bal_jigsaw_threat_0049 raw_skills=['explicit_threat'] mapped=['explicit_threat']
[routing] weight for dynahate_hate: 0.8709677419354839
[routing] weight for tweeteval_offense: 0.5833333333333334
[routing] weight for kaggle_bully: 0.963963963963964
[routing] weight for jigsaw_threat: 0.9122807017543859
[routing] Selected 4 experts for val_bal_jigsaw_threat_0049: [('kaggle_bully', 0.963963963963964), ('jigsaw_threat', 0.9122807017543859), ('dynahate_hate', 0.8709677419354839), ('tweeteval_offense', 0.5833333333333334)]
[routing] Sample val_bal_jigsaw_threat_0050 raw_skills=[] mapped=[]
[routing] weight for dynahate_hate: 1.0
[routing] weight for tweeteval_offense: 1.0
[routing] weight for kaggle_bully: 1.0
[routing] weight for jigsaw_threat: 1.0
[routing] Selected 4 experts for val_bal_jigsaw_threat_0050: [('dynahate_hate', 1.0), ('tweeteval_offense', 1.0), ('kaggle_bully', 1.0), ('jigsaw_threat', 1.0)]
[routing] Sample val_bal_jigsaw_threat_0051 raw_skills=['collective_blaming', 'derogatory_framing'] mapped=['collective_blaming', 'derogatory_framing']
[routing] weight for dynahate_hate: 1.4613784907902554
[routing] weight for tweeteval_offense: 1.1172279792746114
[routing] weight for kaggle_bully: 1.880199667221298
[routing] weight for jigsaw_threat: 1.7661924939467313
[routing] Selected 3 experts for val_bal_jigsaw_threat_0051: [('kaggle_bully', 1.880199667221298), ('jigsaw_threat', 1.7661924939467313), ('dynahate_hate', 1.4613784907902554)]
[routing] Sample val_bal_jigsaw_threat_0052 raw_skills=['derogatory_framing', 'collective_blaming', 'implicit_hate'] mapped=['derogatory_framing', 'collective_blaming', 'implicit_hate']
[routing] weight for dynahate_hate: 2.3090942268308643
[routing] weight for tweeteval_offense: 1.5409567928339334
[routing] weight for kaggle_bully: 2.7769738607696848
[routing] weight for jigsaw_threat: 2.677957199829084
[routing] Selected 3 experts for val_bal_jigsaw_threat_0052: [('kaggle_bully', 2.7769738607696848), ('jigsaw_threat', 2.677957199829084), ('dynahate_hate', 2.3090942268308643)]
[routing] Sample val_bal_jigsaw_threat_0053 raw_skills=['personal_attack', 'patronizing_tone'] mapped=['personal_attack', 'patronizing_tone']
[routing] weight for dynahate_hate: 1.814569536423841
[routing] weight for tweeteval_offense: 1.2189054726368158
[routing] weight for kaggle_bully: 1.8836363636363638
[routing] weight for jigsaw_threat: 1.81998199819982
[routing] Selected 4 experts for val_bal_jigsaw_threat_0053: [('kaggle_bully', 1.8836363636363638), ('jigsaw_threat', 1.81998199819982), ('dynahate_hate', 1.814569536423841), ('tweeteval_offense', 1.2189054726368158)]
[routing] Sample val_bal_jigsaw_threat_0054 raw_skills=['explicit_threat', 'dehumanization', 'hostile_sentiment'] mapped=['explicit_threat', 'dehumanization', 'hostile_sentiment']
[routing] weight for dynahate_hate: 2.644397015364757
[routing] weight for tweeteval_offense: 1.6294871794871795
[routing] weight for kaggle_bully: 2.645485057249763
[routing] weight for jigsaw_threat: 2.786148297573201
[routing] Selected 3 experts for val_bal_jigsaw_threat_0054: [('jigsaw_threat', 2.786148297573201), ('kaggle_bully', 2.645485057249763), ('dynahate_hate', 2.644397015364757)]
[routing] Sample val_bal_jigsaw_threat_0055 raw_skills=['explicit_threat'] mapped=['explicit_threat']
[routing] weight for dynahate_hate: 0.8709677419354839
[routing] weight for tweeteval_offense: 0.5833333333333334
[routing] weight for kaggle_bully: 0.963963963963964
[routing] weight for jigsaw_threat: 0.9122807017543859
[routing] Selected 4 experts for val_bal_jigsaw_threat_0055: [('kaggle_bully', 0.963963963963964), ('jigsaw_threat', 0.9122807017543859), ('dynahate_hate', 0.8709677419354839), ('tweeteval_offense', 0.5833333333333334)]
[routing] Sample val_bal_jigsaw_threat_0056 raw_skills=['explicit_threat'] mapped=['explicit_threat']
[routing] weight for dynahate_hate: 0.8709677419354839
[routing] weight for tweeteval_offense: 0.5833333333333334
[routing] weight for kaggle_bully: 0.963963963963964
[routing] weight for jigsaw_threat: 0.9122807017543859
[routing] Selected 4 experts for val_bal_jigsaw_threat_0056: [('kaggle_bully', 0.963963963963964), ('jigsaw_threat', 0.9122807017543859), ('dynahate_hate', 0.8709677419354839), ('tweeteval_offense', 0.5833333333333334)]
[routing] Sample val_bal_jigsaw_threat_0057 raw_skills=['toxic_tone'] mapped=['toxic_tone']
[routing] weight for dynahate_hate: 0.8618181818181818
[routing] weight for tweeteval_offense: 0.548051948051948
[routing] weight for kaggle_bully: 0.8783269961977186
[routing] weight for jigsaw_threat: 0.8902743142144638
[routing] Selected 4 experts for val_bal_jigsaw_threat_0057: [('jigsaw_threat', 0.8902743142144638), ('kaggle_bully', 0.8783269961977186), ('dynahate_hate', 0.8618181818181818), ('tweeteval_offense', 0.548051948051948)]
[routing] Sample val_bal_jigsaw_threat_0058 raw_skills=['derogatory_framing', 'implicit_hate', 'toxic_tone'] mapped=['derogatory_framing', 'implicit_hate', 'toxic_tone']
[routing] weight for dynahate_hate: 2.5598012975379354
[routing] weight for tweeteval_offense: 1.4640087408858813
[routing] weight for kaggle_bully: 2.6553008569674033
[routing] weight for jigsaw_threat: 2.703824734382531
[routing] Selected 3 experts for val_bal_jigsaw_threat_0058: [('jigsaw_threat', 2.703824734382531), ('kaggle_bully', 2.6553008569674033), ('dynahate_hate', 2.5598012975379354)]
[routing] Sample val_bal_jigsaw_threat_0059 raw_skills=['implicit_hate', 'stereotype_invocation', 'power_imbalance_cue', 'hostile_sentiment', 'derogatory_framing'] mapped=['implicit_hate', 'stereotype_invocation', 'power_imbalance_cue', 'hostile_sentiment', 'derogatory_framing']
[routing] weight for dynahate_hate: 4.3569536209178805
[routing] weight for tweeteval_offense: 1.926698164138685
[routing] weight for kaggle_bully: 4.435076009012678
[routing] weight for jigsaw_threat: 4.412599614049836
[routing] Selected 3 experts for val_bal_jigsaw_threat_0059: [('kaggle_bully', 4.435076009012678), ('jigsaw_threat', 4.412599614049836), ('dynahate_hate', 4.3569536209178805)]
[routing] Sample val_bal_jigsaw_threat_0060 raw_skills=['explicit_threat', 'dehumanization'] mapped=['explicit_threat', 'dehumanization']
[routing] weight for dynahate_hate: 1.7223190932868353
[routing] weight for tweeteval_offense: 1.1833333333333333
[routing] weight for kaggle_bully: 1.8071012188659248
[routing] weight for jigsaw_threat: 1.8837092731829572
[routing] Selected 4 experts for val_bal_jigsaw_threat_0060: [('jigsaw_threat', 1.8837092731829572), ('kaggle_bully', 1.8071012188659248), ('dynahate_hate', 1.7223190932868353), ('tweeteval_offense', 1.1833333333333333)]
[routing] Sample val_bal_jigsaw_threat_0061 raw_skills=['explicit_threat', 'directed_insult', 'personal_attack', 'hostile_sentiment'] mapped=['explicit_threat', 'directed_insult', 'personal_attack', 'hostile_sentiment']
[routing] weight for dynahate_hate: 3.5339955685354063
[routing] weight for tweeteval_offense: 2.325912031968957
[routing] weight for kaggle_bully: 3.608764088764089
[routing] weight for jigsaw_threat: 3.6596767493194746
[routing] Selected 4 experts for val_bal_jigsaw_threat_0061: [('jigsaw_threat', 3.6596767493194746), ('kaggle_bully', 3.608764088764089), ('dynahate_hate', 3.5339955685354063), ('tweeteval_offense', 2.325912031968957)]
[routing] Sample val_bal_jigsaw_threat_0062 raw_skills=['collective_blaming', 'sarcastic_insult'] mapped=['collective_blaming', 'sarcastic_insult']
[routing] weight for dynahate_hate: 1.4444444444444446
[routing] weight for tweeteval_offense: 1.2771739130434783
[routing] weight for kaggle_bully: 1.8888888888888888
[routing] weight for jigsaw_threat: 1.7827741265997925
[routing] Selected 4 experts for val_bal_jigsaw_threat_0062: [('kaggle_bully', 1.8888888888888888), ('jigsaw_threat', 1.7827741265997925), ('dynahate_hate', 1.4444444444444446), ('tweeteval_offense', 1.2771739130434783)]
[routing] Sample val_bal_jigsaw_threat_0063 raw_skills=[] mapped=[]
[routing] weight for dynahate_hate: 1.0
[routing] weight for tweeteval_offense: 1.0
[routing] weight for kaggle_bully: 1.0
[routing] weight for jigsaw_threat: 1.0
[routing] Selected 4 experts for val_bal_jigsaw_threat_0063: [('dynahate_hate', 1.0), ('tweeteval_offense', 1.0), ('kaggle_bully', 1.0), ('jigsaw_threat', 1.0)]
[routing] Sample val_bal_jigsaw_threat_0064 raw_skills=['toxic_tone', 'explicit_threat'] mapped=['toxic_tone', 'explicit_threat']
[routing] weight for dynahate_hate: 1.7327859237536658
[routing] weight for tweeteval_offense: 1.1313852813852814
[routing] weight for kaggle_bully: 1.8422909601616826
[routing] weight for jigsaw_threat: 1.8025550159688497
[routing] Selected 4 experts for val_bal_jigsaw_threat_0064: [('kaggle_bully', 1.8422909601616826), ('jigsaw_threat', 1.8025550159688497), ('dynahate_hate', 1.7327859237536658), ('tweeteval_offense', 1.1313852813852814)]
[routing] Sample val_bal_jigsaw_threat_0065 raw_skills=[] mapped=[]
[routing] weight for dynahate_hate: 1.0
[routing] weight for tweeteval_offense: 1.0
[routing] weight for kaggle_bully: 1.0
[routing] weight for jigsaw_threat: 1.0
[routing] Selected 4 experts for val_bal_jigsaw_threat_0065: [('dynahate_hate', 1.0), ('tweeteval_offense', 1.0), ('kaggle_bully', 1.0), ('jigsaw_threat', 1.0)]
[routing] Sample val_bal_jigsaw_threat_0066 raw_skills=['age_bullying', 'hostile_sentiment', 'personal_attack'] mapped=['age_bullying', 'hostile_sentiment', 'personal_attack']
[routing] weight for dynahate_hate: 2.514425236279541
[routing] weight for tweeteval_offense: 1.831725985457329
[routing] weight for kaggle_bully: 2.722020202020202
[routing] weight for jigsaw_threat: 2.613330113499155
[routing] Selected 4 experts for val_bal_jigsaw_threat_0066: [('kaggle_bully', 2.722020202020202), ('jigsaw_threat', 2.613330113499155), ('dynahate_hate', 2.514425236279541), ('tweeteval_offense', 1.831725985457329)]
[routing] Sample val_bal_jigsaw_threat_0067 raw_skills=['toxic_tone', 'derogatory_framing', 'patronizing_tone', 'collective_blaming', 'personal_attack'] mapped=['toxic_tone', 'derogatory_framing', 'patronizing_tone', 'collective_blaming', 'personal_attack']
[routing] weight for dynahate_hate: 4.137766209032279
[routing] weight for tweeteval_offense: 2.8841853999633753
[routing] weight for kaggle_bully: 4.64216302705538
[routing] weight for jigsaw_threat: 4.476448806361015
[routing] Selected 4 experts for val_bal_jigsaw_threat_0067: [('kaggle_bully', 4.64216302705538), ('jigsaw_threat', 4.476448806361015), ('dynahate_hate', 4.137766209032279), ('tweeteval_offense', 2.8841853999633753)]
[routing] Sample val_bal_jigsaw_threat_0068 raw_skills=['power_imbalance_cue', 'conditional_threat'] mapped=['power_imbalance_cue', 'conditional_threat']
[routing] weight for dynahate_hate: 0.875
[routing] weight for tweeteval_offense: 0.08571428571428572
[routing] weight for kaggle_bully: 0.8666666666666667
[routing] weight for jigsaw_threat: 1.9
[routing] Selected 1 experts for val_bal_jigsaw_threat_0068: [('jigsaw_threat', 1.9)]
[routing] Sample val_bal_jigsaw_threat_0069 raw_skills=['derogatory_framing', 'explicit_threat', 'personal_attack', 'hostile_sentiment'] mapped=['derogatory_framing', 'explicit_threat', 'personal_attack', 'hostile_sentiment']
[routing] weight for dynahate_hate: 3.457882580116391
[routing] weight for tweeteval_offense: 2.0739539647319405
[routing] weight for kaggle_bully: 3.566183833205464
[routing] weight for jigsaw_threat: 3.6273965295392547
[routing] Selected 3 experts for val_bal_jigsaw_threat_0069: [('jigsaw_threat', 3.6273965295392547), ('kaggle_bully', 3.566183833205464), ('dynahate_hate', 3.457882580116391)]
[routing] Sample val_bal_jigsaw_threat_0070 raw_skills=['stereotype_invocation', 'explicit_threat'] mapped=['stereotype_invocation', 'explicit_threat']
[routing] weight for dynahate_hate: 1.7328603250556884
[routing] weight for tweeteval_offense: 1.062206572769953
[routing] weight for kaggle_bully: 1.9170156071564524
[routing] weight for jigsaw_threat: 1.7088908712459112
[routing] Selected 3 experts for val_bal_jigsaw_threat_0070: [('kaggle_bully', 1.9170156071564524), ('dynahate_hate', 1.7328603250556884), ('jigsaw_threat', 1.7088908712459112)]
[routing] Sample val_bal_jigsaw_threat_0071 raw_skills=['dehumanization', 'stereotype_invocation', 'power_imbalance_cue', 'explicit_threat', 'derogatory_framing', 'hostile_sentiment'] mapped=['dehumanization', 'stereotype_invocation', 'power_imbalance_cue', 'explicit_threat', 'derogatory_framing', 'hostile_sentiment']
[routing] weight for dynahate_hate: 5.2315569781641065
[routing] weight for tweeteval_offense: 2.686302683912696
[routing] weight for kaggle_bully: 5.345403034330215
[routing] weight for jigsaw_threat: 5.384544181350441
[routing] Selected 3 experts for val_bal_jigsaw_threat_0071: [('jigsaw_threat', 5.384544181350441), ('kaggle_bully', 5.345403034330215), ('dynahate_hate', 5.2315569781641065)]
[routing] Sample val_bal_jigsaw_threat_0072 raw_skills=[] mapped=[]
[routing] weight for dynahate_hate: 1.0
[routing] weight for tweeteval_offense: 1.0
[routing] weight for kaggle_bully: 1.0
[routing] weight for jigsaw_threat: 1.0
[routing] Selected 4 experts for val_bal_jigsaw_threat_0072: [('dynahate_hate', 1.0), ('tweeteval_offense', 1.0), ('kaggle_bully', 1.0), ('jigsaw_threat', 1.0)]
[routing] Sample val_bal_jigsaw_threat_0073 raw_skills=['explicit_threat', 'dehumanization'] mapped=['explicit_threat', 'dehumanization']
[routing] weight for dynahate_hate: 1.7223190932868353
[routing] weight for tweeteval_offense: 1.1833333333333333
[routing] weight for kaggle_bully: 1.8071012188659248
[routing] weight for jigsaw_threat: 1.8837092731829572
[routing] Selected 4 experts for val_bal_jigsaw_threat_0073: [('jigsaw_threat', 1.8837092731829572), ('kaggle_bully', 1.8071012188659248), ('dynahate_hate', 1.7223190932868353), ('tweeteval_offense', 1.1833333333333333)]
[routing] Sample val_bal_jigsaw_threat_0074 raw_skills=['profanity_tone', 'derogatory_framing', 'personal_attack', 'explicit_threat', 'sarcastic_insult', 'toxic_tone'] mapped=['profanity_tone', 'derogatory_framing', 'personal_attack', 'explicit_threat', 'sarcastic_insult', 'toxic_tone']
[routing] weight for dynahate_hate: 5.164289506523318
[routing] weight for tweeteval_offense: 3.6264130764477143
[routing] weight for kaggle_bully: 5.385211958339606
[routing] weight for jigsaw_threat: 5.34312297582606
[routing] Selected 4 experts for val_bal_jigsaw_threat_0074: [('kaggle_bully', 5.385211958339606), ('jigsaw_threat', 5.34312297582606), ('dynahate_hate', 5.164289506523318), ('tweeteval_offense', 3.6264130764477143)]
[routing] Sample val_bal_jigsaw_threat_0075 raw_skills=['toxic_tone', 'explicit_threat'] mapped=['toxic_tone', 'explicit_threat']
[routing] weight for dynahate_hate: 1.7327859237536658
[routing] weight for tweeteval_offense: 1.1313852813852814
[routing] weight for kaggle_bully: 1.8422909601616826
[routing] weight for jigsaw_threat: 1.8025550159688497
[routing] Selected 4 experts for val_bal_jigsaw_threat_0075: [('kaggle_bully', 1.8422909601616826), ('jigsaw_threat', 1.8025550159688497), ('dynahate_hate', 1.7327859237536658), ('tweeteval_offense', 1.1313852813852814)]
[routing] Sample val_bal_jigsaw_threat_0076 raw_skills=['derogatory_framing', 'personal_attack'] mapped=['derogatory_framing', 'personal_attack']
[routing] weight for dynahate_hate: 1.6648369161029855
[routing] weight for tweeteval_offense: 1.0444667852447607
[routing] weight for kaggle_bully: 1.7638360308576615
[routing] weight for jigsaw_threat: 1.8126768033946252
[routing] Selected 3 experts for val_bal_jigsaw_threat_0076: [('jigsaw_threat', 1.8126768033946252), ('kaggle_bully', 1.7638360308576615), ('dynahate_hate', 1.6648369161029855)]
[routing] Sample val_bal_jigsaw_threat_0077 raw_skills=['explicit_threat'] mapped=['explicit_threat']
[routing] weight for dynahate_hate: 0.8709677419354839
[routing] weight for tweeteval_offense: 0.5833333333333334
[routing] weight for kaggle_bully: 0.963963963963964
[routing] weight for jigsaw_threat: 0.9122807017543859
[routing] Selected 4 experts for val_bal_jigsaw_threat_0077: [('kaggle_bully', 0.963963963963964), ('jigsaw_threat', 0.9122807017543859), ('dynahate_hate', 0.8709677419354839), ('tweeteval_offense', 0.5833333333333334)]
[routing] Sample val_bal_jigsaw_threat_0078 raw_skills=[] mapped=[]
[routing] weight for dynahate_hate: 1.0
[routing] weight for tweeteval_offense: 1.0
[routing] weight for kaggle_bully: 1.0
[routing] weight for jigsaw_threat: 1.0
[routing] Selected 4 experts for val_bal_jigsaw_threat_0078: [('dynahate_hate', 1.0), ('tweeteval_offense', 1.0), ('kaggle_bully', 1.0), ('jigsaw_threat', 1.0)]
[routing] Sample val_bal_jigsaw_threat_0079 raw_skills=['personal_attack', 'sarcastic_insult', 'toxic_tone', 'derogatory_framing'] mapped=['personal_attack', 'sarcastic_insult', 'toxic_tone', 'derogatory_framing']
[routing] weight for dynahate_hate: 3.3599884312545005
[routing] weight for tweeteval_offense: 2.244692646340187
[routing] weight for kaggle_bully: 3.531051915944269
[routing] weight for jigsaw_threat: 3.6213184645478647
[routing] Selected 4 experts for val_bal_jigsaw_threat_0079: [('jigsaw_threat', 3.6213184645478647), ('kaggle_bully', 3.531051915944269), ('dynahate_hate', 3.3599884312545005), ('tweeteval_offense', 2.244692646340187)]
[routing] Sample val_bal_jigsaw_threat_0080 raw_skills=['explicit_threat'] mapped=['explicit_threat']
[routing] weight for dynahate_hate: 0.8709677419354839
[routing] weight for tweeteval_offense: 0.5833333333333334
[routing] weight for kaggle_bully: 0.963963963963964
[routing] weight for jigsaw_threat: 0.9122807017543859
[routing] Selected 4 experts for val_bal_jigsaw_threat_0080: [('kaggle_bully', 0.963963963963964), ('jigsaw_threat', 0.9122807017543859), ('dynahate_hate', 0.8709677419354839), ('tweeteval_offense', 0.5833333333333334)]
[routing] Sample val_bal_jigsaw_threat_0081 raw_skills=['explicit_threat'] mapped=['explicit_threat']
[routing] weight for dynahate_hate: 0.8709677419354839
[routing] weight for tweeteval_offense: 0.5833333333333334
[routing] weight for kaggle_bully: 0.963963963963964
[routing] weight for jigsaw_threat: 0.9122807017543859
[routing] Selected 4 experts for val_bal_jigsaw_threat_0081: [('kaggle_bully', 0.963963963963964), ('jigsaw_threat', 0.9122807017543859), ('dynahate_hate', 0.8709677419354839), ('tweeteval_offense', 0.5833333333333334)]
[routing] Sample val_bal_jigsaw_threat_0082 raw_skills=['derogatory_framing', 'toxic_tone'] mapped=['derogatory_framing', 'toxic_tone']
[routing] weight for dynahate_hate: 1.712085561497326
[routing] weight for tweeteval_offense: 1.0402799273265595
[routing] weight for kaggle_bully: 1.7585266634190164
[routing] weight for jigsaw_threat: 1.792060028500178
[routing] Selected 3 experts for val_bal_jigsaw_threat_0082: [('jigsaw_threat', 1.792060028500178), ('kaggle_bully', 1.7585266634190164), ('dynahate_hate', 1.712085561497326)]
[routing] Sample val_bal_jigsaw_threat_0083 raw_skills=['sarcastic_insult', 'personal_attack'] mapped=['sarcastic_insult', 'personal_attack']
[routing] weight for dynahate_hate: 1.6479028697571745
[routing] weight for tweeteval_offense: 1.2044127190136276
[routing] weight for kaggle_bully: 1.7725252525252526
[routing] weight for jigsaw_threat: 1.8292584360476865
[routing] Selected 4 experts for val_bal_jigsaw_threat_0083: [('jigsaw_threat', 1.8292584360476865), ('kaggle_bully', 1.7725252525252526), ('dynahate_hate', 1.6479028697571745), ('tweeteval_offense', 1.2044127190136276)]
[routing] Sample val_bal_jigsaw_threat_0084 raw_skills=['explicit_threat'] mapped=['explicit_threat']
[routing] weight for dynahate_hate: 0.8709677419354839
[routing] weight for tweeteval_offense: 0.5833333333333334
[routing] weight for kaggle_bully: 0.963963963963964
[routing] weight for jigsaw_threat: 0.9122807017543859
[routing] Selected 4 experts for val_bal_jigsaw_threat_0084: [('kaggle_bully', 0.963963963963964), ('jigsaw_threat', 0.9122807017543859), ('dynahate_hate', 0.8709677419354839), ('tweeteval_offense', 0.5833333333333334)]
[routing] Sample val_bal_jigsaw_threat_0085 raw_skills=['explicit_threat'] mapped=['explicit_threat']
[routing] weight for dynahate_hate: 0.8709677419354839
[routing] weight for tweeteval_offense: 0.5833333333333334
[routing] weight for kaggle_bully: 0.963963963963964
[routing] weight for jigsaw_threat: 0.9122807017543859
[routing] Selected 4 experts for val_bal_jigsaw_threat_0085: [('kaggle_bully', 0.963963963963964), ('jigsaw_threat', 0.9122807017543859), ('dynahate_hate', 0.8709677419354839), ('tweeteval_offense', 0.5833333333333334)]
[routing] Sample val_bal_jigsaw_threat_0086 raw_skills=['toxic_tone'] mapped=['toxic_tone']
[routing] weight for dynahate_hate: 0.8618181818181818
[routing] weight for tweeteval_offense: 0.548051948051948
[routing] weight for kaggle_bully: 0.8783269961977186
[routing] weight for jigsaw_threat: 0.8902743142144638
[routing] Selected 4 experts for val_bal_jigsaw_threat_0086: [('jigsaw_threat', 0.8902743142144638), ('kaggle_bully', 0.8783269961977186), ('dynahate_hate', 0.8618181818181818), ('tweeteval_offense', 0.548051948051948)]
[routing] Sample val_bal_jigsaw_threat_0087 raw_skills=[] mapped=[]
[routing] weight for dynahate_hate: 1.0
[routing] weight for tweeteval_offense: 1.0
[routing] weight for kaggle_bully: 1.0
[routing] weight for jigsaw_threat: 1.0
[routing] Selected 4 experts for val_bal_jigsaw_threat_0087: [('dynahate_hate', 1.0), ('tweeteval_offense', 1.0), ('kaggle_bully', 1.0), ('jigsaw_threat', 1.0)]
[routing] Sample val_bal_jigsaw_threat_0088 raw_skills=['derogatory_framing', 'sarcastic_insult', 'explicit_threat', 'personal_attack'] mapped=['derogatory_framing', 'sarcastic_insult', 'explicit_threat', 'personal_attack']
[routing] weight for dynahate_hate: 3.3691379913718027
[routing] weight for tweeteval_offense: 2.279974031621572
[routing] weight for kaggle_bully: 3.6166888837105144
[routing] weight for jigsaw_threat: 3.643324852087787
[routing] Selected 4 experts for val_bal_jigsaw_threat_0088: [('jigsaw_threat', 3.643324852087787), ('kaggle_bully', 3.6166888837105144), ('dynahate_hate', 3.3691379913718027), ('tweeteval_offense', 2.279974031621572)]
[routing] Sample val_bal_jigsaw_threat_0089 raw_skills=[] mapped=[]
[routing] weight for dynahate_hate: 1.0
[routing] weight for tweeteval_offense: 1.0
[routing] weight for kaggle_bully: 1.0
[routing] weight for jigsaw_threat: 1.0
[routing] Selected 4 experts for val_bal_jigsaw_threat_0089: [('dynahate_hate', 1.0), ('tweeteval_offense', 1.0), ('kaggle_bully', 1.0), ('jigsaw_threat', 1.0)]
[routing] Sample val_bal_jigsaw_threat_0090 raw_skills=['explicit_threat', 'directed_insult'] mapped=['explicit_threat', 'directed_insult']
[routing] weight for dynahate_hate: 1.7973481100336435
[routing] weight for tweeteval_offense: 1.3275193798449614
[routing] weight for kaggle_bully: 1.8867438867438868
[routing] weight for jigsaw_threat: 1.84634663582032
[routing] Selected 4 experts for val_bal_jigsaw_threat_0090: [('kaggle_bully', 1.8867438867438868), ('jigsaw_threat', 1.84634663582032), ('dynahate_hate', 1.7973481100336435), ('tweeteval_offense', 1.3275193798449614)]
[routing] Sample val_bal_jigsaw_threat_0091 raw_skills=['directed_insult'] mapped=['directed_insult']
[routing] weight for dynahate_hate: 0.9263803680981595
[routing] weight for tweeteval_offense: 0.7441860465116279
[routing] weight for kaggle_bully: 0.9227799227799228
[routing] weight for jigsaw_threat: 0.9340659340659341
[routing] Selected 4 experts for val_bal_jigsaw_threat_0091: [('jigsaw_threat', 0.9340659340659341), ('dynahate_hate', 0.9263803680981595), ('kaggle_bully', 0.9227799227799228), ('tweeteval_offense', 0.7441860465116279)]
[routing] Sample val_bal_jigsaw_threat_0092 raw_skills=['derogatory_framing', 'implicit_hate'] mapped=['derogatory_framing', 'implicit_hate']
[routing] weight for dynahate_hate: 1.6979831157197536
[routing] weight for tweeteval_offense: 0.9159567928339334
[routing] weight for kaggle_bully: 1.7769738607696848
[routing] weight for jigsaw_threat: 1.8135504201680672
[routing] Selected 3 experts for val_bal_jigsaw_threat_0092: [('jigsaw_threat', 1.8135504201680672), ('kaggle_bully', 1.7769738607696848), ('dynahate_hate', 1.6979831157197536)]
[routing] Sample val_bal_jigsaw_threat_0093 raw_skills=['derogatory_framing', 'collective_blaming', 'implicit_hate'] mapped=['derogatory_framing', 'collective_blaming', 'implicit_hate']
[routing] weight for dynahate_hate: 2.3090942268308643
[routing] weight for tweeteval_offense: 1.5409567928339334
[routing] weight for kaggle_bully: 2.7769738607696848
[routing] weight for jigsaw_threat: 2.677957199829084
[routing] Selected 3 experts for val_bal_jigsaw_threat_0093: [('kaggle_bully', 2.7769738607696848), ('jigsaw_threat', 2.677957199829084), ('dynahate_hate', 2.3090942268308643)]
[routing] Sample val_bal_jigsaw_threat_0094 raw_skills=['derogatory_framing'] mapped=['derogatory_framing']
[routing] weight for dynahate_hate: 0.8502673796791443
[routing] weight for tweeteval_offense: 0.49222797927461137
[routing] weight for kaggle_bully: 0.8801996672212978
[routing] weight for jigsaw_threat: 0.9017857142857143
[routing] Selected 3 experts for val_bal_jigsaw_threat_0094: [('jigsaw_threat', 0.9017857142857143), ('kaggle_bully', 0.8801996672212978), ('dynahate_hate', 0.8502673796791443)]
[routing] Sample val_bal_jigsaw_threat_0095 raw_skills=['personal_attack', 'derogatory_framing'] mapped=['personal_attack', 'derogatory_framing']
[routing] weight for dynahate_hate: 1.6648369161029855
[routing] weight for tweeteval_offense: 1.0444667852447607
[routing] weight for kaggle_bully: 1.7638360308576615
[routing] weight for jigsaw_threat: 1.8126768033946252
[routing] Selected 3 experts for val_bal_jigsaw_threat_0095: [('jigsaw_threat', 1.8126768033946252), ('kaggle_bully', 1.7638360308576615), ('dynahate_hate', 1.6648369161029855)]
[routing] Sample val_bal_jigsaw_threat_0096 raw_skills=['personal_attack', 'hostile_sentiment'] mapped=['personal_attack', 'hostile_sentiment']
[routing] weight for dynahate_hate: 1.7366474585017633
[routing] weight for tweeteval_offense: 0.9983926521239954
[routing] weight for kaggle_bully: 1.722020202020202
[routing] weight for jigsaw_threat: 1.8133301134991548
[routing] Selected 3 experts for val_bal_jigsaw_threat_0096: [('jigsaw_threat', 1.8133301134991548), ('dynahate_hate', 1.7366474585017633), ('kaggle_bully', 1.722020202020202)]
[routing] Sample val_bal_jigsaw_threat_0097 raw_skills=['collective_blaming'] mapped=['collective_blaming']
[routing] weight for dynahate_hate: 0.6111111111111112
[routing] weight for tweeteval_offense: 0.625
[routing] weight for kaggle_bully: 1.0
[routing] weight for jigsaw_threat: 0.864406779661017
[routing] Selected 4 experts for val_bal_jigsaw_threat_0097: [('kaggle_bully', 1.0), ('jigsaw_threat', 0.864406779661017), ('tweeteval_offense', 0.625), ('dynahate_hate', 0.6111111111111112)]
[routing] Sample val_bal_jigsaw_threat_0098 raw_skills=[] mapped=[]
[routing] weight for dynahate_hate: 1.0
[routing] weight for tweeteval_offense: 1.0
[routing] weight for kaggle_bully: 1.0
[routing] weight for jigsaw_threat: 1.0
[routing] Selected 4 experts for val_bal_jigsaw_threat_0098: [('dynahate_hate', 1.0), ('tweeteval_offense', 1.0), ('kaggle_bully', 1.0), ('jigsaw_threat', 1.0)]
[routing] Sample val_bal_jigsaw_threat_0099 raw_skills=[] mapped=[]
[routing] weight for dynahate_hate: 1.0
[routing] weight for tweeteval_offense: 1.0
[routing] weight for kaggle_bully: 1.0
[routing] weight for jigsaw_threat: 1.0
[routing] Selected 4 experts for val_bal_jigsaw_threat_0099: [('dynahate_hate', 1.0), ('tweeteval_offense', 1.0), ('kaggle_bully', 1.0), ('jigsaw_threat', 1.0)]
[routing] Sample val_bal_jigsaw_threat_0100 raw_skills=['derogatory_framing', 'hostile_sentiment', 'explicit_threat', 'toxic_tone', 'violence_indication'] mapped=['derogatory_framing', 'hostile_sentiment', 'explicit_threat', 'toxic_tone', 'violence_indication']
[routing] weight for dynahate_hate: 4.505131225510732
[routing] weight for tweeteval_offense: 2.569767106813739
[routing] weight for kaggle_bully: 4.560874465766819
[routing] weight for jigsaw_threat: 4.55799926683993
[routing] Selected 3 experts for val_bal_jigsaw_threat_0100: [('kaggle_bully', 4.560874465766819), ('jigsaw_threat', 4.55799926683993), ('dynahate_hate', 4.505131225510732)]
[routing] Sample val_bal_jigsaw_threat_0101 raw_skills=['derogatory_framing', 'stereotype_invocation', 'toxic_tone'] mapped=['derogatory_framing', 'stereotype_invocation', 'toxic_tone']
[routing] weight for dynahate_hate: 2.5739781446175307
[routing] weight for tweeteval_offense: 1.519153166763179
[routing] weight for kaggle_bully: 2.7115783066115045
[routing] weight for jigsaw_threat: 2.5886701979917035
[routing] Selected 3 experts for val_bal_jigsaw_threat_0101: [('kaggle_bully', 2.7115783066115045), ('jigsaw_threat', 2.5886701979917035), ('dynahate_hate', 2.5739781446175307)]
[routing] Sample val_bal_jigsaw_threat_0102 raw_skills=[] mapped=[]
[routing] weight for dynahate_hate: 1.0
[routing] weight for tweeteval_offense: 1.0
[routing] weight for kaggle_bully: 1.0
[routing] weight for jigsaw_threat: 1.0
[routing] Selected 4 experts for val_bal_jigsaw_threat_0102: [('dynahate_hate', 1.0), ('tweeteval_offense', 1.0), ('kaggle_bully', 1.0), ('jigsaw_threat', 1.0)]
[routing] Sample val_bal_jigsaw_threat_0103 raw_skills=['explicit_threat', 'personal_attack'] mapped=['explicit_threat', 'personal_attack']
[routing] weight for dynahate_hate: 1.685537278359325
[routing] weight for tweeteval_offense: 1.1355721393034828
[routing] weight for kaggle_bully: 1.8476003276003277
[routing] weight for jigsaw_threat: 1.823171790863297
[routing] Selected 4 experts for val_bal_jigsaw_threat_0103: [('kaggle_bully', 1.8476003276003277), ('jigsaw_threat', 1.823171790863297), ('dynahate_hate', 1.685537278359325), ('tweeteval_offense', 1.1355721393034828)]
[routing] Sample val_bal_jigsaw_threat_0104 raw_skills=['power_imbalance_cue', 'explicit_threat'] mapped=['power_imbalance_cue', 'explicit_threat']
[routing] weight for dynahate_hate: 1.745967741935484
[routing] weight for tweeteval_offense: 0.6690476190476191
[routing] weight for kaggle_bully: 1.8306306306306306
[routing] weight for jigsaw_threat: 1.812280701754386
[routing] Selected 3 experts for val_bal_jigsaw_threat_0104: [('kaggle_bully', 1.8306306306306306), ('jigsaw_threat', 1.812280701754386), ('dynahate_hate', 1.745967741935484)]
[routing] Sample val_bal_jigsaw_threat_0105 raw_skills=['explicit_threat', 'hostile_sentiment', 'toxic_tone'] mapped=['explicit_threat', 'hostile_sentiment', 'toxic_tone']
[routing] weight for dynahate_hate: 2.6548638458315876
[routing] weight for tweeteval_offense: 1.5775391275391275
[routing] weight for kaggle_bully: 2.680674798545521
[routing] weight for jigsaw_threat: 2.704994040359094
[routing] Selected 3 experts for val_bal_jigsaw_threat_0105: [('jigsaw_threat', 2.704994040359094), ('kaggle_bully', 2.680674798545521), ('dynahate_hate', 2.6548638458315876)]
[routing] Sample val2_kaggle_cyberbullying_0203 raw_skills=['derogatory_framing', 'personal_attack', 'explicit_threat'] mapped=['derogatory_framing', 'personal_attack', 'explicit_threat']
[routing] weight for dynahate_hate: 2.535804658038469
[routing] weight for tweeteval_offense: 1.6278001185780941
[routing] weight for kaggle_bully: 2.7277999948216256
[routing] weight for jigsaw_threat: 2.7249575051490114
[routing] Selected 3 experts for val2_kaggle_cyberbullying_0203: [('kaggle_bully', 2.7277999948216256), ('jigsaw_threat', 2.7249575051490114), ('dynahate_hate', 2.535804658038469)]
[routing] Sample val2_kaggle_cyberbullying_0204 raw_skills=[] mapped=[]
[routing] weight for dynahate_hate: 1.0
[routing] weight for tweeteval_offense: 1.0
[routing] weight for kaggle_bully: 1.0
[routing] weight for jigsaw_threat: 1.0
[routing] Selected 4 experts for val2_kaggle_cyberbullying_0204: [('dynahate_hate', 1.0), ('tweeteval_offense', 1.0), ('kaggle_bully', 1.0), ('jigsaw_threat', 1.0)]
[routing] Sample val2_kaggle_cyberbullying_0205 raw_skills=[] mapped=[]
[routing] weight for dynahate_hate: 1.0
[routing] weight for tweeteval_offense: 1.0
[routing] weight for kaggle_bully: 1.0
[routing] weight for jigsaw_threat: 1.0
[routing] Selected 4 experts for val2_kaggle_cyberbullying_0205: [('dynahate_hate', 1.0), ('tweeteval_offense', 1.0), ('kaggle_bully', 1.0), ('jigsaw_threat', 1.0)]
[routing] Sample val2_kaggle_cyberbullying_0206 raw_skills=['patronizing_tone'] mapped=['patronizing_tone']
[routing] weight for dynahate_hate: 1.0
[routing] weight for tweeteval_offense: 0.6666666666666666
[routing] weight for kaggle_bully: 1.0
[routing] weight for jigsaw_threat: 0.9090909090909091
[routing] Selected 4 experts for val2_kaggle_cyberbullying_0206: [('dynahate_hate', 1.0), ('kaggle_bully', 1.0), ('jigsaw_threat', 0.9090909090909091), ('tweeteval_offense', 0.6666666666666666)]
[routing] Sample val2_kaggle_cyberbullying_0207 raw_skills=[] mapped=[]
[routing] weight for dynahate_hate: 1.0
[routing] weight for tweeteval_offense: 1.0
[routing] weight for kaggle_bully: 1.0
[routing] weight for jigsaw_threat: 1.0
[routing] Selected 4 experts for val2_kaggle_cyberbullying_0207: [('dynahate_hate', 1.0), ('tweeteval_offense', 1.0), ('kaggle_bully', 1.0), ('jigsaw_threat', 1.0)]
[routing] Sample val2_kaggle_cyberbullying_0208 raw_skills=['derogatory_framing', 'personal_attack'] mapped=['derogatory_framing', 'personal_attack']
[routing] weight for dynahate_hate: 1.6648369161029855
[routing] weight for tweeteval_offense: 1.0444667852447607
[routing] weight for kaggle_bully: 1.7638360308576615
[routing] weight for jigsaw_threat: 1.8126768033946252
[routing] Selected 3 experts for val2_kaggle_cyberbullying_0208: [('jigsaw_threat', 1.8126768033946252), ('kaggle_bully', 1.7638360308576615), ('dynahate_hate', 1.6648369161029855)]
[routing] Sample val2_kaggle_cyberbullying_0209 raw_skills=[] mapped=[]
[routing] weight for dynahate_hate: 1.0
[routing] weight for tweeteval_offense: 1.0
[routing] weight for kaggle_bully: 1.0
[routing] weight for jigsaw_threat: 1.0
[routing] Selected 4 experts for val2_kaggle_cyberbullying_0209: [('dynahate_hate', 1.0), ('tweeteval_offense', 1.0), ('kaggle_bully', 1.0), ('jigsaw_threat', 1.0)]
[routing] Sample val2_kaggle_cyberbullying_0210 raw_skills=['stereotype_invocation', 'derogatory_framing', 'personal_attack', 'toxic_tone', 'appearance_bullying'] mapped=['stereotype_invocation', 'derogatory_framing', 'personal_attack', 'toxic_tone', 'appearance_bullying']
[routing] weight for dynahate_hate: 4.267335559829251
[routing] weight for tweeteval_offense: 2.9423597146688123
[routing] weight for kaggle_bully: 4.474913918368169
[routing] weight for jigsaw_threat: 4.404323191862519
[routing] Selected 4 experts for val2_kaggle_cyberbullying_0210: [('kaggle_bully', 4.474913918368169), ('jigsaw_threat', 4.404323191862519), ('dynahate_hate', 4.267335559829251), ('tweeteval_offense', 2.9423597146688123)]
[routing] Sample val2_kaggle_cyberbullying_0211 raw_skills=['dehumanization', 'collective_blaming', 'derogatory_framing'] mapped=['dehumanization', 'collective_blaming', 'derogatory_framing']
[routing] weight for dynahate_hate: 2.3127298421416067
[routing] weight for tweeteval_offense: 1.7172279792746115
[routing] weight for kaggle_bully: 2.723336922123259
[routing] weight for jigsaw_threat: 2.737621065375303
[routing] Selected 4 experts for val2_kaggle_cyberbullying_0211: [('jigsaw_threat', 2.737621065375303), ('kaggle_bully', 2.723336922123259), ('dynahate_hate', 2.3127298421416067), ('tweeteval_offense', 1.7172279792746115)]
[routing] Sample val2_kaggle_cyberbullying_0212 raw_skills=['personal_attack', 'toxic_tone'] mapped=['personal_attack', 'toxic_tone']
[routing] weight for dynahate_hate: 1.6763877182420228
[routing] weight for tweeteval_offense: 1.1002907540220974
[routing] weight for kaggle_bully: 1.7619633598340823
[routing] weight for jigsaw_threat: 1.8011654033233748
[routing] Selected 4 experts for val2_kaggle_cyberbullying_0212: [('jigsaw_threat', 1.8011654033233748), ('kaggle_bully', 1.7619633598340823), ('dynahate_hate', 1.6763877182420228), ('tweeteval_offense', 1.1002907540220974)]
[routing] Sample val2_kaggle_cyberbullying_0213 raw_skills=['profanity_tone', 'directed_insult', 'implicit_hate', 'derogatory_framing'] mapped=['profanity_tone', 'directed_insult', 'implicit_hate', 'derogatory_framing']
[routing] weight for dynahate_hate: 3.557696817151246
[routing] weight for tweeteval_offense: 2.4585299361197546
[routing] weight for kaggle_bully: 3.5899498619809806
[routing] weight for jigsaw_threat: 3.557140163757811
[routing] Selected 4 experts for val2_kaggle_cyberbullying_0213: [('kaggle_bully', 3.5899498619809806), ('dynahate_hate', 3.557696817151246), ('jigsaw_threat', 3.557140163757811), ('tweeteval_offense', 2.4585299361197546)]
[routing] Sample val2_kaggle_cyberbullying_0214 raw_skills=[] mapped=[]
[routing] weight for dynahate_hate: 1.0
[routing] weight for tweeteval_offense: 1.0
[routing] weight for kaggle_bully: 1.0
[routing] weight for jigsaw_threat: 1.0
[routing] Selected 4 experts for val2_kaggle_cyberbullying_0214: [('dynahate_hate', 1.0), ('tweeteval_offense', 1.0), ('kaggle_bully', 1.0), ('jigsaw_threat', 1.0)]
[routing] Sample val2_kaggle_cyberbullying_0215 raw_skills=[] mapped=[]
[routing] weight for dynahate_hate: 1.0
[routing] weight for tweeteval_offense: 1.0
[routing] weight for kaggle_bully: 1.0
[routing] weight for jigsaw_threat: 1.0
[routing] Selected 4 experts for val2_kaggle_cyberbullying_0215: [('dynahate_hate', 1.0), ('tweeteval_offense', 1.0), ('kaggle_bully', 1.0), ('jigsaw_threat', 1.0)]
[routing] Sample val2_kaggle_cyberbullying_0216 raw_skills=['derogatory_framing', 'personal_attack'] mapped=['derogatory_framing', 'personal_attack']
[routing] weight for dynahate_hate: 1.6648369161029855
[routing] weight for tweeteval_offense: 1.0444667852447607
[routing] weight for kaggle_bully: 1.7638360308576615
[routing] weight for jigsaw_threat: 1.8126768033946252
[routing] Selected 3 experts for val2_kaggle_cyberbullying_0216: [('jigsaw_threat', 1.8126768033946252), ('kaggle_bully', 1.7638360308576615), ('dynahate_hate', 1.6648369161029855)]
[routing] Sample val2_kaggle_cyberbullying_0217 raw_skills=['profanity_tone', 'directed_insult', 'derogatory_framing'] mapped=['profanity_tone', 'directed_insult', 'derogatory_framing']
[routing] weight for dynahate_hate: 2.7099810811106373
[routing] weight for tweeteval_offense: 2.0348011225604328
[routing] weight for kaggle_bully: 2.6931756684325934
[routing] weight for jigsaw_threat: 2.645375457875458
[routing] Selected 4 experts for val2_kaggle_cyberbullying_0217: [('dynahate_hate', 2.7099810811106373), ('kaggle_bully', 2.6931756684325934), ('jigsaw_threat', 2.645375457875458), ('tweeteval_offense', 2.0348011225604328)]
[routing] Sample val2_kaggle_cyberbullying_0218 raw_skills=[] mapped=[]
[routing] weight for dynahate_hate: 1.0
[routing] weight for tweeteval_offense: 1.0
[routing] weight for kaggle_bully: 1.0
[routing] weight for jigsaw_threat: 1.0
[routing] Selected 4 experts for val2_kaggle_cyberbullying_0218: [('dynahate_hate', 1.0), ('tweeteval_offense', 1.0), ('kaggle_bully', 1.0), ('jigsaw_threat', 1.0)]
[routing] Sample val2_kaggle_cyberbullying_0219 raw_skills=['appearance_bullying'] mapped=['appearance_bullying']
[routing] weight for dynahate_hate: 0.8787878787878788
[routing] weight for tweeteval_offense: 0.8709677419354839
[routing] weight for kaggle_bully: 0.8796992481203008
[routing] weight for jigsaw_threat: 0.9047619047619048
[routing] Selected 4 experts for val2_kaggle_cyberbullying_0219: [('jigsaw_threat', 0.9047619047619048), ('kaggle_bully', 0.8796992481203008), ('dynahate_hate', 0.8787878787878788), ('tweeteval_offense', 0.8709677419354839)]
[routing] Sample val2_kaggle_cyberbullying_0220 raw_skills=['explicit_threat', 'derogatory_framing', 'profanity_tone', 'directed_insult'] mapped=['explicit_threat', 'derogatory_framing', 'profanity_tone', 'directed_insult']
[routing] weight for dynahate_hate: 3.580948823046121
[routing] weight for tweeteval_offense: 2.6181344558937663
[routing] weight for kaggle_bully: 3.6571396323965573
[routing] weight for jigsaw_threat: 3.557656159629844
[routing] Selected 4 experts for val2_kaggle_cyberbullying_0220: [('kaggle_bully', 3.6571396323965573), ('dynahate_hate', 3.580948823046121), ('jigsaw_threat', 3.557656159629844), ('tweeteval_offense', 2.6181344558937663)]
[routing] Sample val2_kaggle_cyberbullying_0221 raw_skills=['derogatory_framing', 'profanity_tone', 'personal_attack'] mapped=['derogatory_framing', 'profanity_tone', 'personal_attack']
[routing] weight for dynahate_hate: 2.598170249436319
[routing] weight for tweeteval_offense: 1.8428538820189542
[routing] weight for kaggle_bully: 2.654032109289034
[routing] weight for jigsaw_threat: 2.6222006129184345
[routing] Selected 4 experts for val2_kaggle_cyberbullying_0221: [('kaggle_bully', 2.654032109289034), ('jigsaw_threat', 2.6222006129184345), ('dynahate_hate', 2.598170249436319), ('tweeteval_offense', 1.8428538820189542)]
[routing] Sample val2_kaggle_cyberbullying_0222 raw_skills=['directed_insult', 'profanity_tone', 'personal_attack'] mapped=['directed_insult', 'profanity_tone', 'personal_attack']
[routing] weight for dynahate_hate: 2.674283237855334
[routing] weight for tweeteval_offense: 2.0948119492559707
[routing] weight for kaggle_bully: 2.696612364847659
[routing] weight for jigsaw_threat: 2.6544808326986544
[routing] Selected 4 experts for val2_kaggle_cyberbullying_0222: [('kaggle_bully', 2.696612364847659), ('dynahate_hate', 2.674283237855334), ('jigsaw_threat', 2.6544808326986544), ('tweeteval_offense', 2.0948119492559707)]
[routing] Sample val2_kaggle_cyberbullying_0223 raw_skills=['directed_insult', 'profanity_tone', 'implicit_hate', 'ethnicity_bullying'] mapped=['directed_insult', 'profanity_tone', 'implicit_hate', 'ethnicity_bullying']
[routing] weight for dynahate_hate: 3.595069886910304
[routing] weight for tweeteval_offense: 2.466301956845143
[routing] weight for kaggle_bully: 3.7097501947596827
[routing] weight for jigsaw_threat: 3.4053544494720964
[routing] Selected 4 experts for val2_kaggle_cyberbullying_0223: [('kaggle_bully', 3.7097501947596827), ('dynahate_hate', 3.595069886910304), ('jigsaw_threat', 3.4053544494720964), ('tweeteval_offense', 2.466301956845143)]
[routing] Sample val2_kaggle_cyberbullying_0224 raw_skills=['profanity_tone', 'ethnicity_bullying'] mapped=['profanity_tone', 'ethnicity_bullying']
[routing] weight for dynahate_hate: 1.8209737827715355
[routing] weight for tweeteval_offense: 1.2983870967741935
[routing] weight for kaggle_bully: 1.8901960784313725
[routing] weight for jigsaw_threat: 1.5595238095238095
[routing] Selected 4 experts for val2_kaggle_cyberbullying_0224: [('kaggle_bully', 1.8901960784313725), ('dynahate_hate', 1.8209737827715355), ('jigsaw_threat', 1.5595238095238095), ('tweeteval_offense', 1.2983870967741935)]
[routing] Sample val2_kaggle_cyberbullying_0225 raw_skills=['derogatory_framing', 'implicit_hate', 'profanity_tone', 'explicit_threat', 'stereotype_invocation'] mapped=['derogatory_framing', 'implicit_hate', 'profanity_tone', 'explicit_threat', 'stereotype_invocation']
[routing] weight for dynahate_hate: 4.364176774108776
[routing] weight for tweeteval_offense: 2.7765504623780797
[routing] weight for kaggle_bully: 4.584185546357509
[routing] weight for jigsaw_threat: 4.331965100937788
[routing] Selected 4 experts for val2_kaggle_cyberbullying_0225: [('kaggle_bully', 4.584185546357509), ('dynahate_hate', 4.364176774108776), ('jigsaw_threat', 4.331965100937788), ('tweeteval_offense', 2.7765504623780797)]
[routing] Sample val2_kaggle_cyberbullying_0226 raw_skills=['derogatory_framing'] mapped=['derogatory_framing']
[routing] weight for dynahate_hate: 0.8502673796791443
[routing] weight for tweeteval_offense: 0.49222797927461137
[routing] weight for kaggle_bully: 0.8801996672212978
[routing] weight for jigsaw_threat: 0.9017857142857143
[routing] Selected 3 experts for val2_kaggle_cyberbullying_0226: [('jigsaw_threat', 0.9017857142857143), ('kaggle_bully', 0.8801996672212978), ('dynahate_hate', 0.8502673796791443)]
[routing] Sample val2_kaggle_cyberbullying_0227 raw_skills=['stereotype_invocation', 'derogatory_framing', 'personal_attack', 'hostile_sentiment', 'profanity_tone', 'directed_insult'] mapped=['stereotype_invocation', 'derogatory_framing', 'personal_attack', 'hostile_sentiment', 'profanity_tone', 'directed_insult']
[routing] weight for dynahate_hate: 5.308521122732605
[routing] weight for tweeteval_offense: 3.512067014121048
[routing] weight for kaggle_bully: 5.368247513645284
[routing] weight for jigsaw_threat: 5.255315740866139
[routing] Selected 4 experts for val2_kaggle_cyberbullying_0227: [('kaggle_bully', 5.368247513645284), ('dynahate_hate', 5.308521122732605), ('jigsaw_threat', 5.255315740866139), ('tweeteval_offense', 3.512067014121048)]
[routing] Sample val2_kaggle_cyberbullying_0228 raw_skills=['sarcastic_insult', 'toxic_tone', 'personal_attack'] mapped=['sarcastic_insult', 'toxic_tone', 'personal_attack']
[routing] weight for dynahate_hate: 2.5097210515753563
[routing] weight for tweeteval_offense: 1.7524646670655755
[routing] weight for kaggle_bully: 2.650852248722971
[routing] weight for jigsaw_threat: 2.7195327502621502
[routing] Selected 4 experts for val2_kaggle_cyberbullying_0228: [('jigsaw_threat', 2.7195327502621502), ('kaggle_bully', 2.650852248722971), ('dynahate_hate', 2.5097210515753563), ('tweeteval_offense', 1.7524646670655755)]
[routing] Sample val2_kaggle_cyberbullying_0229 raw_skills=['dehumanization', 'stereotype_invocation', 'derogatory_framing'] mapped=['dehumanization', 'stereotype_invocation', 'derogatory_framing']
[routing] weight for dynahate_hate: 2.5635113141507
[routing] weight for tweeteval_offense: 1.571101218711231
[routing] weight for kaggle_bully: 2.676388565315747
[routing] weight for jigsaw_threat: 2.669824455205811
[routing] Selected 3 experts for val2_kaggle_cyberbullying_0229: [('kaggle_bully', 2.676388565315747), ('jigsaw_threat', 2.669824455205811), ('dynahate_hate', 2.5635113141507)]
[routing] Sample val2_kaggle_cyberbullying_0230 raw_skills=['derogatory_framing', 'explicit_threat'] mapped=['derogatory_framing', 'explicit_threat']
[routing] weight for dynahate_hate: 1.7212351216146282
[routing] weight for tweeteval_offense: 1.0755613126079449
[routing] weight for kaggle_bully: 1.8441636311852618
[routing] weight for jigsaw_threat: 1.8140664160401
[routing] Selected 3 experts for val2_kaggle_cyberbullying_0230: [('kaggle_bully', 1.8441636311852618), ('jigsaw_threat', 1.8140664160401), ('dynahate_hate', 1.7212351216146282)]
[routing] Sample val2_kaggle_cyberbullying_0231 raw_skills=[] mapped=[]
[routing] weight for dynahate_hate: 1.0
[routing] weight for tweeteval_offense: 1.0
[routing] weight for kaggle_bully: 1.0
[routing] weight for jigsaw_threat: 1.0
[routing] Selected 4 experts for val2_kaggle_cyberbullying_0231: [('dynahate_hate', 1.0), ('tweeteval_offense', 1.0), ('kaggle_bully', 1.0), ('jigsaw_threat', 1.0)]
[routing] Sample val2_kaggle_cyberbullying_0232 raw_skills=['explicit_threat', 'profanity_tone', 'mockery', 'derogatory_framing'] mapped=['explicit_threat', 'profanity_tone', 'mockery', 'derogatory_framing']
[routing] weight for dynahate_hate: 3.6545684549479613
[routing] weight for tweeteval_offense: 2.8739484093821384
[routing] weight for kaggle_bully: 3.7343597096166343
[routing] weight for jigsaw_threat: 2.62359022556391
[routing] Selected 4 experts for val2_kaggle_cyberbullying_0232: [('kaggle_bully', 3.7343597096166343), ('dynahate_hate', 3.6545684549479613), ('tweeteval_offense', 2.8739484093821384), ('jigsaw_threat', 2.62359022556391)]
[routing] Sample val2_kaggle_cyberbullying_0233 raw_skills=['directed_insult', 'profanity_tone', 'derogatory_framing', 'explicit_threat'] mapped=['directed_insult', 'profanity_tone', 'derogatory_framing', 'explicit_threat']
[routing] weight for dynahate_hate: 3.5809488230461213
[routing] weight for tweeteval_offense: 2.6181344558937663
[routing] weight for kaggle_bully: 3.6571396323965573
[routing] weight for jigsaw_threat: 3.557656159629844
[routing] Selected 4 experts for val2_kaggle_cyberbullying_0233: [('kaggle_bully', 3.6571396323965573), ('dynahate_hate', 3.5809488230461213), ('jigsaw_threat', 3.557656159629844), ('tweeteval_offense', 2.6181344558937663)]
[routing] Sample val2_kaggle_cyberbullying_0234 raw_skills=['toxic_tone', 'appearance_bullying'] mapped=['toxic_tone', 'appearance_bullying']
[routing] weight for dynahate_hate: 1.7406060606060607
[routing] weight for tweeteval_offense: 1.4190196899874319
[routing] weight for kaggle_bully: 1.7580262443180192
[routing] weight for jigsaw_threat: 1.7950362189763687
[routing] Selected 4 experts for val2_kaggle_cyberbullying_0234: [('jigsaw_threat', 1.7950362189763687), ('kaggle_bully', 1.7580262443180192), ('dynahate_hate', 1.7406060606060607), ('tweeteval_offense', 1.4190196899874319)]
[routing] Sample val2_kaggle_cyberbullying_0235 raw_skills=['toxic_tone'] mapped=['toxic_tone']
[routing] weight for dynahate_hate: 0.8618181818181818
[routing] weight for tweeteval_offense: 0.548051948051948
[routing] weight for kaggle_bully: 0.8783269961977186
[routing] weight for jigsaw_threat: 0.8902743142144638
[routing] Selected 4 experts for val2_kaggle_cyberbullying_0235: [('jigsaw_threat', 0.8902743142144638), ('kaggle_bully', 0.8783269961977186), ('dynahate_hate', 0.8618181818181818), ('tweeteval_offense', 0.548051948051948)]
[routing] Sample val2_kaggle_cyberbullying_0236 raw_skills=['stereotype_invocation', 'derogatory_framing', 'hostile_sentiment', 'toxic_tone', 'implicit_hate'] mapped=['stereotype_invocation', 'derogatory_framing', 'hostile_sentiment', 'toxic_tone', 'implicit_hate']
[routing] weight for dynahate_hate: 4.343771802736062
[routing] weight for tweeteval_offense: 2.3890358264763476
[routing] weight for kaggle_bully: 4.4467363385437295
[routing] weight for jigsaw_threat: 4.402873928264301
[routing] Selected 3 experts for val2_kaggle_cyberbullying_0236: [('kaggle_bully', 4.4467363385437295), ('jigsaw_threat', 4.402873928264301), ('dynahate_hate', 4.343771802736062)]
[routing] Sample val2_kaggle_cyberbullying_0237 raw_skills=['dehumanization'] mapped=['dehumanization']
[routing] weight for dynahate_hate: 0.8513513513513513
[routing] weight for tweeteval_offense: 0.6
[routing] weight for kaggle_bully: 0.8431372549019608
[routing] weight for jigsaw_threat: 0.9714285714285714
[routing] Selected 4 experts for val2_kaggle_cyberbullying_0237: [('jigsaw_threat', 0.9714285714285714), ('dynahate_hate', 0.8513513513513513), ('kaggle_bully', 0.8431372549019608), ('tweeteval_offense', 0.6)]
[routing] Sample val2_kaggle_cyberbullying_0238 raw_skills=['toxic_tone', 'derogatory_framing', 'personal_attack'] mapped=['toxic_tone', 'derogatory_framing', 'personal_attack']
[routing] weight for dynahate_hate: 2.526655097921167
[routing] weight for tweeteval_offense: 1.5925187332967088
[routing] weight for kaggle_bully: 2.64216302705538
[routing] weight for jigsaw_threat: 2.702951117609089
[routing] Selected 3 experts for val2_kaggle_cyberbullying_0238: [('jigsaw_threat', 2.702951117609089), ('kaggle_bully', 2.64216302705538), ('dynahate_hate', 2.526655097921167)]
[routing] Sample val2_kaggle_cyberbullying_0239 raw_skills=['directed_insult', 'toxic_tone'] mapped=['directed_insult', 'toxic_tone']
[routing] weight for dynahate_hate: 1.7881985499163413
[routing] weight for tweeteval_offense: 1.292237994563576
[routing] weight for kaggle_bully: 1.8011069189776414
[routing] weight for jigsaw_threat: 1.8243402482803979
[routing] Selected 4 experts for val2_kaggle_cyberbullying_0239: [('jigsaw_threat', 1.8243402482803979), ('kaggle_bully', 1.8011069189776414), ('dynahate_hate', 1.7881985499163413), ('tweeteval_offense', 1.292237994563576)]
[routing] Sample val2_kaggle_cyberbullying_0240 raw_skills=['stereotype_invocation', 'derogatory_framing'] mapped=['stereotype_invocation', 'derogatory_framing']
[routing] weight for dynahate_hate: 1.712159962799349
[routing] weight for tweeteval_offense: 0.9711012187112311
[routing] weight for kaggle_bully: 1.833251310413786
[routing] weight for jigsaw_threat: 1.6983958837772397
[routing] Selected 3 experts for val2_kaggle_cyberbullying_0240: [('kaggle_bully', 1.833251310413786), ('dynahate_hate', 1.712159962799349), ('jigsaw_threat', 1.6983958837772397)]
[routing] Sample val2_kaggle_cyberbullying_0241 raw_skills=['collective_blaming', 'explicit_threat'] mapped=['collective_blaming', 'explicit_threat']
[routing] weight for dynahate_hate: 1.4820788530465951
[routing] weight for tweeteval_offense: 1.2083333333333335
[routing] weight for kaggle_bully: 1.9639639639639639
[routing] weight for jigsaw_threat: 1.776687481415403
[routing] Selected 4 experts for val2_kaggle_cyberbullying_0241: [('kaggle_bully', 1.9639639639639639), ('jigsaw_threat', 1.776687481415403), ('dynahate_hate', 1.4820788530465951), ('tweeteval_offense', 1.2083333333333335)]
[routing] Sample val2_kaggle_cyberbullying_0242 raw_skills=[] mapped=[]
[routing] weight for dynahate_hate: 1.0
[routing] weight for tweeteval_offense: 1.0
[routing] weight for kaggle_bully: 1.0
[routing] weight for jigsaw_threat: 1.0
[routing] Selected 4 experts for val2_kaggle_cyberbullying_0242: [('dynahate_hate', 1.0), ('tweeteval_offense', 1.0), ('kaggle_bully', 1.0), ('jigsaw_threat', 1.0)]
[routing] Sample val2_kaggle_cyberbullying_0243 raw_skills=['explicit_threat', 'implicit_hate', 'profanity_tone'] mapped=['explicit_threat', 'implicit_hate', 'profanity_tone']
[routing] weight for dynahate_hate: 2.6520168113094265
[routing] weight for tweeteval_offense: 1.8054492436668488
[routing] weight for kaggle_bully: 2.7509342359437237
[routing] weight for jigsaw_threat: 2.6335692171605487
[routing] Selected 4 experts for val2_kaggle_cyberbullying_0243: [('kaggle_bully', 2.7509342359437237), ('dynahate_hate', 2.6520168113094265), ('jigsaw_threat', 2.6335692171605487), ('tweeteval_offense', 1.8054492436668488)]
[routing] Sample val2_kaggle_cyberbullying_0244 raw_skills=['stereotype_invocation', 'derogatory_framing', 'hostile_sentiment', 'explicit_threat'] mapped=['stereotype_invocation', 'derogatory_framing', 'hostile_sentiment', 'explicit_threat']
[routing] weight for dynahate_hate: 3.5052056268127547
[routing] weight for tweeteval_offense: 2.0005883981984107
[routing] weight for kaggle_bully: 3.635599112761588
[routing] weight for jigsaw_threat: 3.5131156099218694
[routing] Selected 3 experts for val2_kaggle_cyberbullying_0244: [('kaggle_bully', 3.635599112761588), ('jigsaw_threat', 3.5131156099218694), ('dynahate_hate', 3.5052056268127547)]
[routing] Sample val2_kaggle_cyberbullying_0245 raw_skills=[] mapped=[]
[routing] weight for dynahate_hate: 1.0
[routing] weight for tweeteval_offense: 1.0
[routing] weight for kaggle_bully: 1.0
[routing] weight for jigsaw_threat: 1.0
[routing] Selected 4 experts for val2_kaggle_cyberbullying_0245: [('dynahate_hate', 1.0), ('tweeteval_offense', 1.0), ('kaggle_bully', 1.0), ('jigsaw_threat', 1.0)]
[routing] Sample val2_kaggle_cyberbullying_0246 raw_skills=['stereotype_invocation', 'derogatory_framing', 'hostile_sentiment'] mapped=['stereotype_invocation', 'derogatory_framing', 'hostile_sentiment']
[routing] weight for dynahate_hate: 2.6342378848772707
[routing] weight for tweeteval_offense: 1.4172550648650772
[routing] weight for kaggle_bully: 2.671635148797624
[routing] weight for jigsaw_threat: 2.6008349081674837
[routing] Selected 3 experts for val2_kaggle_cyberbullying_0246: [('kaggle_bully', 2.671635148797624), ('dynahate_hate', 2.6342378848772707), ('jigsaw_threat', 2.6008349081674837)]
[routing] Sample val2_kaggle_cyberbullying_0247 raw_skills=['profanity_tone', 'implicit_hate', 'directed_insult', 'ethnicity_bullying'] mapped=['profanity_tone', 'implicit_hate', 'directed_insult', 'ethnicity_bullying']
[routing] weight for dynahate_hate: 3.595069886910304
[routing] weight for tweeteval_offense: 2.466301956845143
[routing] weight for kaggle_bully: 3.7097501947596823
[routing] weight for jigsaw_threat: 3.405354449472097
[routing] Selected 4 experts for val2_kaggle_cyberbullying_0247: [('kaggle_bully', 3.7097501947596823), ('dynahate_hate', 3.595069886910304), ('jigsaw_threat', 3.405354449472097), ('tweeteval_offense', 2.466301956845143)]
[routing] Sample val2_kaggle_cyberbullying_0248 raw_skills=['derogatory_framing', 'profanity_tone', 'personal_attack'] mapped=['derogatory_framing', 'profanity_tone', 'personal_attack']
[routing] weight for dynahate_hate: 2.598170249436319
[routing] weight for tweeteval_offense: 1.8428538820189542
[routing] weight for kaggle_bully: 2.654032109289034
[routing] weight for jigsaw_threat: 2.6222006129184345
[routing] Selected 4 experts for val2_kaggle_cyberbullying_0248: [('kaggle_bully', 2.654032109289034), ('jigsaw_threat', 2.6222006129184345), ('dynahate_hate', 2.598170249436319), ('tweeteval_offense', 1.8428538820189542)]
[routing] Sample val2_kaggle_cyberbullying_0249 raw_skills=[] mapped=[]
[routing] weight for dynahate_hate: 1.0
[routing] weight for tweeteval_offense: 1.0
[routing] weight for kaggle_bully: 1.0
[routing] weight for jigsaw_threat: 1.0
[routing] Selected 4 experts for val2_kaggle_cyberbullying_0249: [('dynahate_hate', 1.0), ('tweeteval_offense', 1.0), ('kaggle_bully', 1.0), ('jigsaw_threat', 1.0)]
[routing] Sample val2_kaggle_cyberbullying_0250 raw_skills=['profanity_tone', 'directed_insult', 'personal_attack', 'sarcastic_insult'] mapped=['profanity_tone', 'directed_insult', 'personal_attack', 'sarcastic_insult']
[routing] weight for dynahate_hate: 3.5076165711886675
[routing] weight for tweeteval_offense: 2.746985862299449
[routing] weight for kaggle_bully: 3.585501253736548
[routing] weight for jigsaw_threat: 3.57284817963743
[routing] Selected 4 experts for val2_kaggle_cyberbullying_0250: [('kaggle_bully', 3.585501253736548), ('jigsaw_threat', 3.57284817963743), ('dynahate_hate', 3.5076165711886675), ('tweeteval_offense', 2.746985862299449)]
[routing] Sample val2_kaggle_cyberbullying_0251 raw_skills=['stereotype_invocation', 'explicit_threat', 'personal_attack', 'derogatory_framing', 'implicit_hate'] mapped=['stereotype_invocation', 'explicit_threat', 'personal_attack', 'derogatory_framing', 'implicit_hate']
[routing] weight for dynahate_hate: 4.245412977199283
[routing] weight for tweeteval_offense: 2.5304021715740355
[routing] weight for kaggle_bully: 4.577625831562501
[routing] weight for jigsaw_threat: 4.43333238052289
[routing] Selected 3 experts for val2_kaggle_cyberbullying_0251: [('kaggle_bully', 4.577625831562501), ('jigsaw_threat', 4.43333238052289), ('dynahate_hate', 4.245412977199283)]
[routing] Sample val2_kaggle_cyberbullying_0252 raw_skills=['derogatory_framing', 'implicit_hate', 'explicit_threat'] mapped=['derogatory_framing', 'implicit_hate', 'explicit_threat']
[routing] weight for dynahate_hate: 2.5689508576552376
[routing] weight for tweeteval_offense: 1.4992901261672666
[routing] weight for kaggle_bully: 2.7409378247336487
[routing] weight for jigsaw_threat: 2.725831121922453
[routing] Selected 3 experts for val2_kaggle_cyberbullying_0252: [('kaggle_bully', 2.7409378247336487), ('jigsaw_threat', 2.725831121922453), ('dynahate_hate', 2.5689508576552376)]
[routing] Sample val2_kaggle_cyberbullying_0253 raw_skills=['directed_insult', 'profanity_tone', 'derogatory_framing', 'ethnicity_bullying'] mapped=['directed_insult', 'profanity_tone', 'derogatory_framing', 'ethnicity_bullying']
[routing] weight for dynahate_hate: 3.5976215305488397
[routing] weight for tweeteval_offense: 2.5348011225604328
[routing] weight for kaggle_bully: 3.6931756684325934
[routing] weight for jigsaw_threat: 3.395375457875458
[routing] Selected 4 experts for val2_kaggle_cyberbullying_0253: [('kaggle_bully', 3.6931756684325934), ('dynahate_hate', 3.5976215305488397), ('jigsaw_threat', 3.395375457875458), ('tweeteval_offense', 2.5348011225604328)]
[routing] Sample val2_kaggle_cyberbullying_0254 raw_skills=[] mapped=[]
[routing] weight for dynahate_hate: 1.0
[routing] weight for tweeteval_offense: 1.0
[routing] weight for kaggle_bully: 1.0
[routing] weight for jigsaw_threat: 1.0
[routing] Selected 4 experts for val2_kaggle_cyberbullying_0254: [('dynahate_hate', 1.0), ('tweeteval_offense', 1.0), ('kaggle_bully', 1.0), ('jigsaw_threat', 1.0)]
[routing] Sample val2_kaggle_cyberbullying_0255 raw_skills=['sarcastic_insult', 'toxic_tone'] mapped=['sarcastic_insult', 'toxic_tone']
[routing] weight for dynahate_hate: 1.6951515151515153
[routing] weight for tweeteval_offense: 1.2002258610954262
[routing] weight for kaggle_bully: 1.7672158850866073
[routing] weight for jigsaw_threat: 1.8086416611532394
[routing] Selected 4 experts for val2_kaggle_cyberbullying_0255: [('jigsaw_threat', 1.8086416611532394), ('kaggle_bully', 1.7672158850866073), ('dynahate_hate', 1.6951515151515153), ('tweeteval_offense', 1.2002258610954262)]
[routing] Sample val2_kaggle_cyberbullying_0256 raw_skills=['derogatory_framing', 'toxic_tone', 'explicit_threat', 'implicit_hate'] mapped=['derogatory_framing', 'toxic_tone', 'explicit_threat', 'implicit_hate']
[routing] weight for dynahate_hate: 3.430769039473419
[routing] weight for tweeteval_offense: 2.047342074219215
[routing] weight for kaggle_bully: 3.6192648209313676
[routing] weight for jigsaw_threat: 3.6161054361369165
[routing] Selected 3 experts for val2_kaggle_cyberbullying_0256: [('kaggle_bully', 3.6192648209313676), ('jigsaw_threat', 3.6161054361369165), ('dynahate_hate', 3.430769039473419)]
[routing] Sample val2_kaggle_cyberbullying_0257 raw_skills=['directed_insult', 'profanity_tone', 'ethnicity_bullying', 'derogatory_framing'] mapped=['directed_insult', 'profanity_tone', 'ethnicity_bullying', 'derogatory_framing']
[routing] weight for dynahate_hate: 3.5976215305488393
[routing] weight for tweeteval_offense: 2.5348011225604328
[routing] weight for kaggle_bully: 3.6931756684325934
[routing] weight for jigsaw_threat: 3.395375457875458
[routing] Selected 4 experts for val2_kaggle_cyberbullying_0257: [('kaggle_bully', 3.6931756684325934), ('dynahate_hate', 3.5976215305488393), ('jigsaw_threat', 3.395375457875458), ('tweeteval_offense', 2.5348011225604328)]
[routing] Sample val2_kaggle_cyberbullying_0258 raw_skills=['derogatory_framing', 'directed_insult', 'gender_bullying', 'toxic_tone'] mapped=['derogatory_framing', 'directed_insult', 'gender_bullying', 'toxic_tone']
[routing] weight for dynahate_hate: 3.5252583824256742
[routing] weight for tweeteval_offense: 2.498751688123902
[routing] weight for kaggle_bully: 3.6286750072515708
[routing] weight for jigsaw_threat: 3.226125962566112
[routing] Selected 4 experts for val2_kaggle_cyberbullying_0258: [('kaggle_bully', 3.6286750072515708), ('dynahate_hate', 3.5252583824256742), ('jigsaw_threat', 3.226125962566112), ('tweeteval_offense', 2.498751688123902)]
[routing] Sample val2_kaggle_cyberbullying_0259 raw_skills=['profanity_tone', 'toxic_tone'] mapped=['profanity_tone', 'toxic_tone']
[routing] weight for dynahate_hate: 1.7951515151515152
[routing] weight for tweeteval_offense: 1.3464390448261416
[routing] weight for kaggle_bully: 1.768523074629091
[routing] weight for jigsaw_threat: 1.6997981237382733
[routing] Selected 4 experts for val2_kaggle_cyberbullying_0259: [('dynahate_hate', 1.7951515151515152), ('kaggle_bully', 1.768523074629091), ('jigsaw_threat', 1.6997981237382733), ('tweeteval_offense', 1.3464390448261416)]
[routing] Sample val2_kaggle_cyberbullying_0260 raw_skills=[] mapped=[]
[routing] weight for dynahate_hate: 1.0
[routing] weight for tweeteval_offense: 1.0
[routing] weight for kaggle_bully: 1.0
[routing] weight for jigsaw_threat: 1.0
[routing] Selected 4 experts for val2_kaggle_cyberbullying_0260: [('dynahate_hate', 1.0), ('tweeteval_offense', 1.0), ('kaggle_bully', 1.0), ('jigsaw_threat', 1.0)]
[routing] Sample val2_kaggle_cyberbullying_0261 raw_skills=['derogatory_framing', 'directed_insult', 'personal_attack', 'profanity_tone'] mapped=['derogatory_framing', 'directed_insult', 'personal_attack', 'profanity_tone']
[routing] weight for dynahate_hate: 3.5245506175344783
[routing] weight for tweeteval_offense: 2.587039928530582
[routing] weight for kaggle_bully: 3.5768120320689567
[routing] weight for jigsaw_threat: 3.556266546984369
[routing] Selected 4 experts for val2_kaggle_cyberbullying_0261: [('kaggle_bully', 3.5768120320689567), ('jigsaw_threat', 3.556266546984369), ('dynahate_hate', 3.5245506175344783), ('tweeteval_offense', 2.587039928530582)]
[routing] Sample val2_kaggle_cyberbullying_0262 raw_skills=['directed_insult', 'sarcastic_insult', 'derogatory_framing', 'personal_attack', 'profanity_tone'] mapped=['directed_insult', 'sarcastic_insult', 'derogatory_framing', 'personal_attack', 'profanity_tone']
[routing] weight for dynahate_hate: 4.357883950867811
[routing] weight for tweeteval_offense: 3.23921384157406
[routing] weight for kaggle_bully: 4.465700920957846
[routing] weight for jigsaw_threat: 4.474633893923144
[routing] Selected 4 experts for val2_kaggle_cyberbullying_0262: [('jigsaw_threat', 4.474633893923144), ('kaggle_bully', 4.465700920957846), ('dynahate_hate', 4.357883950867811), ('tweeteval_offense', 3.23921384157406)]
[routing] Sample val2_kaggle_cyberbullying_0263 raw_skills=['directed_insult'] mapped=['directed_insult']
[routing] weight for dynahate_hate: 0.9263803680981595
[routing] weight for tweeteval_offense: 0.7441860465116279
[routing] weight for kaggle_bully: 0.9227799227799228
[routing] weight for jigsaw_threat: 0.9340659340659341
[routing] Selected 4 experts for val2_kaggle_cyberbullying_0263: [('jigsaw_threat', 0.9340659340659341), ('dynahate_hate', 0.9263803680981595), ('kaggle_bully', 0.9227799227799228), ('tweeteval_offense', 0.7441860465116279)]
[routing] Sample val2_kaggle_cyberbullying_0264 raw_skills=['derogatory_framing', 'implicit_hate'] mapped=['derogatory_framing', 'implicit_hate']
[routing] weight for dynahate_hate: 1.6979831157197536
[routing] weight for tweeteval_offense: 0.9159567928339334
[routing] weight for kaggle_bully: 1.7769738607696848
[routing] weight for jigsaw_threat: 1.8135504201680672
[routing] Selected 3 experts for val2_kaggle_cyberbullying_0264: [('jigsaw_threat', 1.8135504201680672), ('kaggle_bully', 1.7769738607696848), ('dynahate_hate', 1.6979831157197536)]
[routing] Sample val2_kaggle_cyberbullying_0265 raw_skills=[] mapped=[]
[routing] weight for dynahate_hate: 1.0
[routing] weight for tweeteval_offense: 1.0
[routing] weight for kaggle_bully: 1.0
[routing] weight for jigsaw_threat: 1.0
[routing] Selected 4 experts for val2_kaggle_cyberbullying_0265: [('dynahate_hate', 1.0), ('tweeteval_offense', 1.0), ('kaggle_bully', 1.0), ('jigsaw_threat', 1.0)]
[routing] Sample val2_kaggle_cyberbullying_0266 raw_skills=[] mapped=[]
[routing] weight for dynahate_hate: 1.0
[routing] weight for tweeteval_offense: 1.0
[routing] weight for kaggle_bully: 1.0
[routing] weight for jigsaw_threat: 1.0
[routing] Selected 4 experts for val2_kaggle_cyberbullying_0266: [('dynahate_hate', 1.0), ('tweeteval_offense', 1.0), ('kaggle_bully', 1.0), ('jigsaw_threat', 1.0)]
[routing] Sample val2_kaggle_cyberbullying_0267 raw_skills=['profanity_tone', 'explicit_threat', 'directed_insult', 'personal_attack', 'derogatory_framing', 'ethnicity_bullying'] mapped=['profanity_tone', 'explicit_threat', 'directed_insult', 'personal_attack', 'derogatory_framing', 'ethnicity_bullying']
[routing] weight for dynahate_hate: 5.283158808908165
[routing] weight for tweeteval_offense: 3.6703732618639155
[routing] weight for kaggle_bully: 5.540775996032921
[routing] weight for jigsaw_threat: 5.218547248738755
[routing] Selected 4 experts for val2_kaggle_cyberbullying_0267: [('kaggle_bully', 5.540775996032921), ('dynahate_hate', 5.283158808908165), ('jigsaw_threat', 5.218547248738755), ('tweeteval_offense', 3.6703732618639155)]
[routing] Sample val2_kaggle_cyberbullying_0268 raw_skills=[] mapped=[]
[routing] weight for dynahate_hate: 1.0
[routing] weight for tweeteval_offense: 1.0
[routing] weight for kaggle_bully: 1.0
[routing] weight for jigsaw_threat: 1.0
[routing] Selected 4 experts for val2_kaggle_cyberbullying_0268: [('dynahate_hate', 1.0), ('tweeteval_offense', 1.0), ('kaggle_bully', 1.0), ('jigsaw_threat', 1.0)]
[routing] Sample val2_kaggle_cyberbullying_0269 raw_skills=['appearance_bullying', 'derogatory_framing'] mapped=['appearance_bullying', 'derogatory_framing']
[routing] weight for dynahate_hate: 1.7290552584670231
[routing] weight for tweeteval_offense: 1.3631957212100954
[routing] weight for kaggle_bully: 1.7598989153415987
[routing] weight for jigsaw_threat: 1.806547619047619
[routing] Selected 4 experts for val2_kaggle_cyberbullying_0269: [('jigsaw_threat', 1.806547619047619), ('kaggle_bully', 1.7598989153415987), ('dynahate_hate', 1.7290552584670231), ('tweeteval_offense', 1.3631957212100954)]
[routing] Sample val2_kaggle_cyberbullying_0270 raw_skills=['personal_attack', 'patronizing_tone', 'toxic_tone'] mapped=['personal_attack', 'patronizing_tone', 'toxic_tone']
[routing] weight for dynahate_hate: 2.676387718242023
[routing] weight for tweeteval_offense: 1.766957420688764
[routing] weight for kaggle_bully: 2.7619633598340823
[routing] weight for jigsaw_threat: 2.710256312414284
[routing] Selected 4 experts for val2_kaggle_cyberbullying_0270: [('kaggle_bully', 2.7619633598340823), ('jigsaw_threat', 2.710256312414284), ('dynahate_hate', 2.676387718242023), ('tweeteval_offense', 1.766957420688764)]
[routing] Sample val2_kaggle_cyberbullying_0271 raw_skills=['profanity_tone', 'derogatory_framing', 'ethnicity_bullying', 'collective_blaming'] mapped=['profanity_tone', 'derogatory_framing', 'ethnicity_bullying', 'collective_blaming']
[routing] weight for dynahate_hate: 3.282352273561791
[routing] weight for tweeteval_offense: 2.415615076048805
[routing] weight for kaggle_bully: 3.7703957456526704
[routing] weight for jigsaw_threat: 3.3257163034705406
[routing] Selected 4 experts for val2_kaggle_cyberbullying_0271: [('kaggle_bully', 3.7703957456526704), ('jigsaw_threat', 3.3257163034705406), ('dynahate_hate', 3.282352273561791), ('tweeteval_offense', 2.415615076048805)]
[routing] Sample val2_kaggle_cyberbullying_0272 raw_skills=['profanity_tone', 'sarcastic_insult', 'derogatory_framing', 'personal_attack'] mapped=['profanity_tone', 'sarcastic_insult', 'derogatory_framing', 'personal_attack']
[routing] weight for dynahate_hate: 3.431503582769652
[routing] weight for tweeteval_offense: 2.495027795062432
[routing] weight for kaggle_bully: 3.542920998177923
[routing] weight for jigsaw_threat: 3.5405679598572104
[routing] Selected 4 experts for val2_kaggle_cyberbullying_0272: [('kaggle_bully', 3.542920998177923), ('jigsaw_threat', 3.5405679598572104), ('dynahate_hate', 3.431503582769652), ('tweeteval_offense', 2.495027795062432)]
[routing] Sample val2_kaggle_cyberbullying_0273 raw_skills=['stereotype_invocation', 'derogatory_framing', 'profanity_tone', 'toxic_tone'] mapped=['stereotype_invocation', 'derogatory_framing', 'profanity_tone', 'toxic_tone']
[routing] weight for dynahate_hate: 3.507311477950864
[routing] weight for tweeteval_offense: 2.3175402635373725
[routing] weight for kaggle_bully: 3.601774385042877
[routing] weight for jigsaw_threat: 3.398194007515513
[routing] Selected 4 experts for val2_kaggle_cyberbullying_0273: [('kaggle_bully', 3.601774385042877), ('dynahate_hate', 3.507311477950864), ('jigsaw_threat', 3.398194007515513), ('tweeteval_offense', 2.3175402635373725)]
[routing] Sample val2_kaggle_cyberbullying_0274 raw_skills=['appearance_bullying', 'peer_aggression'] mapped=['appearance_bullying', 'peer_aggression']
[routing] weight for dynahate_hate: 1.878787878787879
[routing] weight for tweeteval_offense: 1.370967741935484
[routing] weight for kaggle_bully: 1.7873915558126083
[routing] weight for jigsaw_threat: 1.9047619047619047
[routing] Selected 4 experts for val2_kaggle_cyberbullying_0274: [('jigsaw_threat', 1.9047619047619047), ('dynahate_hate', 1.878787878787879), ('kaggle_bully', 1.7873915558126083), ('tweeteval_offense', 1.370967741935484)]
[routing] Sample val2_kaggle_cyberbullying_0275 raw_skills=['peer_aggression'] mapped=['peer_aggression']
[routing] weight for dynahate_hate: 1.0
[routing] weight for tweeteval_offense: 0.5
[routing] weight for kaggle_bully: 0.9076923076923077
[routing] weight for jigsaw_threat: 1.0
[routing] Selected 3 experts for val2_kaggle_cyberbullying_0275: [('dynahate_hate', 1.0), ('jigsaw_threat', 1.0), ('kaggle_bully', 0.9076923076923077)]
[routing] Sample val2_kaggle_cyberbullying_0276 raw_skills=['profanity_tone'] mapped=['profanity_tone']
[routing] weight for dynahate_hate: 0.9333333333333333
[routing] weight for tweeteval_offense: 0.7983870967741935
[routing] weight for kaggle_bully: 0.8901960784313725
[routing] weight for jigsaw_threat: 0.8095238095238095
[routing] Selected 4 experts for val2_kaggle_cyberbullying_0276: [('dynahate_hate', 0.9333333333333333), ('kaggle_bully', 0.8901960784313725), ('jigsaw_threat', 0.8095238095238095), ('tweeteval_offense', 0.7983870967741935)]
[routing] Sample val2_kaggle_cyberbullying_0277 raw_skills=[] mapped=[]
[routing] weight for dynahate_hate: 1.0
[routing] weight for tweeteval_offense: 1.0
[routing] weight for kaggle_bully: 1.0
[routing] weight for jigsaw_threat: 1.0
[routing] Selected 4 experts for val2_kaggle_cyberbullying_0277: [('dynahate_hate', 1.0), ('tweeteval_offense', 1.0), ('kaggle_bully', 1.0), ('jigsaw_threat', 1.0)]
[routing] Sample val2_kaggle_cyberbullying_0278 raw_skills=['explicit_threat', 'profanity_tone', 'implicit_hate'] mapped=['explicit_threat', 'profanity_tone', 'implicit_hate']
[routing] weight for dynahate_hate: 2.6520168113094265
[routing] weight for tweeteval_offense: 1.805449243666849
[routing] weight for kaggle_bully: 2.750934235943723
[routing] weight for jigsaw_threat: 2.6335692171605483
[routing] Selected 4 experts for val2_kaggle_cyberbullying_0278: [('kaggle_bully', 2.750934235943723), ('dynahate_hate', 2.6520168113094265), ('jigsaw_threat', 2.6335692171605483), ('tweeteval_offense', 1.805449243666849)]
[routing] Sample val2_kaggle_cyberbullying_0279 raw_skills=['toxic_tone'] mapped=['toxic_tone']
[routing] weight for dynahate_hate: 0.8618181818181818
[routing] weight for tweeteval_offense: 0.548051948051948
[routing] weight for kaggle_bully: 0.8783269961977186
[routing] weight for jigsaw_threat: 0.8902743142144638
[routing] Selected 4 experts for val2_kaggle_cyberbullying_0279: [('jigsaw_threat', 0.8902743142144638), ('kaggle_bully', 0.8783269961977186), ('dynahate_hate', 0.8618181818181818), ('tweeteval_offense', 0.548051948051948)]
[routing] Sample val2_kaggle_cyberbullying_0280 raw_skills=['directed_insult', 'derogatory_framing', 'personal_attack'] mapped=['directed_insult', 'derogatory_framing', 'personal_attack']
[routing] weight for dynahate_hate: 2.5912172842011447
[routing] weight for tweeteval_offense: 1.7886528317563886
[routing] weight for kaggle_bully: 2.686615953637584
[routing] weight for jigsaw_threat: 2.746742737460559
[routing] Selected 4 experts for val2_kaggle_cyberbullying_0280: [('jigsaw_threat', 2.746742737460559), ('kaggle_bully', 2.686615953637584), ('dynahate_hate', 2.5912172842011447), ('tweeteval_offense', 1.7886528317563886)]
[routing] Sample val2_kaggle_cyberbullying_0281 raw_skills=['derogatory_framing', 'stereotype_invocation', 'hostile_sentiment'] mapped=['derogatory_framing', 'stereotype_invocation', 'hostile_sentiment']
[routing] weight for dynahate_hate: 2.6342378848772707
[routing] weight for tweeteval_offense: 1.4172550648650772
[routing] weight for kaggle_bully: 2.671635148797624
[routing] weight for jigsaw_threat: 2.6008349081674837
[routing] Selected 3 experts for val2_kaggle_cyberbullying_0281: [('kaggle_bully', 2.671635148797624), ('dynahate_hate', 2.6342378848772707), ('jigsaw_threat', 2.6008349081674837)]
[routing] Sample val2_kaggle_cyberbullying_0282 raw_skills=['directed_insult', 'personal_attack'] mapped=['directed_insult', 'personal_attack']
[routing] weight for dynahate_hate: 1.7409499045220005
[routing] weight for tweeteval_offense: 1.2964248524817772
[routing] weight for kaggle_bully: 1.8064162864162865
[routing] weight for jigsaw_threat: 1.8449570231748451
[routing] Selected 4 experts for val2_kaggle_cyberbullying_0282: [('jigsaw_threat', 1.8449570231748451), ('kaggle_bully', 1.8064162864162865), ('dynahate_hate', 1.7409499045220005), ('tweeteval_offense', 1.2964248524817772)]
[routing] Sample val2_kaggle_cyberbullying_0283 raw_skills=['profanity_tone', 'derogatory_framing', 'directed_insult'] mapped=['profanity_tone', 'derogatory_framing', 'directed_insult']
[routing] weight for dynahate_hate: 2.7099810811106373
[routing] weight for tweeteval_offense: 2.0348011225604328
[routing] weight for kaggle_bully: 2.6931756684325934
[routing] weight for jigsaw_threat: 2.645375457875458
[routing] Selected 4 experts for val2_kaggle_cyberbullying_0283: [('dynahate_hate', 2.7099810811106373), ('kaggle_bully', 2.6931756684325934), ('jigsaw_threat', 2.645375457875458), ('tweeteval_offense', 2.0348011225604328)]
[routing] Sample val2_kaggle_cyberbullying_0284 raw_skills=['derogatory_framing', 'explicit_threat', 'hostile_sentiment', 'toxic_tone'] mapped=['derogatory_framing', 'explicit_threat', 'hostile_sentiment', 'toxic_tone']
[routing] weight for dynahate_hate: 3.505131225510732
[routing] weight for tweeteval_offense: 2.069767106813739
[routing] weight for kaggle_bully: 3.5608744657668185
[routing] weight for jigsaw_threat: 3.6067797546448075
[routing] Selected 3 experts for val2_kaggle_cyberbullying_0284: [('jigsaw_threat', 3.6067797546448075), ('kaggle_bully', 3.5608744657668185), ('dynahate_hate', 3.505131225510732)]
[routing] Sample val2_kaggle_cyberbullying_0285 raw_skills=['derogatory_framing', 'directed_insult', 'explicit_threat', 'hostile_sentiment'] mapped=['derogatory_framing', 'directed_insult', 'explicit_threat', 'hostile_sentiment']
[routing] weight for dynahate_hate: 3.56969341179071
[routing] weight for tweeteval_offense: 2.265901205273419
[routing] weight for kaggle_bully: 3.605327392349023
[routing] weight for jigsaw_threat: 3.6505713744962778
[routing] Selected 4 experts for val2_kaggle_cyberbullying_0285: [('jigsaw_threat', 3.6505713744962778), ('kaggle_bully', 3.605327392349023), ('dynahate_hate', 3.56969341179071), ('tweeteval_offense', 2.265901205273419)]
[routing] Sample val2_kaggle_cyberbullying_0286 raw_skills=['sarcastic_insult', 'toxic_tone'] mapped=['sarcastic_insult', 'toxic_tone']
[routing] weight for dynahate_hate: 1.6951515151515153
[routing] weight for tweeteval_offense: 1.2002258610954262
[routing] weight for kaggle_bully: 1.7672158850866073
[routing] weight for jigsaw_threat: 1.8086416611532394
[routing] Selected 4 experts for val2_kaggle_cyberbullying_0286: [('jigsaw_threat', 1.8086416611532394), ('kaggle_bully', 1.7672158850866073), ('dynahate_hate', 1.6951515151515153), ('tweeteval_offense', 1.2002258610954262)]
[routing] Sample val2_kaggle_cyberbullying_0287 raw_skills=['derogatory_framing', 'explicit_threat', 'hostile_sentiment', 'personal_attack', 'stereotype_invocation'] mapped=['derogatory_framing', 'explicit_threat', 'hostile_sentiment', 'personal_attack', 'stereotype_invocation']
[routing] weight for dynahate_hate: 4.319775163236596
[routing] weight for tweeteval_offense: 2.5528272041685596
[routing] weight for kaggle_bully: 4.519235476397952
[routing] weight for jigsaw_threat: 4.42400669903078
[routing] Selected 3 experts for val2_kaggle_cyberbullying_0287: [('kaggle_bully', 4.519235476397952), ('jigsaw_threat', 4.42400669903078), ('dynahate_hate', 4.319775163236596)]
[routing] Sample val2_kaggle_cyberbullying_0288 raw_skills=['age_bullying', 'peer_aggression', 'sarcastic_insult'] mapped=['age_bullying', 'peer_aggression', 'sarcastic_insult']
[routing] weight for dynahate_hate: 2.611111111111111
[routing] weight for tweeteval_offense: 1.9855072463768118
[routing] weight for kaggle_bully: 2.7965811965811964
[routing] weight for jigsaw_threat: 2.7183673469387757
[routing] Selected 4 experts for val2_kaggle_cyberbullying_0288: [('kaggle_bully', 2.7965811965811964), ('jigsaw_threat', 2.7183673469387757), ('dynahate_hate', 2.611111111111111), ('tweeteval_offense', 1.9855072463768118)]
[routing] Sample val2_kaggle_cyberbullying_0289 raw_skills=['profanity_tone', 'derogatory_framing', 'directed_insult', 'explicit_threat'] mapped=['profanity_tone', 'derogatory_framing', 'directed_insult', 'explicit_threat']
[routing] weight for dynahate_hate: 3.5809488230461213
[routing] weight for tweeteval_offense: 2.6181344558937663
[routing] weight for kaggle_bully: 3.6571396323965573
[routing] weight for jigsaw_threat: 3.557656159629844
[routing] Selected 4 experts for val2_kaggle_cyberbullying_0289: [('kaggle_bully', 3.6571396323965573), ('dynahate_hate', 3.5809488230461213), ('jigsaw_threat', 3.557656159629844), ('tweeteval_offense', 2.6181344558937663)]
[routing] Sample val2_kaggle_cyberbullying_0290 raw_skills=['appearance_bullying'] mapped=['appearance_bullying']
[routing] weight for dynahate_hate: 0.8787878787878788
[routing] weight for tweeteval_offense: 0.8709677419354839
[routing] weight for kaggle_bully: 0.8796992481203008
[routing] weight for jigsaw_threat: 0.9047619047619048
[routing] Selected 4 experts for val2_kaggle_cyberbullying_0290: [('jigsaw_threat', 0.9047619047619048), ('kaggle_bully', 0.8796992481203008), ('dynahate_hate', 0.8787878787878788), ('tweeteval_offense', 0.8709677419354839)]
[routing] Sample val2_kaggle_cyberbullying_0291 raw_skills=['profanity_tone', 'directed_insult', 'personal_attack', 'derogatory_framing'] mapped=['profanity_tone', 'directed_insult', 'personal_attack', 'derogatory_framing']
[routing] weight for dynahate_hate: 3.5245506175344783
[routing] weight for tweeteval_offense: 2.587039928530582
[routing] weight for kaggle_bully: 3.576812032068957
[routing] weight for jigsaw_threat: 3.556266546984369
[routing] Selected 4 experts for val2_kaggle_cyberbullying_0291: [('kaggle_bully', 3.576812032068957), ('jigsaw_threat', 3.556266546984369), ('dynahate_hate', 3.5245506175344783), ('tweeteval_offense', 2.587039928530582)]
[routing] Sample val2_kaggle_cyberbullying_0292 raw_skills=['peer_aggression', 'implicit_hate'] mapped=['peer_aggression', 'implicit_hate']
[routing] weight for dynahate_hate: 1.8477157360406091
[routing] weight for tweeteval_offense: 0.923728813559322
[routing] weight for kaggle_bully: 1.8044665012406949
[routing] weight for jigsaw_threat: 1.9117647058823528
[routing] Selected 3 experts for val2_kaggle_cyberbullying_0292: [('jigsaw_threat', 1.9117647058823528), ('dynahate_hate', 1.8477157360406091), ('kaggle_bully', 1.8044665012406949)]
[routing] Sample val2_kaggle_cyberbullying_0293 raw_skills=['stereotype_invocation', 'explicit_threat', 'derogatory_framing', 'toxic_tone', 'personal_attack'] mapped=['stereotype_invocation', 'explicit_threat', 'derogatory_framing', 'toxic_tone', 'personal_attack']
[routing] weight for dynahate_hate: 4.259515422976856
[routing] weight for tweeteval_offense: 2.654725306066662
[routing] weight for kaggle_bully: 4.559178634211833
[routing] weight for jigsaw_threat: 4.4118419888550005
[routing] Selected 3 experts for val2_kaggle_cyberbullying_0293: [('kaggle_bully', 4.559178634211833), ('jigsaw_threat', 4.4118419888550005), ('dynahate_hate', 4.259515422976856)]
[routing] Sample val2_kaggle_cyberbullying_0294 raw_skills=['directed_insult', 'toxic_tone', 'personal_attack', 'implicit_hate'] mapped=['directed_insult', 'toxic_tone', 'personal_attack', 'implicit_hate']
[routing] weight for dynahate_hate: 3.450483822380791
[routing] weight for tweeteval_offense: 2.2682056140930476
[routing] weight for kaggle_bully: 3.581517476162392
[routing] weight for jigsaw_threat: 3.6469960432716615
[routing] Selected 4 experts for val2_kaggle_cyberbullying_0294: [('jigsaw_threat', 3.6469960432716615), ('kaggle_bully', 3.581517476162392), ('dynahate_hate', 3.450483822380791), ('tweeteval_offense', 2.2682056140930476)]
[routing] Sample val2_kaggle_cyberbullying_0295 raw_skills=[] mapped=[]
[routing] weight for dynahate_hate: 1.0
[routing] weight for tweeteval_offense: 1.0
[routing] weight for kaggle_bully: 1.0
[routing] weight for jigsaw_threat: 1.0
[routing] Selected 4 experts for val2_kaggle_cyberbullying_0295: [('dynahate_hate', 1.0), ('tweeteval_offense', 1.0), ('kaggle_bully', 1.0), ('jigsaw_threat', 1.0)]
[routing] Sample val2_kaggle_cyberbullying_0296 raw_skills=['dehumanization', 'stereotype_invocation', 'derogatory_framing', 'toxic_tone'] mapped=['dehumanization', 'stereotype_invocation', 'derogatory_framing', 'toxic_tone']
[routing] weight for dynahate_hate: 3.425329495968882
[routing] weight for tweeteval_offense: 2.119153166763179
[routing] weight for kaggle_bully: 3.5547155615134653
[routing] weight for jigsaw_threat: 3.560098769420275
[routing] Selected 3 experts for val2_kaggle_cyberbullying_0296: [('jigsaw_threat', 3.560098769420275), ('kaggle_bully', 3.5547155615134653), ('dynahate_hate', 3.425329495968882)]
[routing] Sample val2_kaggle_cyberbullying_0297 raw_skills=[] mapped=[]
[routing] weight for dynahate_hate: 1.0
[routing] weight for tweeteval_offense: 1.0
[routing] weight for kaggle_bully: 1.0
[routing] weight for jigsaw_threat: 1.0
[routing] Selected 4 experts for val2_kaggle_cyberbullying_0297: [('dynahate_hate', 1.0), ('tweeteval_offense', 1.0), ('kaggle_bully', 1.0), ('jigsaw_threat', 1.0)]
[routing] Sample val2_kaggle_cyberbullying_0298 raw_skills=[] mapped=[]
[routing] weight for dynahate_hate: 1.0
[routing] weight for tweeteval_offense: 1.0
[routing] weight for kaggle_bully: 1.0
[routing] weight for jigsaw_threat: 1.0
[routing] Selected 4 experts for val2_kaggle_cyberbullying_0298: [('dynahate_hate', 1.0), ('tweeteval_offense', 1.0), ('kaggle_bully', 1.0), ('jigsaw_threat', 1.0)]
[routing] Sample val2_kaggle_cyberbullying_0299 raw_skills=['profanity_tone', 'directed_insult'] mapped=['profanity_tone', 'directed_insult']
[routing] weight for dynahate_hate: 1.8597137014314928
[routing] weight for tweeteval_offense: 1.5425731432858214
[routing] weight for kaggle_bully: 1.8129760012112954
[routing] weight for jigsaw_threat: 1.7435897435897436
[routing] Selected 4 experts for val2_kaggle_cyberbullying_0299: [('dynahate_hate', 1.8597137014314928), ('kaggle_bully', 1.8129760012112954), ('jigsaw_threat', 1.7435897435897436), ('tweeteval_offense', 1.5425731432858214)]
[routing] Sample val2_kaggle_cyberbullying_0300 raw_skills=['directed_insult', 'profanity_tone'] mapped=['directed_insult', 'profanity_tone']
[routing] weight for dynahate_hate: 1.8597137014314928
[routing] weight for tweeteval_offense: 1.5425731432858214
[routing] weight for kaggle_bully: 1.8129760012112954
[routing] weight for jigsaw_threat: 1.7435897435897436
[routing] Selected 4 experts for val2_kaggle_cyberbullying_0300: [('dynahate_hate', 1.8597137014314928), ('kaggle_bully', 1.8129760012112954), ('jigsaw_threat', 1.7435897435897436), ('tweeteval_offense', 1.5425731432858214)]
[routing] Sample val2_kaggle_cyberbullying_0301 raw_skills=['derogatory_framing', 'personal_attack', 'toxic_tone', 'stereotype_invocation', 'explicit_threat'] mapped=['derogatory_framing', 'personal_attack', 'toxic_tone', 'stereotype_invocation', 'explicit_threat']
[routing] weight for dynahate_hate: 4.259515422976856
[routing] weight for tweeteval_offense: 2.654725306066662
[routing] weight for kaggle_bully: 4.559178634211833
[routing] weight for jigsaw_threat: 4.4118419888550005
[routing] Selected 3 experts for val2_kaggle_cyberbullying_0301: [('kaggle_bully', 4.559178634211833), ('jigsaw_threat', 4.4118419888550005), ('dynahate_hate', 4.259515422976856)]
[routing] Sample val2_kaggle_cyberbullying_0302 raw_skills=['derogatory_framing', 'implicit_hate', 'personal_attack', 'toxic_tone'] mapped=['derogatory_framing', 'implicit_hate', 'personal_attack', 'toxic_tone']
[routing] weight for dynahate_hate: 3.3743708339617764
[routing] weight for tweeteval_offense: 2.0162475468560306
[routing] weight for kaggle_bully: 3.538937220603767
[routing] weight for jigsaw_threat: 3.6147158234914416
[routing] Selected 3 experts for val2_kaggle_cyberbullying_0302: [('jigsaw_threat', 3.6147158234914416), ('kaggle_bully', 3.538937220603767), ('dynahate_hate', 3.3743708339617764)]
[routing] Sample val2_kaggle_cyberbullying_0303 raw_skills=['stereotype_invocation', 'explicit_threat', 'personal_attack', 'derogatory_framing'] mapped=['stereotype_invocation', 'explicit_threat', 'personal_attack', 'derogatory_framing']
[routing] weight for dynahate_hate: 3.397697241158674
[routing] weight for tweeteval_offense: 2.1066733580147137
[routing] weight for kaggle_bully: 3.680851638014114
[routing] weight for jigsaw_threat: 3.5215676746405364
[routing] Selected 3 experts for val2_kaggle_cyberbullying_0303: [('kaggle_bully', 3.680851638014114), ('jigsaw_threat', 3.5215676746405364), ('dynahate_hate', 3.397697241158674)]
[routing] Sample val2_kaggle_cyberbullying_0304 raw_skills=['profanity_tone', 'implicit_hate', 'derogatory_framing'] mapped=['profanity_tone', 'implicit_hate', 'derogatory_framing']
[routing] weight for dynahate_hate: 2.6313164490530867
[routing] weight for tweeteval_offense: 1.714343889608127
[routing] weight for kaggle_bully: 2.6671699392010573
[routing] weight for jigsaw_threat: 2.623074229691877
[routing] Selected 4 experts for val2_kaggle_cyberbullying_0304: [('kaggle_bully', 2.6671699392010573), ('dynahate_hate', 2.6313164490530867), ('jigsaw_threat', 2.623074229691877), ('tweeteval_offense', 1.714343889608127)]
[routing] Sample val2_kaggle_cyberbullying_0305 raw_skills=['derogatory_framing', 'directed_insult', 'toxic_tone', 'appearance_bullying'] mapped=['derogatory_framing', 'directed_insult', 'toxic_tone', 'appearance_bullying']
[routing] weight for dynahate_hate: 3.5172538083833644
[routing] weight for tweeteval_offense: 2.6554337157736714
[routing] weight for kaggle_bully: 3.56100583431924
[routing] weight for jigsaw_threat: 3.6308878673280165
[routing] Selected 4 experts for val2_kaggle_cyberbullying_0305: [('jigsaw_threat', 3.6308878673280165), ('kaggle_bully', 3.56100583431924), ('dynahate_hate', 3.5172538083833644), ('tweeteval_offense', 2.6554337157736714)]
[routing] Sample val2_kaggle_cyberbullying_0306 raw_skills=['profanity_tone', 'directed_insult'] mapped=['profanity_tone', 'directed_insult']
[routing] weight for dynahate_hate: 1.8597137014314928
[routing] weight for tweeteval_offense: 1.5425731432858214
[routing] weight for kaggle_bully: 1.8129760012112954
[routing] weight for jigsaw_threat: 1.7435897435897436
[routing] Selected 4 experts for val2_kaggle_cyberbullying_0306: [('dynahate_hate', 1.8597137014314928), ('kaggle_bully', 1.8129760012112954), ('jigsaw_threat', 1.7435897435897436), ('tweeteval_offense', 1.5425731432858214)]
[routing] Sample val2_kaggle_cyberbullying_0307 raw_skills=['profanity_tone', 'implicit_hate', 'ethnicity_bullying', 'personal_attack', 'directed_insult'] mapped=['profanity_tone', 'implicit_hate', 'ethnicity_bullying', 'personal_attack', 'directed_insult']
[routing] weight for dynahate_hate: 4.409639423334145
[routing] weight for tweeteval_offense: 3.018540762815293
[routing] weight for kaggle_bully: 4.5933865583960465
[routing] weight for jigsaw_threat: 4.316245538581008
[routing] Selected 4 experts for val2_kaggle_cyberbullying_0307: [('kaggle_bully', 4.5933865583960465), ('dynahate_hate', 4.409639423334145), ('jigsaw_threat', 4.316245538581008), ('tweeteval_offense', 3.018540762815293)]
[routing] Sample val2_kaggle_cyberbullying_0308 raw_skills=['stereotype_invocation', 'derogatory_framing', 'toxic_tone', 'hostile_sentiment'] mapped=['stereotype_invocation', 'derogatory_framing', 'toxic_tone', 'hostile_sentiment']
[routing] weight for dynahate_hate: 3.496056066695453
[routing] weight for tweeteval_offense: 1.9653070129170251
[routing] weight for kaggle_bully: 3.5499621449953427
[routing] weight for jigsaw_threat: 3.4911092223819473
[routing] Selected 3 experts for val2_kaggle_cyberbullying_0308: [('kaggle_bully', 3.5499621449953427), ('dynahate_hate', 3.496056066695453), ('jigsaw_threat', 3.4911092223819473)]
[routing] Sample val2_kaggle_cyberbullying_0309 raw_skills=['collective_blaming', 'derogatory_framing'] mapped=['collective_blaming', 'derogatory_framing']
[routing] weight for dynahate_hate: 1.4613784907902554
[routing] weight for tweeteval_offense: 1.1172279792746114
[routing] weight for kaggle_bully: 1.880199667221298
[routing] weight for jigsaw_threat: 1.7661924939467313
[routing] Selected 3 experts for val2_kaggle_cyberbullying_0309: [('kaggle_bully', 1.880199667221298), ('jigsaw_threat', 1.7661924939467313), ('dynahate_hate', 1.4613784907902554)]
[routing] Sample val2_kaggle_cyberbullying_0310 raw_skills=[] mapped=[]
[routing] weight for dynahate_hate: 1.0
[routing] weight for tweeteval_offense: 1.0
[routing] weight for kaggle_bully: 1.0
[routing] weight for jigsaw_threat: 1.0
[routing] Selected 4 experts for val2_kaggle_cyberbullying_0310: [('dynahate_hate', 1.0), ('tweeteval_offense', 1.0), ('kaggle_bully', 1.0), ('jigsaw_threat', 1.0)]
[routing] Sample val2_kaggle_cyberbullying_0311 raw_skills=['gender_bullying', 'personal_attack', 'profanity_tone'] mapped=['gender_bullying', 'personal_attack', 'profanity_tone']
[routing] weight for dynahate_hate: 2.634695322587363
[routing] weight for tweeteval_offense: 2.064911617030057
[routing] weight for kaggle_bully: 2.7212008631203677
[routing] weight for jigsaw_threat: 2.22041489863272
[routing] Selected 4 experts for val2_kaggle_cyberbullying_0311: [('kaggle_bully', 2.7212008631203677), ('dynahate_hate', 2.634695322587363), ('jigsaw_threat', 2.22041489863272), ('tweeteval_offense', 2.064911617030057)]
[routing] Sample val2_kaggle_cyberbullying_0312 raw_skills=['profanity_tone', 'directed_insult', 'toxic_tone'] mapped=['profanity_tone', 'directed_insult', 'toxic_tone']
[routing] weight for dynahate_hate: 2.721531883249675
[routing] weight for tweeteval_offense: 2.0906250913377695
[routing] weight for kaggle_bully: 2.691302997409014
[routing] weight for jigsaw_threat: 2.6338640578042076
[routing] Selected 4 experts for val2_kaggle_cyberbullying_0312: [('dynahate_hate', 2.721531883249675), ('kaggle_bully', 2.691302997409014), ('jigsaw_threat', 2.6338640578042076), ('tweeteval_offense', 2.0906250913377695)]
[routing] Sample val2_kaggle_cyberbullying_0313 raw_skills=[] mapped=[]
[routing] weight for dynahate_hate: 1.0
[routing] weight for tweeteval_offense: 1.0
[routing] weight for kaggle_bully: 1.0
[routing] weight for jigsaw_threat: 1.0
[routing] Selected 4 experts for val2_kaggle_cyberbullying_0313: [('dynahate_hate', 1.0), ('tweeteval_offense', 1.0), ('kaggle_bully', 1.0), ('jigsaw_threat', 1.0)]
[routing] Sample val2_kaggle_cyberbullying_0314 raw_skills=['derogatory_framing'] mapped=['derogatory_framing']
[routing] weight for dynahate_hate: 0.8502673796791443
[routing] weight for tweeteval_offense: 0.49222797927461137
[routing] weight for kaggle_bully: 0.8801996672212978
[routing] weight for jigsaw_threat: 0.9017857142857143
[routing] Selected 3 experts for val2_kaggle_cyberbullying_0314: [('jigsaw_threat', 0.9017857142857143), ('kaggle_bully', 0.8801996672212978), ('dynahate_hate', 0.8502673796791443)]
[routing] Sample val2_kaggle_cyberbullying_0315 raw_skills=[] mapped=[]
[routing] weight for dynahate_hate: 1.0
[routing] weight for tweeteval_offense: 1.0
[routing] weight for kaggle_bully: 1.0
[routing] weight for jigsaw_threat: 1.0
[routing] Selected 4 experts for val2_kaggle_cyberbullying_0315: [('dynahate_hate', 1.0), ('tweeteval_offense', 1.0), ('kaggle_bully', 1.0), ('jigsaw_threat', 1.0)]
[routing] Sample val2_kaggle_cyberbullying_0316 raw_skills=[] mapped=[]
[routing] weight for dynahate_hate: 1.0
[routing] weight for tweeteval_offense: 1.0
[routing] weight for kaggle_bully: 1.0
[routing] weight for jigsaw_threat: 1.0
[routing] Selected 4 experts for val2_kaggle_cyberbullying_0316: [('dynahate_hate', 1.0), ('tweeteval_offense', 1.0), ('kaggle_bully', 1.0), ('jigsaw_threat', 1.0)]
[routing] Sample val2_kaggle_cyberbullying_0317 raw_skills=['derogatory_framing', 'stereotype_invocation'] mapped=['derogatory_framing', 'stereotype_invocation']
[routing] weight for dynahate_hate: 1.712159962799349
[routing] weight for tweeteval_offense: 0.9711012187112311
[routing] weight for kaggle_bully: 1.833251310413786
[routing] weight for jigsaw_threat: 1.6983958837772397
[routing] Selected 3 experts for val2_kaggle_cyberbullying_0317: [('kaggle_bully', 1.833251310413786), ('dynahate_hate', 1.712159962799349), ('jigsaw_threat', 1.6983958837772397)]
[routing] Sample val2_kaggle_cyberbullying_0318 raw_skills=['profanity_tone', 'personal_attack'] mapped=['profanity_tone', 'personal_attack']
[routing] weight for dynahate_hate: 1.7479028697571746
[routing] weight for tweeteval_offense: 1.3506259027443428
[routing] weight for kaggle_bully: 1.7738324420677363
[routing] weight for jigsaw_threat: 1.7204148986327206
[routing] Selected 4 experts for val2_kaggle_cyberbullying_0318: [('kaggle_bully', 1.7738324420677363), ('dynahate_hate', 1.7479028697571746), ('jigsaw_threat', 1.7204148986327206), ('tweeteval_offense', 1.3506259027443428)]
[routing] Sample val2_kaggle_cyberbullying_0319 raw_skills=['personal_attack', 'profanity_tone', 'sarcastic_insult', 'derogatory_framing'] mapped=['personal_attack', 'profanity_tone', 'sarcastic_insult', 'derogatory_framing']
[routing] weight for dynahate_hate: 3.4315035827696523
[routing] weight for tweeteval_offense: 2.495027795062432
[routing] weight for kaggle_bully: 3.542920998177923
[routing] weight for jigsaw_threat: 3.5405679598572104
[routing] Selected 4 experts for val2_kaggle_cyberbullying_0319: [('kaggle_bully', 3.542920998177923), ('jigsaw_threat', 3.5405679598572104), ('dynahate_hate', 3.4315035827696523), ('tweeteval_offense', 2.495027795062432)]
[routing] Sample val2_kaggle_cyberbullying_0320 raw_skills=['derogatory_framing', 'toxic_tone', 'stereotype_invocation'] mapped=['derogatory_framing', 'toxic_tone', 'stereotype_invocation']
[routing] weight for dynahate_hate: 2.5739781446175307
[routing] weight for tweeteval_offense: 1.5191531667631792
[routing] weight for kaggle_bully: 2.7115783066115045
[routing] weight for jigsaw_threat: 2.5886701979917035
[routing] Selected 3 experts for val2_kaggle_cyberbullying_0320: [('kaggle_bully', 2.7115783066115045), ('jigsaw_threat', 2.5886701979917035), ('dynahate_hate', 2.5739781446175307)]
[routing] Sample val2_kaggle_cyberbullying_0321 raw_skills=['dehumanization', 'stereotype_invocation', 'derogatory_framing', 'ethnicity_bullying'] mapped=['dehumanization', 'stereotype_invocation', 'derogatory_framing', 'ethnicity_bullying']
[routing] weight for dynahate_hate: 3.4511517635889026
[routing] weight for tweeteval_offense: 2.071101218711231
[routing] weight for kaggle_bully: 3.676388565315747
[routing] weight for jigsaw_threat: 3.419824455205811
[routing] Selected 3 experts for val2_kaggle_cyberbullying_0321: [('kaggle_bully', 3.676388565315747), ('dynahate_hate', 3.4511517635889026), ('jigsaw_threat', 3.419824455205811)]
[routing] Sample val2_kaggle_cyberbullying_0322 raw_skills=['explicit_threat', 'derogatory_framing', 'profanity_tone', 'directed_insult'] mapped=['explicit_threat', 'derogatory_framing', 'profanity_tone', 'directed_insult']
[routing] weight for dynahate_hate: 3.580948823046121
[routing] weight for tweeteval_offense: 2.6181344558937663
[routing] weight for kaggle_bully: 3.6571396323965573
[routing] weight for jigsaw_threat: 3.557656159629844
[routing] Selected 4 experts for val2_kaggle_cyberbullying_0322: [('kaggle_bully', 3.6571396323965573), ('dynahate_hate', 3.580948823046121), ('jigsaw_threat', 3.557656159629844), ('tweeteval_offense', 2.6181344558937663)]
[routing] Sample val_bal_kaggle_cyberbullying_0000 raw_skills=['derogatory_framing'] mapped=['derogatory_framing']
[routing] weight for dynahate_hate: 0.8502673796791443
[routing] weight for tweeteval_offense: 0.49222797927461137
[routing] weight for kaggle_bully: 0.8801996672212978
[routing] weight for jigsaw_threat: 0.9017857142857143
[routing] Selected 3 experts for val_bal_kaggle_cyberbullying_0000: [('jigsaw_threat', 0.9017857142857143), ('kaggle_bully', 0.8801996672212978), ('dynahate_hate', 0.8502673796791443)]
[routing] Sample val_bal_kaggle_cyberbullying_0001 raw_skills=['derogatory_framing', 'appearance_bullying', 'toxic_tone'] mapped=['derogatory_framing', 'appearance_bullying', 'toxic_tone']
[routing] weight for dynahate_hate: 2.590873440285205
[routing] weight for tweeteval_offense: 1.9112476692620435
[routing] weight for kaggle_bully: 2.638225911539317
[routing] weight for jigsaw_threat: 2.6968219332620826
[routing] Selected 4 experts for val_bal_kaggle_cyberbullying_0001: [('jigsaw_threat', 2.6968219332620826), ('kaggle_bully', 2.638225911539317), ('dynahate_hate', 2.590873440285205), ('tweeteval_offense', 1.9112476692620435)]
[routing] Sample val_bal_kaggle_cyberbullying_0002 raw_skills=['stereotype_invocation', 'derogatory_framing', 'toxic_tone', 'gender_bullying'] mapped=['stereotype_invocation', 'derogatory_framing', 'toxic_tone', 'gender_bullying']
[routing] weight for dynahate_hate: 3.4607705974477194
[routing] weight for tweeteval_offense: 2.2334388810488934
[routing] weight for kaggle_bully: 3.658946727664136
[routing] weight for jigsaw_threat: 3.0886701979917035
[routing] Selected 4 experts for val_bal_kaggle_cyberbullying_0002: [('kaggle_bully', 3.658946727664136), ('dynahate_hate', 3.4607705974477194), ('jigsaw_threat', 3.0886701979917035), ('tweeteval_offense', 2.2334388810488934)]
[routing] Sample val_bal_kaggle_cyberbullying_0003 raw_skills=['profanity_tone'] mapped=['profanity_tone']
[routing] weight for dynahate_hate: 0.9333333333333333
[routing] weight for tweeteval_offense: 0.7983870967741935
[routing] weight for kaggle_bully: 0.8901960784313725
[routing] weight for jigsaw_threat: 0.8095238095238095
[routing] Selected 4 experts for val_bal_kaggle_cyberbullying_0003: [('dynahate_hate', 0.9333333333333333), ('kaggle_bully', 0.8901960784313725), ('jigsaw_threat', 0.8095238095238095), ('tweeteval_offense', 0.7983870967741935)]
[routing] Sample val_bal_kaggle_cyberbullying_0004 raw_skills=['appearance_bullying', 'derogatory_framing'] mapped=['appearance_bullying', 'derogatory_framing']
[routing] weight for dynahate_hate: 1.7290552584670231
[routing] weight for tweeteval_offense: 1.3631957212100954
[routing] weight for kaggle_bully: 1.7598989153415987
[routing] weight for jigsaw_threat: 1.806547619047619
[routing] Selected 4 experts for val_bal_kaggle_cyberbullying_0004: [('jigsaw_threat', 1.806547619047619), ('kaggle_bully', 1.7598989153415987), ('dynahate_hate', 1.7290552584670231), ('tweeteval_offense', 1.3631957212100954)]
[routing] Sample val_bal_kaggle_cyberbullying_0005 raw_skills=['derogatory_framing', 'stereotype_invocation', 'hostile_sentiment'] mapped=['derogatory_framing', 'stereotype_invocation', 'hostile_sentiment']
[routing] weight for dynahate_hate: 2.6342378848772707
[routing] weight for tweeteval_offense: 1.4172550648650772
[routing] weight for kaggle_bully: 2.671635148797624
[routing] weight for jigsaw_threat: 2.6008349081674837
[routing] Selected 3 experts for val_bal_kaggle_cyberbullying_0005: [('kaggle_bully', 2.671635148797624), ('dynahate_hate', 2.6342378848772707), ('jigsaw_threat', 2.6008349081674837)]
[routing] Sample val_bal_kaggle_cyberbullying_0006 raw_skills=['profanity_tone', 'personal_attack', 'derogatory_framing', 'directed_insult'] mapped=['profanity_tone', 'personal_attack', 'derogatory_framing', 'directed_insult']
[routing] weight for dynahate_hate: 3.5245506175344783
[routing] weight for tweeteval_offense: 2.587039928530582
[routing] weight for kaggle_bully: 3.576812032068957
[routing] weight for jigsaw_threat: 3.556266546984369
[routing] Selected 4 experts for val_bal_kaggle_cyberbullying_0006: [('kaggle_bully', 3.576812032068957), ('jigsaw_threat', 3.556266546984369), ('dynahate_hate', 3.5245506175344783), ('tweeteval_offense', 2.587039928530582)]
[routing] Sample val_bal_kaggle_cyberbullying_0007 raw_skills=['derogatory_framing', 'directed_insult', 'personal_attack', 'profanity_tone'] mapped=['derogatory_framing', 'directed_insult', 'personal_attack', 'profanity_tone']
[routing] weight for dynahate_hate: 3.5245506175344783
[routing] weight for tweeteval_offense: 2.587039928530582
[routing] weight for kaggle_bully: 3.5768120320689567
[routing] weight for jigsaw_threat: 3.556266546984369
[routing] Selected 4 experts for val_bal_kaggle_cyberbullying_0007: [('kaggle_bully', 3.5768120320689567), ('jigsaw_threat', 3.556266546984369), ('dynahate_hate', 3.5245506175344783), ('tweeteval_offense', 2.587039928530582)]
[routing] Sample val_bal_kaggle_cyberbullying_0008 raw_skills=['directed_insult', 'derogatory_framing', 'power_imbalance_cue', 'toxic_tone'] mapped=['directed_insult', 'derogatory_framing', 'power_imbalance_cue', 'toxic_tone']
[routing] weight for dynahate_hate: 3.5134659295954855
[routing] weight for tweeteval_offense: 1.8701802595524728
[routing] weight for kaggle_bully: 3.5479732528656056
[routing] weight for jigsaw_threat: 3.626125962566112
[routing] Selected 3 experts for val_bal_kaggle_cyberbullying_0008: [('jigsaw_threat', 3.626125962566112), ('kaggle_bully', 3.5479732528656056), ('dynahate_hate', 3.5134659295954855)]
[routing] Sample val_bal_kaggle_cyberbullying_0009 raw_skills=['derogatory_framing', 'ethnicity_bullying', 'profanity_tone', 'directed_insult'] mapped=['derogatory_framing', 'ethnicity_bullying', 'profanity_tone', 'directed_insult']
[routing] weight for dynahate_hate: 3.5976215305488393
[routing] weight for tweeteval_offense: 2.5348011225604328
[routing] weight for kaggle_bully: 3.6931756684325934
[routing] weight for jigsaw_threat: 3.395375457875458
[routing] Selected 4 experts for val_bal_kaggle_cyberbullying_0009: [('kaggle_bully', 3.6931756684325934), ('dynahate_hate', 3.5976215305488393), ('jigsaw_threat', 3.395375457875458), ('tweeteval_offense', 2.5348011225604328)]
[routing] Sample val_bal_kaggle_cyberbullying_0010 raw_skills=['dehumanization', 'derogatory_framing'] mapped=['dehumanization', 'derogatory_framing']
[routing] weight for dynahate_hate: 1.7016187310304955
[routing] weight for tweeteval_offense: 1.0922279792746115
[routing] weight for kaggle_bully: 1.7233369221232586
[routing] weight for jigsaw_threat: 1.8732142857142857
[routing] Selected 3 experts for val_bal_kaggle_cyberbullying_0010: [('jigsaw_threat', 1.8732142857142857), ('kaggle_bully', 1.7233369221232586), ('dynahate_hate', 1.7016187310304955)]
[routing] Sample val_bal_kaggle_cyberbullying_0011 raw_skills=['explicit_threat', 'derogatory_framing', 'personal_attack', 'toxic_tone'] mapped=['explicit_threat', 'derogatory_framing', 'personal_attack', 'toxic_tone']
[routing] weight for dynahate_hate: 3.397622839856651
[routing] weight for tweeteval_offense: 2.1758520666300423
[routing] weight for kaggle_bully: 3.606126991019344
[routing] weight for jigsaw_threat: 3.6152318193634745
[routing] Selected 4 experts for val_bal_kaggle_cyberbullying_0011: [('jigsaw_threat', 3.6152318193634745), ('kaggle_bully', 3.606126991019344), ('dynahate_hate', 3.397622839856651), ('tweeteval_offense', 2.1758520666300423)]
[routing] Sample val_bal_kaggle_cyberbullying_0012 raw_skills=['directed_insult', 'profanity_tone'] mapped=['directed_insult', 'profanity_tone']
[routing] weight for dynahate_hate: 1.8597137014314928
[routing] weight for tweeteval_offense: 1.5425731432858214
[routing] weight for kaggle_bully: 1.8129760012112954
[routing] weight for jigsaw_threat: 1.7435897435897436
[routing] Selected 4 experts for val_bal_kaggle_cyberbullying_0012: [('dynahate_hate', 1.8597137014314928), ('kaggle_bully', 1.8129760012112954), ('jigsaw_threat', 1.7435897435897436), ('tweeteval_offense', 1.5425731432858214)]
[routing] Sample val_bal_kaggle_cyberbullying_0013 raw_skills=['stereotype_invocation', 'derogatory_framing'] mapped=['stereotype_invocation', 'derogatory_framing']
[routing] weight for dynahate_hate: 1.712159962799349
[routing] weight for tweeteval_offense: 0.9711012187112311
[routing] weight for kaggle_bully: 1.833251310413786
[routing] weight for jigsaw_threat: 1.6983958837772397
[routing] Selected 3 experts for val_bal_kaggle_cyberbullying_0013: [('kaggle_bully', 1.833251310413786), ('dynahate_hate', 1.712159962799349), ('jigsaw_threat', 1.6983958837772397)]
[routing] Sample val_bal_kaggle_cyberbullying_0014 raw_skills=['personal_attack'] mapped=['personal_attack']
[routing] weight for dynahate_hate: 0.8145695364238411
[routing] weight for tweeteval_offense: 0.5522388059701493
[routing] weight for kaggle_bully: 0.8836363636363637
[routing] weight for jigsaw_threat: 0.9108910891089109
[routing] Selected 4 experts for val_bal_kaggle_cyberbullying_0014: [('jigsaw_threat', 0.9108910891089109), ('kaggle_bully', 0.8836363636363637), ('dynahate_hate', 0.8145695364238411), ('tweeteval_offense', 0.5522388059701493)]
[routing] Sample val_bal_kaggle_cyberbullying_0015 raw_skills=['directed_insult', 'profanity_tone', 'derogatory_framing', 'implicit_hate', 'toxic_tone'] mapped=['directed_insult', 'profanity_tone', 'derogatory_framing', 'implicit_hate', 'toxic_tone']
[routing] weight for dynahate_hate: 4.419514998969428
[routing] weight for tweeteval_offense: 3.0065818841717027
[routing] weight for kaggle_bully: 4.468276858178699
[routing] weight for jigsaw_threat: 4.447414477972274
[routing] Selected 4 experts for val_bal_kaggle_cyberbullying_0015: [('kaggle_bully', 4.468276858178699), ('jigsaw_threat', 4.447414477972274), ('dynahate_hate', 4.419514998969428), ('tweeteval_offense', 3.0065818841717027)]
[routing] Sample val_bal_kaggle_cyberbullying_0016 raw_skills=['directed_insult', 'profanity_tone', 'ethnicity_bullying', 'personal_attack'] mapped=['directed_insult', 'profanity_tone', 'ethnicity_bullying', 'personal_attack']
[routing] weight for dynahate_hate: 3.561923687293536
[routing] weight for tweeteval_offense: 2.5948119492559707
[routing] weight for kaggle_bully: 3.696612364847659
[routing] weight for jigsaw_threat: 3.4044808326986544
[routing] Selected 4 experts for val_bal_kaggle_cyberbullying_0016: [('kaggle_bully', 3.696612364847659), ('dynahate_hate', 3.561923687293536), ('jigsaw_threat', 3.4044808326986544), ('tweeteval_offense', 2.5948119492559707)]
[routing] Sample val_bal_kaggle_cyberbullying_0017 raw_skills=['derogatory_framing', 'stereotype_invocation', 'explicit_threat'] mapped=['derogatory_framing', 'stereotype_invocation', 'explicit_threat']
[routing] weight for dynahate_hate: 2.583127704734833
[routing] weight for tweeteval_offense: 1.5544345520445644
[routing] weight for kaggle_bully: 2.79721527437775
[routing] weight for jigsaw_threat: 2.6106765855316256
[routing] Selected 3 experts for val_bal_kaggle_cyberbullying_0017: [('kaggle_bully', 2.79721527437775), ('jigsaw_threat', 2.6106765855316256), ('dynahate_hate', 2.583127704734833)]
[routing] Sample val_bal_kaggle_cyberbullying_0018 raw_skills=['personal_attack', 'toxic_tone'] mapped=['personal_attack', 'toxic_tone']
[routing] weight for dynahate_hate: 1.6763877182420228
[routing] weight for tweeteval_offense: 1.1002907540220974
[routing] weight for kaggle_bully: 1.7619633598340823
[routing] weight for jigsaw_threat: 1.8011654033233748
[routing] Selected 4 experts for val_bal_kaggle_cyberbullying_0018: [('jigsaw_threat', 1.8011654033233748), ('kaggle_bully', 1.7619633598340823), ('dynahate_hate', 1.6763877182420228), ('tweeteval_offense', 1.1002907540220974)]
[routing] Sample val_bal_kaggle_cyberbullying_0019 raw_skills=['personal_attack', 'derogatory_framing', 'implicit_hate'] mapped=['personal_attack', 'derogatory_framing', 'implicit_hate']
[routing] weight for dynahate_hate: 2.5125526521435946
[routing] weight for tweeteval_offense: 1.4681955988040827
[routing] weight for kaggle_bully: 2.6606102244060486
[routing] weight for jigsaw_threat: 2.724441509276978
[routing] Selected 3 experts for val_bal_kaggle_cyberbullying_0019: [('jigsaw_threat', 2.724441509276978), ('kaggle_bully', 2.6606102244060486), ('dynahate_hate', 2.5125526521435946)]
[routing] Sample val_bal_kaggle_cyberbullying_0020 raw_skills=['appearance_bullying'] mapped=['appearance_bullying']
[routing] weight for dynahate_hate: 0.8787878787878788
[routing] weight for tweeteval_offense: 0.8709677419354839
[routing] weight for kaggle_bully: 0.8796992481203008
[routing] weight for jigsaw_threat: 0.9047619047619048
[routing] Selected 4 experts for val_bal_kaggle_cyberbullying_0020: [('jigsaw_threat', 0.9047619047619048), ('kaggle_bully', 0.8796992481203008), ('dynahate_hate', 0.8787878787878788), ('tweeteval_offense', 0.8709677419354839)]
[routing] Sample val_bal_kaggle_cyberbullying_0021 raw_skills=[] mapped=[]
[routing] weight for dynahate_hate: 1.0
[routing] weight for tweeteval_offense: 1.0
[routing] weight for kaggle_bully: 1.0
[routing] weight for jigsaw_threat: 1.0
[routing] Selected 4 experts for val_bal_kaggle_cyberbullying_0021: [('dynahate_hate', 1.0), ('tweeteval_offense', 1.0), ('kaggle_bully', 1.0), ('jigsaw_threat', 1.0)]
[routing] Sample val_bal_kaggle_cyberbullying_0022 raw_skills=['appearance_bullying', 'peer_aggression'] mapped=['appearance_bullying', 'peer_aggression']
[routing] weight for dynahate_hate: 1.878787878787879
[routing] weight for tweeteval_offense: 1.370967741935484
[routing] weight for kaggle_bully: 1.7873915558126083
[routing] weight for jigsaw_threat: 1.9047619047619047
[routing] Selected 4 experts for val_bal_kaggle_cyberbullying_0022: [('jigsaw_threat', 1.9047619047619047), ('dynahate_hate', 1.878787878787879), ('kaggle_bully', 1.7873915558126083), ('tweeteval_offense', 1.370967741935484)]
[routing] Sample val_bal_kaggle_cyberbullying_0023 raw_skills=['personal_attack', 'derogatory_framing'] mapped=['personal_attack', 'derogatory_framing']
[routing] weight for dynahate_hate: 1.6648369161029855
[routing] weight for tweeteval_offense: 1.0444667852447607
[routing] weight for kaggle_bully: 1.7638360308576615
[routing] weight for jigsaw_threat: 1.8126768033946252
[routing] Selected 3 experts for val_bal_kaggle_cyberbullying_0023: [('jigsaw_threat', 1.8126768033946252), ('kaggle_bully', 1.7638360308576615), ('dynahate_hate', 1.6648369161029855)]
[routing] Sample val_bal_kaggle_cyberbullying_0024 raw_skills=['explicit_threat', 'profanity_tone', 'derogatory_framing'] mapped=['explicit_threat', 'profanity_tone', 'derogatory_framing']
[routing] weight for dynahate_hate: 2.6545684549479613
[routing] weight for tweeteval_offense: 1.8739484093821384
[routing] weight for kaggle_bully: 2.7343597096166343
[routing] weight for jigsaw_threat: 2.62359022556391
[routing] Selected 4 experts for val_bal_kaggle_cyberbullying_0024: [('kaggle_bully', 2.7343597096166343), ('dynahate_hate', 2.6545684549479613), ('jigsaw_threat', 2.62359022556391), ('tweeteval_offense', 1.8739484093821384)]
[routing] Sample val_bal_kaggle_cyberbullying_0025 raw_skills=['dehumanization'] mapped=['dehumanization']
[routing] weight for dynahate_hate: 0.8513513513513513
[routing] weight for tweeteval_offense: 0.6
[routing] weight for kaggle_bully: 0.8431372549019608
[routing] weight for jigsaw_threat: 0.9714285714285714
[routing] Selected 4 experts for val_bal_kaggle_cyberbullying_0025: [('jigsaw_threat', 0.9714285714285714), ('dynahate_hate', 0.8513513513513513), ('kaggle_bully', 0.8431372549019608), ('tweeteval_offense', 0.6)]
[routing] Sample val_bal_kaggle_cyberbullying_0026 raw_skills=['profanity_tone', 'directed_insult'] mapped=['profanity_tone', 'directed_insult']
[routing] weight for dynahate_hate: 1.8597137014314928
[routing] weight for tweeteval_offense: 1.5425731432858214
[routing] weight for kaggle_bully: 1.8129760012112954
[routing] weight for jigsaw_threat: 1.7435897435897436
[routing] Selected 4 experts for val_bal_kaggle_cyberbullying_0026: [('dynahate_hate', 1.8597137014314928), ('kaggle_bully', 1.8129760012112954), ('jigsaw_threat', 1.7435897435897436), ('tweeteval_offense', 1.5425731432858214)]
[routing] Sample val_bal_kaggle_cyberbullying_0027 raw_skills=['stereotype_invocation', 'directed_insult', 'toxic_tone', 'profanity_tone'] mapped=['stereotype_invocation', 'directed_insult', 'toxic_tone', 'profanity_tone']
[routing] weight for dynahate_hate: 3.5834244663698795
[routing] weight for tweeteval_offense: 2.569498330774389
[routing] weight for kaggle_bully: 3.644354640601502
[routing] weight for jigsaw_threat: 3.4304742272957327
[routing] Selected 4 experts for val_bal_kaggle_cyberbullying_0027: [('kaggle_bully', 3.644354640601502), ('dynahate_hate', 3.5834244663698795), ('jigsaw_threat', 3.4304742272957327), ('tweeteval_offense', 2.569498330774389)]
[routing] Sample val_bal_kaggle_cyberbullying_0028 raw_skills=['stereotype_invocation'] mapped=['stereotype_invocation']
[routing] weight for dynahate_hate: 0.8618925831202046
[routing] weight for tweeteval_offense: 0.4788732394366197
[routing] weight for kaggle_bully: 0.9530516431924883
[routing] weight for jigsaw_threat: 0.7966101694915254
[routing] Selected 3 experts for val_bal_kaggle_cyberbullying_0028: [('kaggle_bully', 0.9530516431924883), ('dynahate_hate', 0.8618925831202046), ('jigsaw_threat', 0.7966101694915254)]
[routing] Sample val_bal_kaggle_cyberbullying_0029 raw_skills=['derogatory_framing', 'hostile_sentiment', 'toxic_tone', 'dehumanization', 'stereotype_invocation'] mapped=['derogatory_framing', 'hostile_sentiment', 'toxic_tone', 'dehumanization', 'stereotype_invocation']
[routing] weight for dynahate_hate: 4.347407418046804
[routing] weight for tweeteval_offense: 2.565307012917025
[routing] weight for kaggle_bully: 4.393099399897304
[routing] weight for jigsaw_threat: 4.462537793810519
[routing] Selected 3 experts for val_bal_kaggle_cyberbullying_0029: [('jigsaw_threat', 4.462537793810519), ('kaggle_bully', 4.393099399897304), ('dynahate_hate', 4.347407418046804)]
[routing] Sample val_bal_kaggle_cyberbullying_0030 raw_skills=['derogatory_framing', 'personal_attack', 'explicit_threat'] mapped=['derogatory_framing', 'personal_attack', 'explicit_threat']
[routing] weight for dynahate_hate: 2.535804658038469
[routing] weight for tweeteval_offense: 1.6278001185780941
[routing] weight for kaggle_bully: 2.7277999948216256
[routing] weight for jigsaw_threat: 2.7249575051490114
[routing] Selected 3 experts for val_bal_kaggle_cyberbullying_0030: [('kaggle_bully', 2.7277999948216256), ('jigsaw_threat', 2.7249575051490114), ('dynahate_hate', 2.535804658038469)]
[routing] Sample val_bal_kaggle_cyberbullying_0031 raw_skills=['derogatory_framing', 'explicit_threat'] mapped=['derogatory_framing', 'explicit_threat']
[routing] weight for dynahate_hate: 1.7212351216146282
[routing] weight for tweeteval_offense: 1.0755613126079449
[routing] weight for kaggle_bully: 1.8441636311852618
[routing] weight for jigsaw_threat: 1.8140664160401
[routing] Selected 3 experts for val_bal_kaggle_cyberbullying_0031: [('kaggle_bully', 1.8441636311852618), ('jigsaw_threat', 1.8140664160401), ('dynahate_hate', 1.7212351216146282)]
[routing] Sample val_bal_kaggle_cyberbullying_0032 raw_skills=['stereotype_invocation'] mapped=['stereotype_invocation']
[routing] weight for dynahate_hate: 0.8618925831202046
[routing] weight for tweeteval_offense: 0.4788732394366197
[routing] weight for kaggle_bully: 0.9530516431924883
[routing] weight for jigsaw_threat: 0.7966101694915254
[routing] Selected 3 experts for val_bal_kaggle_cyberbullying_0032: [('kaggle_bully', 0.9530516431924883), ('dynahate_hate', 0.8618925831202046), ('jigsaw_threat', 0.7966101694915254)]
[routing] Sample val_bal_kaggle_cyberbullying_0033 raw_skills=['appearance_bullying'] mapped=['appearance_bullying']
[routing] weight for dynahate_hate: 0.8787878787878788
[routing] weight for tweeteval_offense: 0.8709677419354839
[routing] weight for kaggle_bully: 0.8796992481203008
[routing] weight for jigsaw_threat: 0.9047619047619048
[routing] Selected 4 experts for val_bal_kaggle_cyberbullying_0033: [('jigsaw_threat', 0.9047619047619048), ('kaggle_bully', 0.8796992481203008), ('dynahate_hate', 0.8787878787878788), ('tweeteval_offense', 0.8709677419354839)]
[routing] Sample val_bal_kaggle_cyberbullying_0034 raw_skills=[] mapped=[]
[routing] weight for dynahate_hate: 1.0
[routing] weight for tweeteval_offense: 1.0
[routing] weight for kaggle_bully: 1.0
[routing] weight for jigsaw_threat: 1.0
[routing] Selected 4 experts for val_bal_kaggle_cyberbullying_0034: [('dynahate_hate', 1.0), ('tweeteval_offense', 1.0), ('kaggle_bully', 1.0), ('jigsaw_threat', 1.0)]
[routing] Sample val_bal_kaggle_cyberbullying_0035 raw_skills=['derogatory_framing'] mapped=['derogatory_framing']
[routing] weight for dynahate_hate: 0.8502673796791443
[routing] weight for tweeteval_offense: 0.49222797927461137
[routing] weight for kaggle_bully: 0.8801996672212978
[routing] weight for jigsaw_threat: 0.9017857142857143
[routing] Selected 3 experts for val_bal_kaggle_cyberbullying_0035: [('jigsaw_threat', 0.9017857142857143), ('kaggle_bully', 0.8801996672212978), ('dynahate_hate', 0.8502673796791443)]
[routing] Sample val_bal_kaggle_cyberbullying_0036 raw_skills=['peer_aggression'] mapped=['peer_aggression']
[routing] weight for dynahate_hate: 1.0
[routing] weight for tweeteval_offense: 0.5
[routing] weight for kaggle_bully: 0.9076923076923077
[routing] weight for jigsaw_threat: 1.0
[routing] Selected 3 experts for val_bal_kaggle_cyberbullying_0036: [('dynahate_hate', 1.0), ('jigsaw_threat', 1.0), ('kaggle_bully', 0.9076923076923077)]
[routing] Sample val_bal_kaggle_cyberbullying_0037 raw_skills=['stereotype_invocation', 'hostile_sentiment', 'derogatory_framing'] mapped=['stereotype_invocation', 'hostile_sentiment', 'derogatory_framing']
[routing] weight for dynahate_hate: 2.6342378848772707
[routing] weight for tweeteval_offense: 1.4172550648650772
[routing] weight for kaggle_bully: 2.6716351487976246
[routing] weight for jigsaw_threat: 2.6008349081674837
[routing] Selected 3 experts for val_bal_kaggle_cyberbullying_0037: [('kaggle_bully', 2.6716351487976246), ('dynahate_hate', 2.6342378848772707), ('jigsaw_threat', 2.6008349081674837)]
[routing] Sample val_bal_kaggle_cyberbullying_0038 raw_skills=['directed_insult', 'personal_attack'] mapped=['directed_insult', 'personal_attack']
[routing] weight for dynahate_hate: 1.7409499045220005
[routing] weight for tweeteval_offense: 1.2964248524817772
[routing] weight for kaggle_bully: 1.8064162864162865
[routing] weight for jigsaw_threat: 1.8449570231748451
[routing] Selected 4 experts for val_bal_kaggle_cyberbullying_0038: [('jigsaw_threat', 1.8449570231748451), ('kaggle_bully', 1.8064162864162865), ('dynahate_hate', 1.7409499045220005), ('tweeteval_offense', 1.2964248524817772)]
[routing] Sample val_bal_kaggle_cyberbullying_0039 raw_skills=[] mapped=[]
[routing] weight for dynahate_hate: 1.0
[routing] weight for tweeteval_offense: 1.0
[routing] weight for kaggle_bully: 1.0
[routing] weight for jigsaw_threat: 1.0
[routing] Selected 4 experts for val_bal_kaggle_cyberbullying_0039: [('dynahate_hate', 1.0), ('tweeteval_offense', 1.0), ('kaggle_bully', 1.0), ('jigsaw_threat', 1.0)]
[routing] Sample val_bal_kaggle_cyberbullying_0040 raw_skills=['profanity_tone', 'explicit_threat', 'directed_insult', 'implicit_hate'] mapped=['profanity_tone', 'explicit_threat', 'directed_insult', 'implicit_hate']
[routing] weight for dynahate_hate: 3.5783971794075855
[routing] weight for tweeteval_offense: 2.549635290178477
[routing] weight for kaggle_bully: 3.673714158723646
[routing] weight for jigsaw_threat: 3.5676351512264826
[routing] Selected 4 experts for val_bal_kaggle_cyberbullying_0040: [('kaggle_bully', 3.673714158723646), ('dynahate_hate', 3.5783971794075855), ('jigsaw_threat', 3.5676351512264826), ('tweeteval_offense', 2.549635290178477)]
[routing] Sample val_bal_kaggle_cyberbullying_0041 raw_skills=['toxic_tone'] mapped=['toxic_tone']
[routing] weight for dynahate_hate: 0.8618181818181818
[routing] weight for tweeteval_offense: 0.548051948051948
[routing] weight for kaggle_bully: 0.8783269961977186
[routing] weight for jigsaw_threat: 0.8902743142144638
[routing] Selected 4 experts for val_bal_kaggle_cyberbullying_0041: [('jigsaw_threat', 0.8902743142144638), ('kaggle_bully', 0.8783269961977186), ('dynahate_hate', 0.8618181818181818), ('tweeteval_offense', 0.548051948051948)]
[routing] Sample val_bal_kaggle_cyberbullying_0042 raw_skills=['stereotype_invocation', 'derogatory_framing', 'toxic_tone'] mapped=['stereotype_invocation', 'derogatory_framing', 'toxic_tone']
[routing] weight for dynahate_hate: 2.5739781446175307
[routing] weight for tweeteval_offense: 1.519153166763179
[routing] weight for kaggle_bully: 2.7115783066115045
[routing] weight for jigsaw_threat: 2.5886701979917035
[routing] Selected 3 experts for val_bal_kaggle_cyberbullying_0042: [('kaggle_bully', 2.7115783066115045), ('jigsaw_threat', 2.5886701979917035), ('dynahate_hate', 2.5739781446175307)]
[routing] Sample val_bal_kaggle_cyberbullying_0043 raw_skills=['dehumanization', 'collective_blaming', 'derogatory_framing', 'personal_attack', 'hostile_sentiment'] mapped=['dehumanization', 'collective_blaming', 'derogatory_framing', 'personal_attack', 'hostile_sentiment']
[routing] weight for dynahate_hate: 4.0493773006433695
[routing] weight for tweeteval_offense: 2.715620631398607
[routing] weight for kaggle_bully: 4.445357124143461
[routing] weight for jigsaw_threat: 4.550951178874458
[routing] Selected 3 experts for val_bal_kaggle_cyberbullying_0043: [('jigsaw_threat', 4.550951178874458), ('kaggle_bully', 4.445357124143461), ('dynahate_hate', 4.0493773006433695)]
[routing] Sample val_bal_kaggle_cyberbullying_0044 raw_skills=['derogatory_framing'] mapped=['derogatory_framing']
[routing] weight for dynahate_hate: 0.8502673796791443
[routing] weight for tweeteval_offense: 0.49222797927461137
[routing] weight for kaggle_bully: 0.8801996672212978
[routing] weight for jigsaw_threat: 0.9017857142857143
[routing] Selected 3 experts for val_bal_kaggle_cyberbullying_0044: [('jigsaw_threat', 0.9017857142857143), ('kaggle_bully', 0.8801996672212978), ('dynahate_hate', 0.8502673796791443)]
[routing] Sample val_bal_kaggle_cyberbullying_0045 raw_skills=['stereotype_invocation', 'derogatory_framing', 'dehumanization'] mapped=['stereotype_invocation', 'derogatory_framing', 'dehumanization']
[routing] weight for dynahate_hate: 2.5635113141507
[routing] weight for tweeteval_offense: 1.571101218711231
[routing] weight for kaggle_bully: 2.676388565315747
[routing] weight for jigsaw_threat: 2.669824455205811
[routing] Selected 3 experts for val_bal_kaggle_cyberbullying_0045: [('kaggle_bully', 2.676388565315747), ('jigsaw_threat', 2.669824455205811), ('dynahate_hate', 2.5635113141507)]
[routing] Sample val_bal_kaggle_cyberbullying_0046 raw_skills=['derogatory_framing'] mapped=['derogatory_framing']
[routing] weight for dynahate_hate: 0.8502673796791443
[routing] weight for tweeteval_offense: 0.49222797927461137
[routing] weight for kaggle_bully: 0.8801996672212978
[routing] weight for jigsaw_threat: 0.9017857142857143
[routing] Selected 3 experts for val_bal_kaggle_cyberbullying_0046: [('jigsaw_threat', 0.9017857142857143), ('kaggle_bully', 0.8801996672212978), ('dynahate_hate', 0.8502673796791443)]
[routing] Sample val_bal_kaggle_cyberbullying_0047 raw_skills=[] mapped=[]
[routing] weight for dynahate_hate: 1.0
[routing] weight for tweeteval_offense: 1.0
[routing] weight for kaggle_bully: 1.0
[routing] weight for jigsaw_threat: 1.0
[routing] Selected 4 experts for val_bal_kaggle_cyberbullying_0047: [('dynahate_hate', 1.0), ('tweeteval_offense', 1.0), ('kaggle_bully', 1.0), ('jigsaw_threat', 1.0)]
[routing] Sample val_bal_kaggle_cyberbullying_0048 raw_skills=['implicit_hate', 'derogatory_framing', 'explicit_threat'] mapped=['implicit_hate', 'derogatory_framing', 'explicit_threat']
[routing] weight for dynahate_hate: 2.5689508576552376
[routing] weight for tweeteval_offense: 1.4992901261672666
[routing] weight for kaggle_bully: 2.7409378247336487
[routing] weight for jigsaw_threat: 2.725831121922453
[routing] Selected 3 experts for val_bal_kaggle_cyberbullying_0048: [('kaggle_bully', 2.7409378247336487), ('jigsaw_threat', 2.725831121922453), ('dynahate_hate', 2.5689508576552376)]
[routing] Sample val_bal_kaggle_cyberbullying_0049 raw_skills=['derogatory_framing', 'toxic_tone', 'personal_attack', 'appearance_bullying'] mapped=['derogatory_framing', 'toxic_tone', 'personal_attack', 'appearance_bullying']
[routing] weight for dynahate_hate: 3.405442976709046
[routing] weight for tweeteval_offense: 2.4634864752321928
[routing] weight for kaggle_bully: 3.521862275175681
[routing] weight for jigsaw_threat: 3.6077130223709934
[routing] Selected 4 experts for val_bal_kaggle_cyberbullying_0049: [('jigsaw_threat', 3.6077130223709934), ('kaggle_bully', 3.521862275175681), ('dynahate_hate', 3.405442976709046), ('tweeteval_offense', 2.4634864752321928)]
[routing] Sample val_bal_kaggle_cyberbullying_0050 raw_skills=['profanity_tone', 'ethnicity_bullying', 'directed_insult', 'derogatory_framing'] mapped=['profanity_tone', 'ethnicity_bullying', 'directed_insult', 'derogatory_framing']
[routing] weight for dynahate_hate: 3.5976215305488393
[routing] weight for tweeteval_offense: 2.5348011225604328
[routing] weight for kaggle_bully: 3.6931756684325934
[routing] weight for jigsaw_threat: 3.395375457875458
[routing] Selected 4 experts for val_bal_kaggle_cyberbullying_0050: [('kaggle_bully', 3.6931756684325934), ('dynahate_hate', 3.5976215305488393), ('jigsaw_threat', 3.395375457875458), ('tweeteval_offense', 2.5348011225604328)]
[routing] Sample val_bal_kaggle_cyberbullying_0051 raw_skills=['stereotype_invocation', 'appearance_bullying', 'collective_blaming', 'toxic_tone'] mapped=['stereotype_invocation', 'appearance_bullying', 'collective_blaming', 'toxic_tone']
[routing] weight for dynahate_hate: 3.213609754837376
[routing] weight for tweeteval_offense: 2.5228929294240516
[routing] weight for kaggle_bully: 3.7110778875105073
[routing] weight for jigsaw_threat: 3.4560531681289106
[routing] Selected 4 experts for val_bal_kaggle_cyberbullying_0051: [('kaggle_bully', 3.7110778875105073), ('jigsaw_threat', 3.4560531681289106), ('dynahate_hate', 3.213609754837376), ('tweeteval_offense', 2.5228929294240516)]
[routing] Sample val_bal_kaggle_cyberbullying_0052 raw_skills=['appearance_bullying', 'peer_aggression'] mapped=['appearance_bullying', 'peer_aggression']
[routing] weight for dynahate_hate: 1.878787878787879
[routing] weight for tweeteval_offense: 1.370967741935484
[routing] weight for kaggle_bully: 1.7873915558126083
[routing] weight for jigsaw_threat: 1.9047619047619047
[routing] Selected 4 experts for val_bal_kaggle_cyberbullying_0052: [('jigsaw_threat', 1.9047619047619047), ('dynahate_hate', 1.878787878787879), ('kaggle_bully', 1.7873915558126083), ('tweeteval_offense', 1.370967741935484)]
[routing] Sample val_bal_kaggle_cyberbullying_0053 raw_skills=['derogatory_framing', 'directed_insult', 'profanity_tone'] mapped=['derogatory_framing', 'directed_insult', 'profanity_tone']
[routing] weight for dynahate_hate: 2.7099810811106373
[routing] weight for tweeteval_offense: 2.0348011225604328
[routing] weight for kaggle_bully: 2.693175668432593
[routing] weight for jigsaw_threat: 2.645375457875458
[routing] Selected 4 experts for val_bal_kaggle_cyberbullying_0053: [('dynahate_hate', 2.7099810811106373), ('kaggle_bully', 2.693175668432593), ('jigsaw_threat', 2.645375457875458), ('tweeteval_offense', 2.0348011225604328)]
[routing] Sample val_bal_kaggle_cyberbullying_0054 raw_skills=[] mapped=[]
[routing] weight for dynahate_hate: 1.0
[routing] weight for tweeteval_offense: 1.0
[routing] weight for kaggle_bully: 1.0
[routing] weight for jigsaw_threat: 1.0
[routing] Selected 4 experts for val_bal_kaggle_cyberbullying_0054: [('dynahate_hate', 1.0), ('tweeteval_offense', 1.0), ('kaggle_bully', 1.0), ('jigsaw_threat', 1.0)]
[routing] Sample val_bal_kaggle_cyberbullying_0055 raw_skills=['toxic_tone', 'personal_attack', 'implicit_hate'] mapped=['toxic_tone', 'personal_attack', 'implicit_hate']
[routing] weight for dynahate_hate: 2.524103454282632
[routing] weight for tweeteval_offense: 1.5240195675814194
[routing] weight for kaggle_bully: 2.658737553382469
[routing] weight for jigsaw_threat: 2.7129301092057276
[routing] Selected 3 experts for val_bal_kaggle_cyberbullying_0055: [('jigsaw_threat', 2.7129301092057276), ('kaggle_bully', 2.658737553382469), ('dynahate_hate', 2.524103454282632)]
[routing] Sample val_bal_kaggle_cyberbullying_0056 raw_skills=['derogatory_framing', 'implicit_hate', 'stereotype_invocation'] mapped=['derogatory_framing', 'implicit_hate', 'stereotype_invocation']
[routing] weight for dynahate_hate: 2.5598756988399582
[routing] weight for tweeteval_offense: 1.3948300322705531
[routing] weight for kaggle_bully: 2.730025503962173
[routing] weight for jigsaw_threat: 2.6101605896595927
[routing] Selected 3 experts for val_bal_kaggle_cyberbullying_0056: [('kaggle_bully', 2.730025503962173), ('jigsaw_threat', 2.6101605896595927), ('dynahate_hate', 2.5598756988399582)]
[routing] Sample val_bal_kaggle_cyberbullying_0057 raw_skills=['personal_attack'] mapped=['personal_attack']
[routing] weight for dynahate_hate: 0.8145695364238411
[routing] weight for tweeteval_offense: 0.5522388059701493
[routing] weight for kaggle_bully: 0.8836363636363637
[routing] weight for jigsaw_threat: 0.9108910891089109
[routing] Selected 4 experts for val_bal_kaggle_cyberbullying_0057: [('jigsaw_threat', 0.9108910891089109), ('kaggle_bully', 0.8836363636363637), ('dynahate_hate', 0.8145695364238411), ('tweeteval_offense', 0.5522388059701493)]
[routing] Sample val_bal_kaggle_cyberbullying_0058 raw_skills=['appearance_bullying', 'toxic_tone'] mapped=['appearance_bullying', 'toxic_tone']
[routing] weight for dynahate_hate: 1.7406060606060607
[routing] weight for tweeteval_offense: 1.4190196899874319
[routing] weight for kaggle_bully: 1.7580262443180192
[routing] weight for jigsaw_threat: 1.7950362189763687
[routing] Selected 4 experts for val_bal_kaggle_cyberbullying_0058: [('jigsaw_threat', 1.7950362189763687), ('kaggle_bully', 1.7580262443180192), ('dynahate_hate', 1.7406060606060607), ('tweeteval_offense', 1.4190196899874319)]
[routing] Sample val_bal_kaggle_cyberbullying_0059 raw_skills=[] mapped=[]
[routing] weight for dynahate_hate: 1.0
[routing] weight for tweeteval_offense: 1.0
[routing] weight for kaggle_bully: 1.0
[routing] weight for jigsaw_threat: 1.0
[routing] Selected 4 experts for val_bal_kaggle_cyberbullying_0059: [('dynahate_hate', 1.0), ('tweeteval_offense', 1.0), ('kaggle_bully', 1.0), ('jigsaw_threat', 1.0)]
[routing] Sample val_bal_kaggle_cyberbullying_0060 raw_skills=['stereotype_invocation', 'derogatory_framing', 'explicit_threat', 'implicit_hate'] mapped=['stereotype_invocation', 'derogatory_framing', 'explicit_threat', 'implicit_hate']
[routing] weight for dynahate_hate: 3.4308434407754422
[routing] weight for tweeteval_offense: 1.9781633656038864
[routing] weight for kaggle_bully: 3.693989467926137
[routing] weight for jigsaw_threat: 3.5224412914139784
[routing] Selected 3 experts for val_bal_kaggle_cyberbullying_0060: [('kaggle_bully', 3.693989467926137), ('jigsaw_threat', 3.5224412914139784), ('dynahate_hate', 3.4308434407754422)]
[routing] Sample val_bal_kaggle_cyberbullying_0061 raw_skills=[] mapped=[]
[routing] weight for dynahate_hate: 1.0
[routing] weight for tweeteval_offense: 1.0
[routing] weight for kaggle_bully: 1.0
[routing] weight for jigsaw_threat: 1.0
[routing] Selected 4 experts for val_bal_kaggle_cyberbullying_0061: [('dynahate_hate', 1.0), ('tweeteval_offense', 1.0), ('kaggle_bully', 1.0), ('jigsaw_threat', 1.0)]
[routing] Sample val_bal_kaggle_cyberbullying_0062 raw_skills=[] mapped=[]
[routing] weight for dynahate_hate: 1.0
[routing] weight for tweeteval_offense: 1.0
[routing] weight for kaggle_bully: 1.0
[routing] weight for jigsaw_threat: 1.0
[routing] Selected 4 experts for val_bal_kaggle_cyberbullying_0062: [('dynahate_hate', 1.0), ('tweeteval_offense', 1.0), ('kaggle_bully', 1.0), ('jigsaw_threat', 1.0)]
[routing] Sample val_bal_kaggle_cyberbullying_0063 raw_skills=['personal_attack', 'toxic_tone', 'power_imbalance_cue'] mapped=['personal_attack', 'toxic_tone', 'power_imbalance_cue']
[routing] weight for dynahate_hate: 2.551387718242023
[routing] weight for tweeteval_offense: 1.186005039736383
[routing] weight for kaggle_bully: 2.628630026500749
[routing] weight for jigsaw_threat: 2.7011654033233747
[routing] Selected 3 experts for val_bal_kaggle_cyberbullying_0063: [('jigsaw_threat', 2.7011654033233747), ('kaggle_bully', 2.628630026500749), ('dynahate_hate', 2.551387718242023)]
[routing] Sample val_bal_kaggle_cyberbullying_0064 raw_skills=['appearance_bullying', 'personal_attack', 'peer_aggression'] mapped=['appearance_bullying', 'personal_attack', 'peer_aggression']
[routing] weight for dynahate_hate: 2.69335741521172
[routing] weight for tweeteval_offense: 1.9232065479056333
[routing] weight for kaggle_bully: 2.671027919448972
[routing] weight for jigsaw_threat: 2.815652993870816
[routing] Selected 4 experts for val_bal_kaggle_cyberbullying_0064: [('jigsaw_threat', 2.815652993870816), ('dynahate_hate', 2.69335741521172), ('kaggle_bully', 2.671027919448972), ('tweeteval_offense', 1.9232065479056333)]
[routing] Sample val_bal_kaggle_cyberbullying_0065 raw_skills=['stereotype_invocation', 'derogatory_framing'] mapped=['stereotype_invocation', 'derogatory_framing']
[routing] weight for dynahate_hate: 1.712159962799349
[routing] weight for tweeteval_offense: 0.9711012187112311
[routing] weight for kaggle_bully: 1.833251310413786
[routing] weight for jigsaw_threat: 1.6983958837772397
[routing] Selected 3 experts for val_bal_kaggle_cyberbullying_0065: [('kaggle_bully', 1.833251310413786), ('dynahate_hate', 1.712159962799349), ('jigsaw_threat', 1.6983958837772397)]
[routing] Sample val_bal_kaggle_cyberbullying_0066 raw_skills=[] mapped=[]
[routing] weight for dynahate_hate: 1.0
[routing] weight for tweeteval_offense: 1.0
[routing] weight for kaggle_bully: 1.0
[routing] weight for jigsaw_threat: 1.0
[routing] Selected 4 experts for val_bal_kaggle_cyberbullying_0066: [('dynahate_hate', 1.0), ('tweeteval_offense', 1.0), ('kaggle_bully', 1.0), ('jigsaw_threat', 1.0)]
[routing] Sample val_bal_kaggle_cyberbullying_0067 raw_skills=['explicit_threat', 'profanity_tone', 'personal_attack', 'peer_aggression', 'appearance_bullying'] mapped=['explicit_threat', 'profanity_tone', 'personal_attack', 'peer_aggression', 'appearance_bullying']
[routing] weight for dynahate_hate: 4.497658490480537
[routing] weight for tweeteval_offense: 3.3049269780131603
[routing] weight for kaggle_bully: 4.525187961844308
[routing] weight for jigsaw_threat: 4.537457505149011
[routing] Selected 4 experts for val_bal_kaggle_cyberbullying_0067: [('jigsaw_threat', 4.537457505149011), ('kaggle_bully', 4.525187961844308), ('dynahate_hate', 4.497658490480537), ('tweeteval_offense', 3.3049269780131603)]
[routing] Sample val_bal_kaggle_cyberbullying_0068 raw_skills=['personal_attack', 'patronizing_tone'] mapped=['personal_attack', 'patronizing_tone']
[routing] weight for dynahate_hate: 1.814569536423841
[routing] weight for tweeteval_offense: 1.2189054726368158
[routing] weight for kaggle_bully: 1.8836363636363638
[routing] weight for jigsaw_threat: 1.81998199819982
[routing] Selected 4 experts for val_bal_kaggle_cyberbullying_0068: [('kaggle_bully', 1.8836363636363638), ('jigsaw_threat', 1.81998199819982), ('dynahate_hate', 1.814569536423841), ('tweeteval_offense', 1.2189054726368158)]
[routing] Sample val_bal_kaggle_cyberbullying_0069 raw_skills=['profanity_tone'] mapped=['profanity_tone']
[routing] weight for dynahate_hate: 0.9333333333333333
[routing] weight for tweeteval_offense: 0.7983870967741935
[routing] weight for kaggle_bully: 0.8901960784313725
[routing] weight for jigsaw_threat: 0.8095238095238095
[routing] Selected 4 experts for val_bal_kaggle_cyberbullying_0069: [('dynahate_hate', 0.9333333333333333), ('kaggle_bully', 0.8901960784313725), ('jigsaw_threat', 0.8095238095238095), ('tweeteval_offense', 0.7983870967741935)]
[routing] Sample val_bal_kaggle_cyberbullying_0070 raw_skills=['appearance_bullying', 'peer_aggression'] mapped=['appearance_bullying', 'peer_aggression']
[routing] weight for dynahate_hate: 1.878787878787879
[routing] weight for tweeteval_offense: 1.370967741935484
[routing] weight for kaggle_bully: 1.7873915558126083
[routing] weight for jigsaw_threat: 1.9047619047619047
[routing] Selected 4 experts for val_bal_kaggle_cyberbullying_0070: [('jigsaw_threat', 1.9047619047619047), ('dynahate_hate', 1.878787878787879), ('kaggle_bully', 1.7873915558126083), ('tweeteval_offense', 1.370967741935484)]
[routing] Sample val_bal_kaggle_cyberbullying_0071 raw_skills=['derogatory_framing', 'implicit_hate', 'toxic_tone'] mapped=['derogatory_framing', 'implicit_hate', 'toxic_tone']
[routing] weight for dynahate_hate: 2.5598012975379354
[routing] weight for tweeteval_offense: 1.4640087408858813
[routing] weight for kaggle_bully: 2.6553008569674033
[routing] weight for jigsaw_threat: 2.703824734382531
[routing] Selected 3 experts for val_bal_kaggle_cyberbullying_0071: [('jigsaw_threat', 2.703824734382531), ('kaggle_bully', 2.6553008569674033), ('dynahate_hate', 2.5598012975379354)]
[routing] Sample val_bal_kaggle_cyberbullying_0072 raw_skills=['stereotype_invocation', 'derogatory_framing', 'appearance_bullying', 'collective_blaming', 'explicit_threat', 'age_bullying'] mapped=['stereotype_invocation', 'derogatory_framing', 'appearance_bullying', 'collective_blaming', 'explicit_threat', 'age_bullying']
[routing] weight for dynahate_hate: 4.850804472411601
[routing] weight for tweeteval_offense: 3.883735627313382
[routing] weight for kaggle_bully: 5.676914522498051
[routing] weight for jigsaw_threat: 5.179845269954547
[routing] Selected 4 experts for val_bal_kaggle_cyberbullying_0072: [('kaggle_bully', 5.676914522498051), ('jigsaw_threat', 5.179845269954547), ('dynahate_hate', 4.850804472411601), ('tweeteval_offense', 3.883735627313382)]
[routing] Sample val_bal_kaggle_cyberbullying_0073 raw_skills=['appearance_bullying'] mapped=['appearance_bullying']
[routing] weight for dynahate_hate: 0.8787878787878788
[routing] weight for tweeteval_offense: 0.8709677419354839
[routing] weight for kaggle_bully: 0.8796992481203008
[routing] weight for jigsaw_threat: 0.9047619047619048
[routing] Selected 4 experts for val_bal_kaggle_cyberbullying_0073: [('jigsaw_threat', 0.9047619047619048), ('kaggle_bully', 0.8796992481203008), ('dynahate_hate', 0.8787878787878788), ('tweeteval_offense', 0.8709677419354839)]
[routing] Sample val_bal_kaggle_cyberbullying_0074 raw_skills=['explicit_threat', 'personal_attack', 'implicit_hate', 'derogatory_framing', 'stereotype_invocation'] mapped=['explicit_threat', 'personal_attack', 'implicit_hate', 'derogatory_framing', 'stereotype_invocation']
[routing] weight for dynahate_hate: 4.245412977199282
[routing] weight for tweeteval_offense: 2.530402171574036
[routing] weight for kaggle_bully: 4.577625831562501
[routing] weight for jigsaw_threat: 4.43333238052289
[routing] Selected 3 experts for val_bal_kaggle_cyberbullying_0074: [('kaggle_bully', 4.577625831562501), ('jigsaw_threat', 4.43333238052289), ('dynahate_hate', 4.245412977199282)]
[routing] Sample val_bal_kaggle_cyberbullying_0075 raw_skills=['stereotype_invocation', 'derogatory_framing', 'explicit_threat'] mapped=['stereotype_invocation', 'derogatory_framing', 'explicit_threat']
[routing] weight for dynahate_hate: 2.583127704734833
[routing] weight for tweeteval_offense: 1.5544345520445644
[routing] weight for kaggle_bully: 2.79721527437775
[routing] weight for jigsaw_threat: 2.6106765855316256
[routing] Selected 3 experts for val_bal_kaggle_cyberbullying_0075: [('kaggle_bully', 2.79721527437775), ('jigsaw_threat', 2.6106765855316256), ('dynahate_hate', 2.583127704734833)]
[routing] Sample val2_tweeteval_offensive_0130 raw_skills=['derogatory_framing'] mapped=['derogatory_framing']
[routing] weight for dynahate_hate: 0.8502673796791443
[routing] weight for tweeteval_offense: 0.49222797927461137
[routing] weight for kaggle_bully: 0.8801996672212978
[routing] weight for jigsaw_threat: 0.9017857142857143
[routing] Selected 3 experts for val2_tweeteval_offensive_0130: [('jigsaw_threat', 0.9017857142857143), ('kaggle_bully', 0.8801996672212978), ('dynahate_hate', 0.8502673796791443)]
[routing] Sample val2_tweeteval_offensive_0131 raw_skills=['personal_attack', 'derogatory_framing'] mapped=['personal_attack', 'derogatory_framing']
[routing] weight for dynahate_hate: 1.6648369161029855
[routing] weight for tweeteval_offense: 1.0444667852447607
[routing] weight for kaggle_bully: 1.7638360308576615
[routing] weight for jigsaw_threat: 1.8126768033946252
[routing] Selected 3 experts for val2_tweeteval_offensive_0131: [('jigsaw_threat', 1.8126768033946252), ('kaggle_bully', 1.7638360308576615), ('dynahate_hate', 1.6648369161029855)]
[routing] Sample val2_tweeteval_offensive_0132 raw_skills=['derogatory_framing'] mapped=['derogatory_framing']
[routing] weight for dynahate_hate: 0.8502673796791443
[routing] weight for tweeteval_offense: 0.49222797927461137
[routing] weight for kaggle_bully: 0.8801996672212978
[routing] weight for jigsaw_threat: 0.9017857142857143
[routing] Selected 3 experts for val2_tweeteval_offensive_0132: [('jigsaw_threat', 0.9017857142857143), ('kaggle_bully', 0.8801996672212978), ('dynahate_hate', 0.8502673796791443)]
[routing] Sample val2_tweeteval_offensive_0133 raw_skills=['derogatory_framing', 'toxic_tone', 'stereotype_invocation'] mapped=['derogatory_framing', 'toxic_tone', 'stereotype_invocation']
[routing] weight for dynahate_hate: 2.5739781446175307
[routing] weight for tweeteval_offense: 1.5191531667631792
[routing] weight for kaggle_bully: 2.7115783066115045
[routing] weight for jigsaw_threat: 2.5886701979917035
[routing] Selected 3 experts for val2_tweeteval_offensive_0133: [('kaggle_bully', 2.7115783066115045), ('jigsaw_threat', 2.5886701979917035), ('dynahate_hate', 2.5739781446175307)]
[routing] Sample val2_tweeteval_offensive_0134 raw_skills=['toxic_tone'] mapped=['toxic_tone']
[routing] weight for dynahate_hate: 0.8618181818181818
[routing] weight for tweeteval_offense: 0.548051948051948
[routing] weight for kaggle_bully: 0.8783269961977186
[routing] weight for jigsaw_threat: 0.8902743142144638
[routing] Selected 4 experts for val2_tweeteval_offensive_0134: [('jigsaw_threat', 0.8902743142144638), ('kaggle_bully', 0.8783269961977186), ('dynahate_hate', 0.8618181818181818), ('tweeteval_offense', 0.548051948051948)]
[routing] Sample val2_tweeteval_offensive_0135 raw_skills=['derogatory_framing', 'explicit_threat', 'hostile_sentiment', 'toxic_tone'] mapped=['derogatory_framing', 'explicit_threat', 'hostile_sentiment', 'toxic_tone']
[routing] weight for dynahate_hate: 3.505131225510732
[routing] weight for tweeteval_offense: 2.069767106813739
[routing] weight for kaggle_bully: 3.5608744657668185
[routing] weight for jigsaw_threat: 3.6067797546448075
[routing] Selected 3 experts for val2_tweeteval_offensive_0135: [('jigsaw_threat', 3.6067797546448075), ('kaggle_bully', 3.5608744657668185), ('dynahate_hate', 3.505131225510732)]
[routing] Sample val2_tweeteval_offensive_0136 raw_skills=['personal_attack', 'sarcastic_insult'] mapped=['personal_attack', 'sarcastic_insult']
[routing] weight for dynahate_hate: 1.6479028697571745
[routing] weight for tweeteval_offense: 1.2044127190136276
[routing] weight for kaggle_bully: 1.7725252525252526
[routing] weight for jigsaw_threat: 1.8292584360476865
[routing] Selected 4 experts for val2_tweeteval_offensive_0136: [('jigsaw_threat', 1.8292584360476865), ('kaggle_bully', 1.7725252525252526), ('dynahate_hate', 1.6479028697571745), ('tweeteval_offense', 1.2044127190136276)]
[routing] Sample val2_tweeteval_offensive_0137 raw_skills=['profanity_tone'] mapped=['profanity_tone']
[routing] weight for dynahate_hate: 0.9333333333333333
[routing] weight for tweeteval_offense: 0.7983870967741935
[routing] weight for kaggle_bully: 0.8901960784313725
[routing] weight for jigsaw_threat: 0.8095238095238095
[routing] Selected 4 experts for val2_tweeteval_offensive_0137: [('dynahate_hate', 0.9333333333333333), ('kaggle_bully', 0.8901960784313725), ('jigsaw_threat', 0.8095238095238095), ('tweeteval_offense', 0.7983870967741935)]
[routing] Sample val2_tweeteval_offensive_0138 raw_skills=['power_imbalance_cue'] mapped=['power_imbalance_cue']
[routing] weight for dynahate_hate: 0.875
[routing] weight for tweeteval_offense: 0.08571428571428572
[routing] weight for kaggle_bully: 0.8666666666666667
[routing] weight for jigsaw_threat: 0.9
[routing] Selected 3 experts for val2_tweeteval_offensive_0138: [('jigsaw_threat', 0.9), ('dynahate_hate', 0.875), ('kaggle_bully', 0.8666666666666667)]
[routing] Sample val2_tweeteval_offensive_0139 raw_skills=['profanity_tone', 'personal_attack'] mapped=['profanity_tone', 'personal_attack']
[routing] weight for dynahate_hate: 1.7479028697571746
[routing] weight for tweeteval_offense: 1.3506259027443428
[routing] weight for kaggle_bully: 1.7738324420677363
[routing] weight for jigsaw_threat: 1.7204148986327206
[routing] Selected 4 experts for val2_tweeteval_offensive_0139: [('kaggle_bully', 1.7738324420677363), ('dynahate_hate', 1.7479028697571746), ('jigsaw_threat', 1.7204148986327206), ('tweeteval_offense', 1.3506259027443428)]
[routing] Sample val2_tweeteval_offensive_0140 raw_skills=['dehumanization', 'derogatory_framing', 'collective_blaming'] mapped=['dehumanization', 'derogatory_framing', 'collective_blaming']
[routing] weight for dynahate_hate: 2.3127298421416067
[routing] weight for tweeteval_offense: 1.7172279792746115
[routing] weight for kaggle_bully: 2.7233369221232584
[routing] weight for jigsaw_threat: 2.737621065375303
[routing] Selected 4 experts for val2_tweeteval_offensive_0140: [('jigsaw_threat', 2.737621065375303), ('kaggle_bully', 2.7233369221232584), ('dynahate_hate', 2.3127298421416067), ('tweeteval_offense', 1.7172279792746115)]
[routing] Sample val2_tweeteval_offensive_0141 raw_skills=[] mapped=[]
[routing] weight for dynahate_hate: 1.0
[routing] weight for tweeteval_offense: 1.0
[routing] weight for kaggle_bully: 1.0
[routing] weight for jigsaw_threat: 1.0
[routing] Selected 4 experts for val2_tweeteval_offensive_0141: [('dynahate_hate', 1.0), ('tweeteval_offense', 1.0), ('kaggle_bully', 1.0), ('jigsaw_threat', 1.0)]
[routing] Sample val2_tweeteval_offensive_0142 raw_skills=['personal_attack', 'patronizing_tone', 'age_bullying'] mapped=['personal_attack', 'patronizing_tone', 'age_bullying']
[routing] weight for dynahate_hate: 2.5923473142016187
[routing] weight for tweeteval_offense: 2.0522388059701493
[routing] weight for kaggle_bully: 2.8836363636363638
[routing] weight for jigsaw_threat: 2.61998199819982
[routing] Selected 4 experts for val2_tweeteval_offensive_0142: [('kaggle_bully', 2.8836363636363638), ('jigsaw_threat', 2.61998199819982), ('dynahate_hate', 2.5923473142016187), ('tweeteval_offense', 2.0522388059701493)]
[routing] Sample val2_tweeteval_offensive_0143 raw_skills=[] mapped=[]
[routing] weight for dynahate_hate: 1.0
[routing] weight for tweeteval_offense: 1.0
[routing] weight for kaggle_bully: 1.0
[routing] weight for jigsaw_threat: 1.0
[routing] Selected 4 experts for val2_tweeteval_offensive_0143: [('dynahate_hate', 1.0), ('tweeteval_offense', 1.0), ('kaggle_bully', 1.0), ('jigsaw_threat', 1.0)]
[routing] Sample val2_tweeteval_offensive_0144 raw_skills=['derogatory_framing', 'sarcastic_insult', 'personal_attack'] mapped=['derogatory_framing', 'sarcastic_insult', 'personal_attack']
[routing] weight for dynahate_hate: 2.4981702494363187
[routing] weight for tweeteval_offense: 1.696640698288239
[routing] weight for kaggle_bully: 2.6527249197465506
[routing] weight for jigsaw_threat: 2.7310441503334006
[routing] Selected 4 experts for val2_tweeteval_offensive_0144: [('jigsaw_threat', 2.7310441503334006), ('kaggle_bully', 2.6527249197465506), ('dynahate_hate', 2.4981702494363187), ('tweeteval_offense', 1.696640698288239)]
[routing] Sample val2_tweeteval_offensive_0145 raw_skills=['hostile_sentiment', 'derogatory_framing', 'toxic_tone'] mapped=['hostile_sentiment', 'derogatory_framing', 'toxic_tone']
[routing] weight for dynahate_hate: 2.6341634835752483
[routing] weight for tweeteval_offense: 1.4864337734804054
[routing] weight for kaggle_bully: 2.5969105018028547
[routing] weight for jigsaw_threat: 2.6944990528904222
[routing] Selected 3 experts for val2_tweeteval_offensive_0145: [('jigsaw_threat', 2.6944990528904222), ('dynahate_hate', 2.6341634835752483), ('kaggle_bully', 2.5969105018028547)]
[routing] Sample val2_tweeteval_offensive_0146 raw_skills=['derogatory_framing', 'explicit_threat', 'personal_attack'] mapped=['derogatory_framing', 'explicit_threat', 'personal_attack']
[routing] weight for dynahate_hate: 2.535804658038469
[routing] weight for tweeteval_offense: 1.6278001185780941
[routing] weight for kaggle_bully: 2.7277999948216256
[routing] weight for jigsaw_threat: 2.724957505149011
[routing] Selected 3 experts for val2_tweeteval_offensive_0146: [('kaggle_bully', 2.7277999948216256), ('jigsaw_threat', 2.724957505149011), ('dynahate_hate', 2.535804658038469)]
[routing] Sample val2_tweeteval_offensive_0147 raw_skills=['toxic_tone', 'derogatory_framing', 'hostile_sentiment'] mapped=['toxic_tone', 'derogatory_framing', 'hostile_sentiment']
[routing] weight for dynahate_hate: 2.6341634835752483
[routing] weight for tweeteval_offense: 1.4864337734804056
[routing] weight for kaggle_bully: 2.5969105018028547
[routing] weight for jigsaw_threat: 2.694499052890422
[routing] Selected 3 experts for val2_tweeteval_offensive_0147: [('jigsaw_threat', 2.694499052890422), ('dynahate_hate', 2.6341634835752483), ('kaggle_bully', 2.5969105018028547)]
[routing] Sample val2_tweeteval_offensive_0148 raw_skills=['personal_attack', 'derogatory_framing', 'hostile_sentiment', 'toxic_tone'] mapped=['personal_attack', 'derogatory_framing', 'hostile_sentiment', 'toxic_tone']
[routing] weight for dynahate_hate: 3.4487330199990893
[routing] weight for tweeteval_offense: 2.0386725794505547
[routing] weight for kaggle_bully: 3.4805468654392184
[routing] weight for jigsaw_threat: 3.605390141999333
[routing] Selected 3 experts for val2_tweeteval_offensive_0148: [('jigsaw_threat', 3.605390141999333), ('kaggle_bully', 3.4805468654392184), ('dynahate_hate', 3.4487330199990893)]
[routing] Sample val2_tweeteval_offensive_0149 raw_skills=['toxic_tone', 'directed_insult'] mapped=['toxic_tone', 'directed_insult']
[routing] weight for dynahate_hate: 1.7881985499163413
[routing] weight for tweeteval_offense: 1.292237994563576
[routing] weight for kaggle_bully: 1.8011069189776414
[routing] weight for jigsaw_threat: 1.8243402482803979
[routing] Selected 4 experts for val2_tweeteval_offensive_0149: [('jigsaw_threat', 1.8243402482803979), ('kaggle_bully', 1.8011069189776414), ('dynahate_hate', 1.7881985499163413), ('tweeteval_offense', 1.292237994563576)]
[routing] Sample val2_tweeteval_offensive_0150 raw_skills=[] mapped=[]
[routing] weight for dynahate_hate: 1.0
[routing] weight for tweeteval_offense: 1.0
[routing] weight for kaggle_bully: 1.0
[routing] weight for jigsaw_threat: 1.0
[routing] Selected 4 experts for val2_tweeteval_offensive_0150: [('dynahate_hate', 1.0), ('tweeteval_offense', 1.0), ('kaggle_bully', 1.0), ('jigsaw_threat', 1.0)]
[routing] Sample val2_tweeteval_offensive_0151 raw_skills=[] mapped=[]
[routing] weight for dynahate_hate: 1.0
[routing] weight for tweeteval_offense: 1.0
[routing] weight for kaggle_bully: 1.0
[routing] weight for jigsaw_threat: 1.0
[routing] Selected 4 experts for val2_tweeteval_offensive_0151: [('dynahate_hate', 1.0), ('tweeteval_offense', 1.0), ('kaggle_bully', 1.0), ('jigsaw_threat', 1.0)]
[routing] Sample val2_tweeteval_offensive_0152 raw_skills=[] mapped=[]
[routing] weight for dynahate_hate: 1.0
[routing] weight for tweeteval_offense: 1.0
[routing] weight for kaggle_bully: 1.0
[routing] weight for jigsaw_threat: 1.0
[routing] Selected 4 experts for val2_tweeteval_offensive_0152: [('dynahate_hate', 1.0), ('tweeteval_offense', 1.0), ('kaggle_bully', 1.0), ('jigsaw_threat', 1.0)]
[routing] Sample val2_tweeteval_offensive_0153 raw_skills=[] mapped=[]
[routing] weight for dynahate_hate: 1.0
[routing] weight for tweeteval_offense: 1.0
[routing] weight for kaggle_bully: 1.0
[routing] weight for jigsaw_threat: 1.0
[routing] Selected 4 experts for val2_tweeteval_offensive_0153: [('dynahate_hate', 1.0), ('tweeteval_offense', 1.0), ('kaggle_bully', 1.0), ('jigsaw_threat', 1.0)]
[routing] Sample val2_tweeteval_offensive_0154 raw_skills=['personal_attack', 'hostile_sentiment'] mapped=['personal_attack', 'hostile_sentiment']
[routing] weight for dynahate_hate: 1.7366474585017633
[routing] weight for tweeteval_offense: 0.9983926521239954
[routing] weight for kaggle_bully: 1.722020202020202
[routing] weight for jigsaw_threat: 1.8133301134991548
[routing] Selected 3 experts for val2_tweeteval_offensive_0154: [('jigsaw_threat', 1.8133301134991548), ('dynahate_hate', 1.7366474585017633), ('kaggle_bully', 1.722020202020202)]
[routing] Sample val2_tweeteval_offensive_0155 raw_skills=[] mapped=[]
[routing] weight for dynahate_hate: 1.0
[routing] weight for tweeteval_offense: 1.0
[routing] weight for kaggle_bully: 1.0
[routing] weight for jigsaw_threat: 1.0
[routing] Selected 4 experts for val2_tweeteval_offensive_0155: [('dynahate_hate', 1.0), ('tweeteval_offense', 1.0), ('kaggle_bully', 1.0), ('jigsaw_threat', 1.0)]
[routing] Sample val2_tweeteval_offensive_0156 raw_skills=['power_imbalance_cue'] mapped=['power_imbalance_cue']
[routing] weight for dynahate_hate: 0.875
[routing] weight for tweeteval_offense: 0.08571428571428572
[routing] weight for kaggle_bully: 0.8666666666666667
[routing] weight for jigsaw_threat: 0.9
[routing] Selected 3 experts for val2_tweeteval_offensive_0156: [('jigsaw_threat', 0.9), ('dynahate_hate', 0.875), ('kaggle_bully', 0.8666666666666667)]
[routing] Sample val2_tweeteval_offensive_0157 raw_skills=['collective_blaming', 'derogatory_framing'] mapped=['collective_blaming', 'derogatory_framing']
[routing] weight for dynahate_hate: 1.4613784907902554
[routing] weight for tweeteval_offense: 1.1172279792746114
[routing] weight for kaggle_bully: 1.880199667221298
[routing] weight for jigsaw_threat: 1.7661924939467313
[routing] Selected 3 experts for val2_tweeteval_offensive_0157: [('kaggle_bully', 1.880199667221298), ('jigsaw_threat', 1.7661924939467313), ('dynahate_hate', 1.4613784907902554)]
[routing] Sample val2_tweeteval_offensive_0158 raw_skills=['derogatory_framing', 'personal_attack', 'toxic_tone'] mapped=['derogatory_framing', 'personal_attack', 'toxic_tone']
[routing] weight for dynahate_hate: 2.526655097921167
[routing] weight for tweeteval_offense: 1.5925187332967088
[routing] weight for kaggle_bully: 2.64216302705538
[routing] weight for jigsaw_threat: 2.7029511176090892
[routing] Selected 3 experts for val2_tweeteval_offensive_0158: [('jigsaw_threat', 2.7029511176090892), ('kaggle_bully', 2.64216302705538), ('dynahate_hate', 2.526655097921167)]
[routing] Sample val2_tweeteval_offensive_0159 raw_skills=['sarcastic_insult', 'derogatory_framing', 'hostile_sentiment'] mapped=['sarcastic_insult', 'derogatory_framing', 'hostile_sentiment']
[routing] weight for dynahate_hate: 2.6056786350904
[routing] weight for tweeteval_offense: 1.5905557384719358
[routing] weight for kaggle_bully: 2.607472394494025
[routing] weight for jigsaw_threat: 2.7225920856147336
[routing] Selected 3 experts for val2_tweeteval_offensive_0159: [('jigsaw_threat', 2.7225920856147336), ('kaggle_bully', 2.607472394494025), ('dynahate_hate', 2.6056786350904)]
[routing] Sample val2_tweeteval_offensive_0160 raw_skills=['derogatory_framing'] mapped=['derogatory_framing']
[routing] weight for dynahate_hate: 0.8502673796791443
[routing] weight for tweeteval_offense: 0.49222797927461137
[routing] weight for kaggle_bully: 0.8801996672212978
[routing] weight for jigsaw_threat: 0.9017857142857143
[routing] Selected 3 experts for val2_tweeteval_offensive_0160: [('jigsaw_threat', 0.9017857142857143), ('kaggle_bully', 0.8801996672212978), ('dynahate_hate', 0.8502673796791443)]
[routing] Sample val2_tweeteval_offensive_0161 raw_skills=['derogatory_framing', 'profanity_tone', 'toxic_tone'] mapped=['derogatory_framing', 'profanity_tone', 'toxic_tone']
[routing] weight for dynahate_hate: 2.6454188948306596
[routing] weight for tweeteval_offense: 1.838667024100753
[routing] weight for kaggle_bully: 2.648722741850389
[routing] weight for jigsaw_threat: 2.6015838380239877
[routing] Selected 4 experts for val2_tweeteval_offensive_0161: [('kaggle_bully', 2.648722741850389), ('dynahate_hate', 2.6454188948306596), ('jigsaw_threat', 2.6015838380239877), ('tweeteval_offense', 1.838667024100753)]
[routing] Sample val2_tweeteval_offensive_0162 raw_skills=['profanity_tone', 'sarcastic_insult', 'directed_insult'] mapped=['profanity_tone', 'sarcastic_insult', 'directed_insult']
[routing] weight for dynahate_hate: 2.693047034764826
[routing] weight for tweeteval_offense: 2.1947470563293
[routing] weight for kaggle_bully: 2.7018648901001843
[routing] weight for jigsaw_threat: 2.661957090528519
[routing] Selected 4 experts for val2_tweeteval_offensive_0162: [('kaggle_bully', 2.7018648901001843), ('dynahate_hate', 2.693047034764826), ('jigsaw_threat', 2.661957090528519), ('tweeteval_offense', 2.1947470563293)]
[routing] Sample val2_tweeteval_offensive_0163 raw_skills=['profanity_tone', 'derogatory_framing', 'hostile_sentiment'] mapped=['profanity_tone', 'derogatory_framing', 'hostile_sentiment']
[routing] weight for dynahate_hate: 2.7056786350903996
[routing] weight for tweeteval_offense: 1.736768922202651
[routing] weight for kaggle_bully: 2.6087795840365087
[routing] weight for jigsaw_threat: 2.6137485481997675
[routing] Selected 4 experts for val2_tweeteval_offensive_0163: [('dynahate_hate', 2.7056786350903996), ('jigsaw_threat', 2.6137485481997675), ('kaggle_bully', 2.6087795840365087), ('tweeteval_offense', 1.736768922202651)]
[routing] Sample val2_tweeteval_offensive_0164 raw_skills=[] mapped=[]
[routing] weight for dynahate_hate: 1.0
[routing] weight for tweeteval_offense: 1.0
[routing] weight for kaggle_bully: 1.0
[routing] weight for jigsaw_threat: 1.0
[routing] Selected 4 experts for val2_tweeteval_offensive_0164: [('dynahate_hate', 1.0), ('tweeteval_offense', 1.0), ('kaggle_bully', 1.0), ('jigsaw_threat', 1.0)]
[routing] Sample val2_tweeteval_offensive_0165 raw_skills=['profanity_tone'] mapped=['profanity_tone']
[routing] weight for dynahate_hate: 0.9333333333333333
[routing] weight for tweeteval_offense: 0.7983870967741935
[routing] weight for kaggle_bully: 0.8901960784313725
[routing] weight for jigsaw_threat: 0.8095238095238095
[routing] Selected 4 experts for val2_tweeteval_offensive_0165: [('dynahate_hate', 0.9333333333333333), ('kaggle_bully', 0.8901960784313725), ('jigsaw_threat', 0.8095238095238095), ('tweeteval_offense', 0.7983870967741935)]
[routing] Sample val2_tweeteval_offensive_0166 raw_skills=['derogatory_framing'] mapped=['derogatory_framing']
[routing] weight for dynahate_hate: 0.8502673796791443
[routing] weight for tweeteval_offense: 0.49222797927461137
[routing] weight for kaggle_bully: 0.8801996672212978
[routing] weight for jigsaw_threat: 0.9017857142857143
[routing] Selected 3 experts for val2_tweeteval_offensive_0166: [('jigsaw_threat', 0.9017857142857143), ('kaggle_bully', 0.8801996672212978), ('dynahate_hate', 0.8502673796791443)]
[routing] Sample val2_tweeteval_offensive_0167 raw_skills=[] mapped=[]
[routing] weight for dynahate_hate: 1.0
[routing] weight for tweeteval_offense: 1.0
[routing] weight for kaggle_bully: 1.0
[routing] weight for jigsaw_threat: 1.0
[routing] Selected 4 experts for val2_tweeteval_offensive_0167: [('dynahate_hate', 1.0), ('tweeteval_offense', 1.0), ('kaggle_bully', 1.0), ('jigsaw_threat', 1.0)]
[routing] Sample val2_tweeteval_offensive_0168 raw_skills=['profanity_tone'] mapped=['profanity_tone']
[routing] weight for dynahate_hate: 0.9333333333333333
[routing] weight for tweeteval_offense: 0.7983870967741935
[routing] weight for kaggle_bully: 0.8901960784313725
[routing] weight for jigsaw_threat: 0.8095238095238095
[routing] Selected 4 experts for val2_tweeteval_offensive_0168: [('dynahate_hate', 0.9333333333333333), ('kaggle_bully', 0.8901960784313725), ('jigsaw_threat', 0.8095238095238095), ('tweeteval_offense', 0.7983870967741935)]
[routing] Sample val2_tweeteval_offensive_0169 raw_skills=['derogatory_framing', 'hostile_sentiment', 'personal_attack', 'profanity_tone'] mapped=['derogatory_framing', 'hostile_sentiment', 'personal_attack', 'profanity_tone']
[routing] weight for dynahate_hate: 3.5202481715142406
[routing] weight for tweeteval_offense: 2.2890077281728
[routing] weight for kaggle_bully: 3.4924159476728724
[routing] weight for jigsaw_threat: 3.5246396373086784
[routing] Selected 4 experts for val2_tweeteval_offensive_0169: [('jigsaw_threat', 3.5246396373086784), ('dynahate_hate', 3.5202481715142406), ('kaggle_bully', 3.4924159476728724), ('tweeteval_offense', 2.2890077281728)]
[routing] Sample val2_tweeteval_offensive_0170 raw_skills=['profanity_tone'] mapped=['profanity_tone']
[routing] weight for dynahate_hate: 0.9333333333333333
[routing] weight for tweeteval_offense: 0.7983870967741935
[routing] weight for kaggle_bully: 0.8901960784313725
[routing] weight for jigsaw_threat: 0.8095238095238095
[routing] Selected 4 experts for val2_tweeteval_offensive_0170: [('dynahate_hate', 0.9333333333333333), ('kaggle_bully', 0.8901960784313725), ('jigsaw_threat', 0.8095238095238095), ('tweeteval_offense', 0.7983870967741935)]
[routing] Sample val2_tweeteval_offensive_0171 raw_skills=['profanity_tone'] mapped=['profanity_tone']
[routing] weight for dynahate_hate: 0.9333333333333333
[routing] weight for tweeteval_offense: 0.7983870967741935
[routing] weight for kaggle_bully: 0.8901960784313725
[routing] weight for jigsaw_threat: 0.8095238095238095
[routing] Selected 4 experts for val2_tweeteval_offensive_0171: [('dynahate_hate', 0.9333333333333333), ('kaggle_bully', 0.8901960784313725), ('jigsaw_threat', 0.8095238095238095), ('tweeteval_offense', 0.7983870967741935)]
[routing] Sample val2_tweeteval_offensive_0172 raw_skills=['derogatory_framing', 'collective_blaming', 'appearance_bullying'] mapped=['derogatory_framing', 'collective_blaming', 'appearance_bullying']
[routing] weight for dynahate_hate: 2.3401663695781343
[routing] weight for tweeteval_offense: 1.9881957212100954
[routing] weight for kaggle_bully: 2.7598989153415987
[routing] weight for jigsaw_threat: 2.670954398708636
[routing] Selected 4 experts for val2_tweeteval_offensive_0172: [('kaggle_bully', 2.7598989153415987), ('jigsaw_threat', 2.670954398708636), ('dynahate_hate', 2.3401663695781343), ('tweeteval_offense', 1.9881957212100954)]
[routing] Sample val2_tweeteval_offensive_0173 raw_skills=['profanity_tone'] mapped=['profanity_tone']
[routing] weight for dynahate_hate: 0.9333333333333333
[routing] weight for tweeteval_offense: 0.7983870967741935
[routing] weight for kaggle_bully: 0.8901960784313725
[routing] weight for jigsaw_threat: 0.8095238095238095
[routing] Selected 4 experts for val2_tweeteval_offensive_0173: [('dynahate_hate', 0.9333333333333333), ('kaggle_bully', 0.8901960784313725), ('jigsaw_threat', 0.8095238095238095), ('tweeteval_offense', 0.7983870967741935)]
[routing] Sample val2_tweeteval_offensive_0174 raw_skills=['stereotype_invocation', 'hostile_sentiment'] mapped=['stereotype_invocation', 'hostile_sentiment']
[routing] weight for dynahate_hate: 1.7839705051981265
[routing] weight for tweeteval_offense: 0.9250270855904659
[routing] weight for kaggle_bully: 1.7914354815763267
[routing] weight for jigsaw_threat: 1.6990491938817693
[routing] Selected 3 experts for val2_tweeteval_offensive_0174: [('kaggle_bully', 1.7914354815763267), ('dynahate_hate', 1.7839705051981265), ('jigsaw_threat', 1.6990491938817693)]
[routing] Sample val2_tweeteval_offensive_0175 raw_skills=['derogatory_framing', 'personal_attack', 'toxic_tone'] mapped=['derogatory_framing', 'personal_attack', 'toxic_tone']
[routing] weight for dynahate_hate: 2.526655097921167
[routing] weight for tweeteval_offense: 1.5925187332967088
[routing] weight for kaggle_bully: 2.64216302705538
[routing] weight for jigsaw_threat: 2.7029511176090892
[routing] Selected 3 experts for val2_tweeteval_offensive_0175: [('jigsaw_threat', 2.7029511176090892), ('kaggle_bully', 2.64216302705538), ('dynahate_hate', 2.526655097921167)]
[routing] Sample val2_tweeteval_offensive_0176 raw_skills=['derogatory_framing', 'toxic_tone', 'collective_blaming'] mapped=['derogatory_framing', 'toxic_tone', 'collective_blaming']
[routing] weight for dynahate_hate: 2.323196672608437
[routing] weight for tweeteval_offense: 1.6652799273265595
[routing] weight for kaggle_bully: 2.7585266634190164
[routing] weight for jigsaw_threat: 2.656466808161195
[routing] Selected 4 experts for val2_tweeteval_offensive_0176: [('kaggle_bully', 2.7585266634190164), ('jigsaw_threat', 2.656466808161195), ('dynahate_hate', 2.323196672608437), ('tweeteval_offense', 1.6652799273265595)]
[routing] Sample val2_tweeteval_offensive_0177 raw_skills=['hostile_sentiment', 'derogatory_framing'] mapped=['hostile_sentiment', 'derogatory_framing']
[routing] weight for dynahate_hate: 1.7723453017570665
[routing] weight for tweeteval_offense: 0.9383818254284575
[routing] weight for kaggle_bully: 1.7185835056051362
[routing] weight for jigsaw_threat: 1.8042247386759582
[routing] Selected 3 experts for val2_tweeteval_offensive_0177: [('jigsaw_threat', 1.8042247386759582), ('dynahate_hate', 1.7723453017570665), ('kaggle_bully', 1.7185835056051362)]
[routing] Sample val2_tweeteval_offensive_0178 raw_skills=[] mapped=[]
[routing] weight for dynahate_hate: 1.0
[routing] weight for tweeteval_offense: 1.0
[routing] weight for kaggle_bully: 1.0
[routing] weight for jigsaw_threat: 1.0
[routing] Selected 4 experts for val2_tweeteval_offensive_0178: [('dynahate_hate', 1.0), ('tweeteval_offense', 1.0), ('kaggle_bully', 1.0), ('jigsaw_threat', 1.0)]
[routing] Sample val2_tweeteval_offensive_0179 raw_skills=['derogatory_framing', 'personal_attack'] mapped=['derogatory_framing', 'personal_attack']
[routing] weight for dynahate_hate: 1.6648369161029855
[routing] weight for tweeteval_offense: 1.0444667852447607
[routing] weight for kaggle_bully: 1.7638360308576615
[routing] weight for jigsaw_threat: 1.8126768033946252
[routing] Selected 3 experts for val2_tweeteval_offensive_0179: [('jigsaw_threat', 1.8126768033946252), ('kaggle_bully', 1.7638360308576615), ('dynahate_hate', 1.6648369161029855)]
[routing] Sample val2_tweeteval_offensive_0180 raw_skills=['directed_insult', 'personal_attack', 'toxic_tone', 'derogatory_framing'] mapped=['directed_insult', 'personal_attack', 'toxic_tone', 'derogatory_framing']
[routing] weight for dynahate_hate: 3.4530354660193265
[routing] weight for tweeteval_offense: 2.3367047798083367
[routing] weight for kaggle_bully: 3.564942949835303
[routing] weight for jigsaw_threat: 3.6370170516750235
[routing] Selected 4 experts for val2_tweeteval_offensive_0180: [('jigsaw_threat', 3.6370170516750235), ('kaggle_bully', 3.564942949835303), ('dynahate_hate', 3.4530354660193265), ('tweeteval_offense', 2.3367047798083367)]
[routing] Sample val2_tweeteval_offensive_0181 raw_skills=['derogatory_framing'] mapped=['derogatory_framing']
[routing] weight for dynahate_hate: 0.8502673796791443
[routing] weight for tweeteval_offense: 0.49222797927461137
[routing] weight for kaggle_bully: 0.8801996672212978
[routing] weight for jigsaw_threat: 0.9017857142857143
[routing] Selected 3 experts for val2_tweeteval_offensive_0181: [('jigsaw_threat', 0.9017857142857143), ('kaggle_bully', 0.8801996672212978), ('dynahate_hate', 0.8502673796791443)]
[routing] Sample val2_tweeteval_offensive_0182 raw_skills=['explicit_threat', 'collective_blaming'] mapped=['explicit_threat', 'collective_blaming']
[routing] weight for dynahate_hate: 1.4820788530465951
[routing] weight for tweeteval_offense: 1.2083333333333335
[routing] weight for kaggle_bully: 1.9639639639639639
[routing] weight for jigsaw_threat: 1.776687481415403
[routing] Selected 4 experts for val2_tweeteval_offensive_0182: [('kaggle_bully', 1.9639639639639639), ('jigsaw_threat', 1.776687481415403), ('dynahate_hate', 1.4820788530465951), ('tweeteval_offense', 1.2083333333333335)]
[routing] Sample val2_tweeteval_offensive_0183 raw_skills=['stereotype_invocation', 'hostile_sentiment'] mapped=['stereotype_invocation', 'hostile_sentiment']
[routing] weight for dynahate_hate: 1.7839705051981265
[routing] weight for tweeteval_offense: 0.9250270855904659
[routing] weight for kaggle_bully: 1.7914354815763267
[routing] weight for jigsaw_threat: 1.6990491938817693
[routing] Selected 3 experts for val2_tweeteval_offensive_0183: [('kaggle_bully', 1.7914354815763267), ('dynahate_hate', 1.7839705051981265), ('jigsaw_threat', 1.6990491938817693)]
[routing] Sample val2_tweeteval_offensive_0184 raw_skills=[] mapped=[]
[routing] weight for dynahate_hate: 1.0
[routing] weight for tweeteval_offense: 1.0
[routing] weight for kaggle_bully: 1.0
[routing] weight for jigsaw_threat: 1.0
[routing] Selected 4 experts for val2_tweeteval_offensive_0184: [('dynahate_hate', 1.0), ('tweeteval_offense', 1.0), ('kaggle_bully', 1.0), ('jigsaw_threat', 1.0)]
[routing] Sample val2_tweeteval_offensive_0185 raw_skills=['directed_insult', 'mockery', 'personal_attack', 'sexual_bullying', 'derogatory_framing'] mapped=['directed_insult', 'mockery', 'personal_attack', 'sexual_bullying', 'derogatory_framing']
[routing] weight for dynahate_hate: 3.5912172842011447
[routing] weight for tweeteval_offense: 2.7886528317563886
[routing] weight for kaggle_bully: 4.686615953637585
[routing] weight for jigsaw_threat: 3.7467427374605595
[routing] Selected 3 experts for val2_tweeteval_offensive_0185: [('kaggle_bully', 4.686615953637585), ('jigsaw_threat', 3.7467427374605595), ('dynahate_hate', 3.5912172842011447)]
[routing] Sample val2_tweeteval_offensive_0186 raw_skills=['toxic_tone'] mapped=['toxic_tone']
[routing] weight for dynahate_hate: 0.8618181818181818
[routing] weight for tweeteval_offense: 0.548051948051948
[routing] weight for kaggle_bully: 0.8783269961977186
[routing] weight for jigsaw_threat: 0.8902743142144638
[routing] Selected 4 experts for val2_tweeteval_offensive_0186: [('jigsaw_threat', 0.8902743142144638), ('kaggle_bully', 0.8783269961977186), ('dynahate_hate', 0.8618181818181818), ('tweeteval_offense', 0.548051948051948)]
[routing] Sample val2_tweeteval_offensive_0187 raw_skills=[] mapped=[]
[routing] weight for dynahate_hate: 1.0
[routing] weight for tweeteval_offense: 1.0
[routing] weight for kaggle_bully: 1.0
[routing] weight for jigsaw_threat: 1.0
[routing] Selected 4 experts for val2_tweeteval_offensive_0187: [('dynahate_hate', 1.0), ('tweeteval_offense', 1.0), ('kaggle_bully', 1.0), ('jigsaw_threat', 1.0)]
[routing] Sample val2_tweeteval_offensive_0188 raw_skills=['derogatory_framing'] mapped=['derogatory_framing']
[routing] weight for dynahate_hate: 0.8502673796791443
[routing] weight for tweeteval_offense: 0.49222797927461137
[routing] weight for kaggle_bully: 0.8801996672212978
[routing] weight for jigsaw_threat: 0.9017857142857143
[routing] Selected 3 experts for val2_tweeteval_offensive_0188: [('jigsaw_threat', 0.9017857142857143), ('kaggle_bully', 0.8801996672212978), ('dynahate_hate', 0.8502673796791443)]
[routing] Sample val2_tweeteval_offensive_0189 raw_skills=['profanity_tone'] mapped=['profanity_tone']
[routing] weight for dynahate_hate: 0.9333333333333333
[routing] weight for tweeteval_offense: 0.7983870967741935
[routing] weight for kaggle_bully: 0.8901960784313725
[routing] weight for jigsaw_threat: 0.8095238095238095
[routing] Selected 4 experts for val2_tweeteval_offensive_0189: [('dynahate_hate', 0.9333333333333333), ('kaggle_bully', 0.8901960784313725), ('jigsaw_threat', 0.8095238095238095), ('tweeteval_offense', 0.7983870967741935)]
[routing] Sample val2_tweeteval_offensive_0190 raw_skills=['profanity_tone', 'directed_insult', 'implicit_hate'] mapped=['profanity_tone', 'directed_insult', 'implicit_hate']
[routing] weight for dynahate_hate: 2.707429437472102
[routing] weight for tweeteval_offense: 1.9663019568451434
[routing] weight for kaggle_bully: 2.7097501947596827
[routing] weight for jigsaw_threat: 2.6553544494720964
[routing] Selected 4 experts for val2_tweeteval_offensive_0190: [('kaggle_bully', 2.7097501947596827), ('dynahate_hate', 2.707429437472102), ('jigsaw_threat', 2.6553544494720964), ('tweeteval_offense', 1.9663019568451434)]
[routing] Sample val2_tweeteval_offensive_0191 raw_skills=['personal_attack', 'derogatory_framing', 'toxic_tone'] mapped=['personal_attack', 'derogatory_framing', 'toxic_tone']
[routing] weight for dynahate_hate: 2.526655097921167
[routing] weight for tweeteval_offense: 1.5925187332967088
[routing] weight for kaggle_bully: 2.64216302705538
[routing] weight for jigsaw_threat: 2.7029511176090892
[routing] Selected 3 experts for val2_tweeteval_offensive_0191: [('jigsaw_threat', 2.7029511176090892), ('kaggle_bully', 2.64216302705538), ('dynahate_hate', 2.526655097921167)]
[routing] Sample val2_tweeteval_offensive_0192 raw_skills=[] mapped=[]
[routing] weight for dynahate_hate: 1.0
[routing] weight for tweeteval_offense: 1.0
[routing] weight for kaggle_bully: 1.0
[routing] weight for jigsaw_threat: 1.0
[routing] Selected 4 experts for val2_tweeteval_offensive_0192: [('dynahate_hate', 1.0), ('tweeteval_offense', 1.0), ('kaggle_bully', 1.0), ('jigsaw_threat', 1.0)]
[routing] Sample val2_tweeteval_offensive_0193 raw_skills=['derogatory_framing', 'personal_attack', 'toxic_tone'] mapped=['derogatory_framing', 'personal_attack', 'toxic_tone']
[routing] weight for dynahate_hate: 2.526655097921167
[routing] weight for tweeteval_offense: 1.5925187332967088
[routing] weight for kaggle_bully: 2.64216302705538
[routing] weight for jigsaw_threat: 2.7029511176090892
[routing] Selected 3 experts for val2_tweeteval_offensive_0193: [('jigsaw_threat', 2.7029511176090892), ('kaggle_bully', 2.64216302705538), ('dynahate_hate', 2.526655097921167)]
[routing] Sample val2_tweeteval_offensive_0194 raw_skills=['toxic_tone'] mapped=['toxic_tone']
[routing] weight for dynahate_hate: 0.8618181818181818
[routing] weight for tweeteval_offense: 0.548051948051948
[routing] weight for kaggle_bully: 0.8783269961977186
[routing] weight for jigsaw_threat: 0.8902743142144638
[routing] Selected 4 experts for val2_tweeteval_offensive_0194: [('jigsaw_threat', 0.8902743142144638), ('kaggle_bully', 0.8783269961977186), ('dynahate_hate', 0.8618181818181818), ('tweeteval_offense', 0.548051948051948)]
[routing] Sample val2_tweeteval_offensive_0195 raw_skills=['personal_attack', 'sarcastic_insult', 'toxic_tone'] mapped=['personal_attack', 'sarcastic_insult', 'toxic_tone']
[routing] weight for dynahate_hate: 2.5097210515753563
[routing] weight for tweeteval_offense: 1.7524646670655755
[routing] weight for kaggle_bully: 2.650852248722971
[routing] weight for jigsaw_threat: 2.7195327502621502
[routing] Selected 4 experts for val2_tweeteval_offensive_0195: [('jigsaw_threat', 2.7195327502621502), ('kaggle_bully', 2.650852248722971), ('dynahate_hate', 2.5097210515753563), ('tweeteval_offense', 1.7524646670655755)]
[routing] Sample val2_tweeteval_offensive_0196 raw_skills=['collective_blaming', 'derogatory_framing', 'toxic_tone'] mapped=['collective_blaming', 'derogatory_framing', 'toxic_tone']
[routing] weight for dynahate_hate: 2.323196672608437
[routing] weight for tweeteval_offense: 1.6652799273265595
[routing] weight for kaggle_bully: 2.7585266634190164
[routing] weight for jigsaw_threat: 2.656466808161195
[routing] Selected 4 experts for val2_tweeteval_offensive_0196: [('kaggle_bully', 2.7585266634190164), ('jigsaw_threat', 2.656466808161195), ('dynahate_hate', 2.323196672608437), ('tweeteval_offense', 1.6652799273265595)]
[routing] Sample val2_tweeteval_offensive_0197 raw_skills=['profanity_tone', 'hostile_sentiment'] mapped=['profanity_tone', 'hostile_sentiment']
[routing] weight for dynahate_hate: 1.8554112554112554
[routing] weight for tweeteval_offense: 1.2445409429280396
[routing] weight for kaggle_bully: 1.7285799168152107
[routing] weight for jigsaw_threat: 1.7119628339140536
[routing] Selected 4 experts for val2_tweeteval_offensive_0197: [('dynahate_hate', 1.8554112554112554), ('kaggle_bully', 1.7285799168152107), ('jigsaw_threat', 1.7119628339140536), ('tweeteval_offense', 1.2445409429280396)]
[routing] Sample val2_tweeteval_offensive_0198 raw_skills=['hostile_sentiment', 'toxic_tone', 'power_imbalance_cue'] mapped=['hostile_sentiment', 'toxic_tone', 'power_imbalance_cue']
[routing] weight for dynahate_hate: 2.6588961038961036
[routing] weight for tweeteval_offense: 1.0799200799200799
[routing] weight for kaggle_bully: 2.583377501248224
[routing] weight for jigsaw_threat: 2.6927133386047077
[routing] Selected 3 experts for val2_tweeteval_offensive_0198: [('jigsaw_threat', 2.6927133386047077), ('dynahate_hate', 2.6588961038961036), ('kaggle_bully', 2.583377501248224)]
[routing] Sample val2_tweeteval_offensive_0199 raw_skills=['derogatory_framing', 'appearance_bullying', 'explicit_threat'] mapped=['derogatory_framing', 'appearance_bullying', 'explicit_threat']
[routing] weight for dynahate_hate: 2.600023000402507
[routing] weight for tweeteval_offense: 1.9465290545434288
[routing] weight for kaggle_bully: 2.7238628793055626
[routing] weight for jigsaw_threat: 2.7188283208020048
[routing] Selected 4 experts for val2_tweeteval_offensive_0199: [('kaggle_bully', 2.7238628793055626), ('jigsaw_threat', 2.7188283208020048), ('dynahate_hate', 2.600023000402507), ('tweeteval_offense', 1.9465290545434288)]
[routing] Sample val2_tweeteval_offensive_0200 raw_skills=['explicit_threat', 'implicit_hate'] mapped=['explicit_threat', 'implicit_hate']
[routing] weight for dynahate_hate: 1.7186834779760929
[routing] weight for tweeteval_offense: 1.0070621468926553
[routing] weight for kaggle_bully: 1.8607381575123512
[routing] weight for jigsaw_threat: 1.824045407636739
[routing] Selected 3 experts for val2_tweeteval_offensive_0200: [('kaggle_bully', 1.8607381575123512), ('jigsaw_threat', 1.824045407636739), ('dynahate_hate', 1.7186834779760929)]
[routing] Sample val2_tweeteval_offensive_0201 raw_skills=['derogatory_framing'] mapped=['derogatory_framing']
[routing] weight for dynahate_hate: 0.8502673796791443
[routing] weight for tweeteval_offense: 0.49222797927461137
[routing] weight for kaggle_bully: 0.8801996672212978
[routing] weight for jigsaw_threat: 0.9017857142857143
[routing] Selected 3 experts for val2_tweeteval_offensive_0201: [('jigsaw_threat', 0.9017857142857143), ('kaggle_bully', 0.8801996672212978), ('dynahate_hate', 0.8502673796791443)]
[routing] Sample val2_tweeteval_offensive_0202 raw_skills=['stereotype_invocation', 'hostile_sentiment', 'toxic_tone', 'derogatory_framing'] mapped=['stereotype_invocation', 'hostile_sentiment', 'toxic_tone', 'derogatory_framing']
[routing] weight for dynahate_hate: 3.4960560666954525
[routing] weight for tweeteval_offense: 1.9653070129170254
[routing] weight for kaggle_bully: 3.549962144995343
[routing] weight for jigsaw_threat: 3.4911092223819473
[routing] Selected 3 experts for val2_tweeteval_offensive_0202: [('kaggle_bully', 3.549962144995343), ('dynahate_hate', 3.4960560666954525), ('jigsaw_threat', 3.4911092223819473)]
[routing] Sample val_bal_tweeteval_offensive_0000 raw_skills=['derogatory_framing'] mapped=['derogatory_framing']
[routing] weight for dynahate_hate: 0.8502673796791443
[routing] weight for tweeteval_offense: 0.49222797927461137
[routing] weight for kaggle_bully: 0.8801996672212978
[routing] weight for jigsaw_threat: 0.9017857142857143
[routing] Selected 3 experts for val_bal_tweeteval_offensive_0000: [('jigsaw_threat', 0.9017857142857143), ('kaggle_bully', 0.8801996672212978), ('dynahate_hate', 0.8502673796791443)]
[routing] Sample val_bal_tweeteval_offensive_0001 raw_skills=['directed_insult'] mapped=['directed_insult']
[routing] weight for dynahate_hate: 0.9263803680981595
[routing] weight for tweeteval_offense: 0.7441860465116279
[routing] weight for kaggle_bully: 0.9227799227799228
[routing] weight for jigsaw_threat: 0.9340659340659341
[routing] Selected 4 experts for val_bal_tweeteval_offensive_0001: [('jigsaw_threat', 0.9340659340659341), ('dynahate_hate', 0.9263803680981595), ('kaggle_bully', 0.9227799227799228), ('tweeteval_offense', 0.7441860465116279)]
[routing] Sample val_bal_tweeteval_offensive_0002 raw_skills=['toxic_tone', 'explicit_threat', 'hostile_sentiment'] mapped=['toxic_tone', 'explicit_threat', 'hostile_sentiment']
[routing] weight for dynahate_hate: 2.6548638458315876
[routing] weight for tweeteval_offense: 1.5775391275391275
[routing] weight for kaggle_bully: 2.680674798545521
[routing] weight for jigsaw_threat: 2.7049940403590935
[routing] Selected 3 experts for val_bal_tweeteval_offensive_0002: [('jigsaw_threat', 2.7049940403590935), ('kaggle_bully', 2.680674798545521), ('dynahate_hate', 2.6548638458315876)]
[routing] Sample val_bal_tweeteval_offensive_0003 raw_skills=['toxic_tone'] mapped=['toxic_tone']
[routing] weight for dynahate_hate: 0.8618181818181818
[routing] weight for tweeteval_offense: 0.548051948051948
[routing] weight for kaggle_bully: 0.8783269961977186
[routing] weight for jigsaw_threat: 0.8902743142144638
[routing] Selected 4 experts for val_bal_tweeteval_offensive_0003: [('jigsaw_threat', 0.8902743142144638), ('kaggle_bully', 0.8783269961977186), ('dynahate_hate', 0.8618181818181818), ('tweeteval_offense', 0.548051948051948)]
[routing] Sample val_bal_tweeteval_offensive_0004 raw_skills=['profanity_tone', 'ethnicity_bullying', 'implicit_hate'] mapped=['profanity_tone', 'ethnicity_bullying', 'implicit_hate']
[routing] weight for dynahate_hate: 2.668689518812145
[routing] weight for tweeteval_offense: 1.7221159103335155
[routing] weight for kaggle_bully: 2.7869702719797598
[routing] weight for jigsaw_threat: 2.4712885154061626
[routing] Selected 4 experts for val_bal_tweeteval_offensive_0004: [('kaggle_bully', 2.7869702719797598), ('dynahate_hate', 2.668689518812145), ('jigsaw_threat', 2.4712885154061626), ('tweeteval_offense', 1.7221159103335155)]
[routing] Sample val_bal_tweeteval_offensive_0005 raw_skills=['explicit_threat', 'hostile_sentiment'] mapped=['explicit_threat', 'hostile_sentiment']
[routing] weight for dynahate_hate: 1.7930456640134058
[routing] weight for tweeteval_offense: 1.0294871794871796
[routing] weight for kaggle_bully: 1.8023478023478023
[routing] weight for jigsaw_threat: 1.81471972614463
[routing] Selected 3 experts for val_bal_tweeteval_offensive_0005: [('jigsaw_threat', 1.81471972614463), ('kaggle_bully', 1.8023478023478023), ('dynahate_hate', 1.7930456640134058)]
[routing] Sample val_bal_tweeteval_offensive_0006 raw_skills=['directed_insult', 'personal_attack', 'explicit_threat'] mapped=['directed_insult', 'personal_attack', 'explicit_threat']
[routing] weight for dynahate_hate: 2.6119176464574845
[routing] weight for tweeteval_offense: 1.8797581858151107
[routing] weight for kaggle_bully: 2.7703802503802506
[routing] weight for jigsaw_threat: 2.7572377249292312
[routing] Selected 4 experts for val_bal_tweeteval_offensive_0006: [('kaggle_bully', 2.7703802503802506), ('jigsaw_threat', 2.7572377249292312), ('dynahate_hate', 2.6119176464574845), ('tweeteval_offense', 1.8797581858151107)]
[routing] Sample val_bal_tweeteval_offensive_0007 raw_skills=[] mapped=[]
[routing] weight for dynahate_hate: 1.0
[routing] weight for tweeteval_offense: 1.0
[routing] weight for kaggle_bully: 1.0
[routing] weight for jigsaw_threat: 1.0
[routing] Selected 4 experts for val_bal_tweeteval_offensive_0007: [('dynahate_hate', 1.0), ('tweeteval_offense', 1.0), ('kaggle_bully', 1.0), ('jigsaw_threat', 1.0)]
[routing] Sample val_bal_tweeteval_offensive_0008 raw_skills=['toxic_tone', 'implicit_hate', 'derogatory_framing'] mapped=['toxic_tone', 'implicit_hate', 'derogatory_framing']
[routing] weight for dynahate_hate: 2.5598012975379354
[routing] weight for tweeteval_offense: 1.4640087408858813
[routing] weight for kaggle_bully: 2.6553008569674037
[routing] weight for jigsaw_threat: 2.7038247343825312
[routing] Selected 3 experts for val_bal_tweeteval_offensive_0008: [('jigsaw_threat', 2.7038247343825312), ('kaggle_bully', 2.6553008569674037), ('dynahate_hate', 2.5598012975379354)]
[routing] Sample val_bal_tweeteval_offensive_0009 raw_skills=['collective_blaming', 'derogatory_framing'] mapped=['collective_blaming', 'derogatory_framing']
[routing] weight for dynahate_hate: 1.4613784907902554
[routing] weight for tweeteval_offense: 1.1172279792746114
[routing] weight for kaggle_bully: 1.880199667221298
[routing] weight for jigsaw_threat: 1.7661924939467313
[routing] Selected 3 experts for val_bal_tweeteval_offensive_0009: [('kaggle_bully', 1.880199667221298), ('jigsaw_threat', 1.7661924939467313), ('dynahate_hate', 1.4613784907902554)]
[routing] Sample val_bal_tweeteval_offensive_0010 raw_skills=['toxic_tone'] mapped=['toxic_tone']
[routing] weight for dynahate_hate: 0.8618181818181818
[routing] weight for tweeteval_offense: 0.548051948051948
[routing] weight for kaggle_bully: 0.8783269961977186
[routing] weight for jigsaw_threat: 0.8902743142144638
[routing] Selected 4 experts for val_bal_tweeteval_offensive_0010: [('jigsaw_threat', 0.8902743142144638), ('kaggle_bully', 0.8783269961977186), ('dynahate_hate', 0.8618181818181818), ('tweeteval_offense', 0.548051948051948)]
[routing] Sample val_bal_tweeteval_offensive_0011 raw_skills=['derogatory_framing', 'personal_attack'] mapped=['derogatory_framing', 'personal_attack']
[routing] weight for dynahate_hate: 1.6648369161029855
[routing] weight for tweeteval_offense: 1.0444667852447607
[routing] weight for kaggle_bully: 1.7638360308576615
[routing] weight for jigsaw_threat: 1.8126768033946252
[routing] Selected 3 experts for val_bal_tweeteval_offensive_0011: [('jigsaw_threat', 1.8126768033946252), ('kaggle_bully', 1.7638360308576615), ('dynahate_hate', 1.6648369161029855)]
[routing] Sample val_bal_tweeteval_offensive_0012 raw_skills=['stereotype_invocation', 'derogatory_framing', 'implicit_hate', 'collective_blaming'] mapped=['stereotype_invocation', 'derogatory_framing', 'implicit_hate', 'collective_blaming']
[routing] weight for dynahate_hate: 3.1709868099510694
[routing] weight for tweeteval_offense: 2.019830032270553
[routing] weight for kaggle_bully: 3.730025503962173
[routing] weight for jigsaw_threat: 3.4745673693206096
[routing] Selected 3 experts for val_bal_tweeteval_offensive_0012: [('kaggle_bully', 3.730025503962173), ('jigsaw_threat', 3.4745673693206096), ('dynahate_hate', 3.1709868099510694)]
[routing] Sample val_bal_tweeteval_offensive_0013 raw_skills=[] mapped=[]
[routing] weight for dynahate_hate: 1.0
[routing] weight for tweeteval_offense: 1.0
[routing] weight for kaggle_bully: 1.0
[routing] weight for jigsaw_threat: 1.0
[routing] Selected 4 experts for val_bal_tweeteval_offensive_0013: [('dynahate_hate', 1.0), ('tweeteval_offense', 1.0), ('kaggle_bully', 1.0), ('jigsaw_threat', 1.0)]
[routing] Sample val_bal_tweeteval_offensive_0014 raw_skills=['stereotype_invocation', 'explicit_threat', 'toxic_tone'] mapped=['stereotype_invocation', 'explicit_threat', 'toxic_tone']
[routing] weight for dynahate_hate: 2.59467850687387
[routing] weight for tweeteval_offense: 1.6102585208219011
[routing] weight for kaggle_bully: 2.795342603354171
[routing] weight for jigsaw_threat: 2.5991651854603752
[routing] Selected 3 experts for val_bal_tweeteval_offensive_0014: [('kaggle_bully', 2.795342603354171), ('jigsaw_threat', 2.5991651854603752), ('dynahate_hate', 2.59467850687387)]
[routing] Sample val_bal_tweeteval_offensive_0015 raw_skills=['directed_insult'] mapped=['directed_insult']
[routing] weight for dynahate_hate: 0.9263803680981595
[routing] weight for tweeteval_offense: 0.7441860465116279
[routing] weight for kaggle_bully: 0.9227799227799228
[routing] weight for jigsaw_threat: 0.9340659340659341
[routing] Selected 4 experts for val_bal_tweeteval_offensive_0015: [('jigsaw_threat', 0.9340659340659341), ('dynahate_hate', 0.9263803680981595), ('kaggle_bully', 0.9227799227799228), ('tweeteval_offense', 0.7441860465116279)]
[routing] Sample val_bal_tweeteval_offensive_0016 raw_skills=['derogatory_framing', 'collective_blaming'] mapped=['derogatory_framing', 'collective_blaming']
[routing] weight for dynahate_hate: 1.4613784907902554
[routing] weight for tweeteval_offense: 1.1172279792746114
[routing] weight for kaggle_bully: 1.880199667221298
[routing] weight for jigsaw_threat: 1.7661924939467313
[routing] Selected 3 experts for val_bal_tweeteval_offensive_0016: [('kaggle_bully', 1.880199667221298), ('jigsaw_threat', 1.7661924939467313), ('dynahate_hate', 1.4613784907902554)]
[routing] Sample val_bal_tweeteval_offensive_0017 raw_skills=['power_imbalance_cue', 'derogatory_framing', 'hostile_sentiment', 'personal_attack'] mapped=['power_imbalance_cue', 'derogatory_framing', 'hostile_sentiment', 'personal_attack']
[routing] weight for dynahate_hate: 3.461914838180907
[routing] weight for tweeteval_offense: 1.5763349171128926
[routing] weight for kaggle_bully: 3.4688865359081666
[routing] weight for jigsaw_threat: 3.615115827784869
[routing] Selected 3 experts for val_bal_tweeteval_offensive_0017: [('jigsaw_threat', 3.615115827784869), ('kaggle_bully', 3.4688865359081666), ('dynahate_hate', 3.461914838180907)]
[routing] Sample val_bal_tweeteval_offensive_0018 raw_skills=['sarcastic_insult'] mapped=['sarcastic_insult']
[routing] weight for dynahate_hate: 0.8333333333333334
[routing] weight for tweeteval_offense: 0.6521739130434783
[routing] weight for kaggle_bully: 0.8888888888888888
[routing] weight for jigsaw_threat: 0.9183673469387755
[routing] Selected 4 experts for val_bal_tweeteval_offensive_0018: [('jigsaw_threat', 0.9183673469387755), ('kaggle_bully', 0.8888888888888888), ('dynahate_hate', 0.8333333333333334), ('tweeteval_offense', 0.6521739130434783)]
[routing] Sample val_bal_tweeteval_offensive_0019 raw_skills=['stereotype_invocation', 'sarcastic_insult'] mapped=['stereotype_invocation', 'sarcastic_insult']
[routing] weight for dynahate_hate: 1.695225916453538
[routing] weight for tweeteval_offense: 1.131047152480098
[routing] weight for kaggle_bully: 1.841940532081377
[routing] weight for jigsaw_threat: 1.714977516430301
[routing] Selected 4 experts for val_bal_tweeteval_offensive_0019: [('kaggle_bully', 1.841940532081377), ('jigsaw_threat', 1.714977516430301), ('dynahate_hate', 1.695225916453538), ('tweeteval_offense', 1.131047152480098)]
[routing] Sample val_bal_tweeteval_offensive_0020 raw_skills=['explicit_threat', 'collective_blaming', 'derogatory_framing', 'hostile_sentiment', 'toxic_tone'] mapped=['explicit_threat', 'collective_blaming', 'derogatory_framing', 'hostile_sentiment', 'toxic_tone']
[routing] weight for dynahate_hate: 4.116242336621843
[routing] weight for tweeteval_offense: 2.6947671068137393
[routing] weight for kaggle_bully: 4.560874465766819
[routing] weight for jigsaw_threat: 4.471186534305825
[routing] Selected 3 experts for val_bal_tweeteval_offensive_0020: [('kaggle_bully', 4.560874465766819), ('jigsaw_threat', 4.471186534305825), ('dynahate_hate', 4.116242336621843)]
[routing] Sample val_bal_tweeteval_offensive_0021 raw_skills=[] mapped=[]
[routing] weight for dynahate_hate: 1.0
[routing] weight for tweeteval_offense: 1.0
[routing] weight for kaggle_bully: 1.0
[routing] weight for jigsaw_threat: 1.0
[routing] Selected 4 experts for val_bal_tweeteval_offensive_0021: [('dynahate_hate', 1.0), ('tweeteval_offense', 1.0), ('kaggle_bully', 1.0), ('jigsaw_threat', 1.0)]
[routing] Sample val_bal_tweeteval_offensive_0022 raw_skills=['explicit_threat', 'profanity_tone', 'derogatory_framing'] mapped=['explicit_threat', 'profanity_tone', 'derogatory_framing']
[routing] weight for dynahate_hate: 2.6545684549479613
[routing] weight for tweeteval_offense: 1.8739484093821384
[routing] weight for kaggle_bully: 2.7343597096166343
[routing] weight for jigsaw_threat: 2.62359022556391
[routing] Selected 4 experts for val_bal_tweeteval_offensive_0022: [('kaggle_bully', 2.7343597096166343), ('dynahate_hate', 2.6545684549479613), ('jigsaw_threat', 2.62359022556391), ('tweeteval_offense', 1.8739484093821384)]
[routing] Sample val_bal_tweeteval_offensive_0023 raw_skills=['personal_attack', 'hostile_sentiment'] mapped=['personal_attack', 'hostile_sentiment']
[routing] weight for dynahate_hate: 1.7366474585017633
[routing] weight for tweeteval_offense: 0.9983926521239954
[routing] weight for kaggle_bully: 1.722020202020202
[routing] weight for jigsaw_threat: 1.8133301134991548
[routing] Selected 3 experts for val_bal_tweeteval_offensive_0023: [('jigsaw_threat', 1.8133301134991548), ('dynahate_hate', 1.7366474585017633), ('kaggle_bully', 1.722020202020202)]
[routing] Sample val_bal_tweeteval_offensive_0024 raw_skills=['toxic_tone'] mapped=['toxic_tone']
[routing] weight for dynahate_hate: 0.8618181818181818
[routing] weight for tweeteval_offense: 0.548051948051948
[routing] weight for kaggle_bully: 0.8783269961977186
[routing] weight for jigsaw_threat: 0.8902743142144638
[routing] Selected 4 experts for val_bal_tweeteval_offensive_0024: [('jigsaw_threat', 0.8902743142144638), ('kaggle_bully', 0.8783269961977186), ('dynahate_hate', 0.8618181818181818), ('tweeteval_offense', 0.548051948051948)]
[routing] Sample val_bal_tweeteval_offensive_0025 raw_skills=['collective_blaming', 'hostile_sentiment'] mapped=['collective_blaming', 'hostile_sentiment']
[routing] weight for dynahate_hate: 1.5331890331890332
[routing] weight for tweeteval_offense: 1.0711538461538461
[routing] weight for kaggle_bully: 1.8383838383838382
[routing] weight for jigsaw_threat: 1.766845804051261
[routing] Selected 3 experts for val_bal_tweeteval_offensive_0025: [('kaggle_bully', 1.8383838383838382), ('jigsaw_threat', 1.766845804051261), ('dynahate_hate', 1.5331890331890332)]
[routing] Sample val_bal_tweeteval_offensive_0026 raw_skills=['personal_attack', 'toxic_tone', 'directed_insult'] mapped=['personal_attack', 'toxic_tone', 'directed_insult']
[routing] weight for dynahate_hate: 2.6027680863401823
[routing] weight for tweeteval_offense: 1.8444768005337253
[routing] weight for kaggle_bully: 2.684743282614005
[routing] weight for jigsaw_threat: 2.735231337389309
[routing] Selected 4 experts for val_bal_tweeteval_offensive_0026: [('jigsaw_threat', 2.735231337389309), ('kaggle_bully', 2.684743282614005), ('dynahate_hate', 2.6027680863401823), ('tweeteval_offense', 1.8444768005337253)]
[routing] Sample val_bal_tweeteval_offensive_0027 raw_skills=['derogatory_framing', 'personal_attack', 'toxic_tone'] mapped=['derogatory_framing', 'personal_attack', 'toxic_tone']
[routing] weight for dynahate_hate: 2.526655097921167
[routing] weight for tweeteval_offense: 1.5925187332967088
[routing] weight for kaggle_bully: 2.64216302705538
[routing] weight for jigsaw_threat: 2.7029511176090892
[routing] Selected 3 experts for val_bal_tweeteval_offensive_0027: [('jigsaw_threat', 2.7029511176090892), ('kaggle_bully', 2.64216302705538), ('dynahate_hate', 2.526655097921167)]
[routing] Sample val_bal_tweeteval_offensive_0028 raw_skills=['toxic_tone', 'implicit_hate', 'hostile_sentiment'] mapped=['toxic_tone', 'implicit_hate', 'hostile_sentiment']
[routing] weight for dynahate_hate: 2.631611839936713
[routing] weight for tweeteval_offense: 1.4179346077651163
[routing] weight for kaggle_bully: 2.613485028129944
[routing] weight for jigsaw_threat: 2.7044780444870606
[routing] Selected 3 experts for val_bal_tweeteval_offensive_0028: [('jigsaw_threat', 2.7044780444870606), ('dynahate_hate', 2.631611839936713), ('kaggle_bully', 2.613485028129944)]
[routing] Sample val_bal_tweeteval_offensive_0029 raw_skills=['directed_insult', 'profanity_tone'] mapped=['directed_insult', 'profanity_tone']
[routing] weight for dynahate_hate: 1.8597137014314928
[routing] weight for tweeteval_offense: 1.5425731432858214
[routing] weight for kaggle_bully: 1.8129760012112954
[routing] weight for jigsaw_threat: 1.7435897435897436
[routing] Selected 4 experts for val_bal_tweeteval_offensive_0029: [('dynahate_hate', 1.8597137014314928), ('kaggle_bully', 1.8129760012112954), ('jigsaw_threat', 1.7435897435897436), ('tweeteval_offense', 1.5425731432858214)]
[routing] Sample val_bal_tweeteval_offensive_0030 raw_skills=[] mapped=[]
[routing] weight for dynahate_hate: 1.0
[routing] weight for tweeteval_offense: 1.0
[routing] weight for kaggle_bully: 1.0
[routing] weight for jigsaw_threat: 1.0
[routing] Selected 4 experts for val_bal_tweeteval_offensive_0030: [('dynahate_hate', 1.0), ('tweeteval_offense', 1.0), ('kaggle_bully', 1.0), ('jigsaw_threat', 1.0)]
[routing] Sample val_bal_tweeteval_offensive_0031 raw_skills=['profanity_tone', 'hostile_sentiment', 'derogatory_framing', 'personal_attack', 'explicit_threat'] mapped=['profanity_tone', 'hostile_sentiment', 'derogatory_framing', 'personal_attack', 'explicit_threat']
[routing] weight for dynahate_hate: 4.391215913449725
[routing] weight for tweeteval_offense: 2.8723410615061336
[routing] weight for kaggle_bully: 4.456379911636836
[routing] weight for jigsaw_threat: 4.4369203390630645
[routing] Selected 4 experts for val_bal_tweeteval_offensive_0031: [('kaggle_bully', 4.456379911636836), ('jigsaw_threat', 4.4369203390630645), ('dynahate_hate', 4.391215913449725), ('tweeteval_offense', 2.8723410615061336)]
[routing] Sample val_bal_tweeteval_offensive_0032 raw_skills=['profanity_tone', 'personal_attack'] mapped=['profanity_tone', 'personal_attack']
[routing] weight for dynahate_hate: 1.7479028697571746
[routing] weight for tweeteval_offense: 1.3506259027443428
[routing] weight for kaggle_bully: 1.7738324420677363
[routing] weight for jigsaw_threat: 1.7204148986327206
[routing] Selected 4 experts for val_bal_tweeteval_offensive_0032: [('kaggle_bully', 1.7738324420677363), ('dynahate_hate', 1.7479028697571746), ('jigsaw_threat', 1.7204148986327206), ('tweeteval_offense', 1.3506259027443428)]
[routing] Sample val_bal_tweeteval_offensive_0033 raw_skills=['profanity_tone'] mapped=['profanity_tone']
[routing] weight for dynahate_hate: 0.9333333333333333
[routing] weight for tweeteval_offense: 0.7983870967741935
[routing] weight for kaggle_bully: 0.8901960784313725
[routing] weight for jigsaw_threat: 0.8095238095238095
[routing] Selected 4 experts for val_bal_tweeteval_offensive_0033: [('dynahate_hate', 0.9333333333333333), ('kaggle_bully', 0.8901960784313725), ('jigsaw_threat', 0.8095238095238095), ('tweeteval_offense', 0.7983870967741935)]
[routing] Sample val_bal_tweeteval_offensive_0034 raw_skills=['derogatory_framing', 'explicit_threat', 'personal_attack', 'profanity_tone', 'toxic_tone'] mapped=['derogatory_framing', 'explicit_threat', 'personal_attack', 'profanity_tone', 'toxic_tone']
[routing] weight for dynahate_hate: 4.330956173189984
[routing] weight for tweeteval_offense: 2.9742391634042358
[routing] weight for kaggle_bully: 4.496323069450717
[routing] weight for jigsaw_threat: 4.424755628887285
[routing] Selected 4 experts for val_bal_tweeteval_offensive_0034: [('kaggle_bully', 4.496323069450717), ('jigsaw_threat', 4.424755628887285), ('dynahate_hate', 4.330956173189984), ('tweeteval_offense', 2.9742391634042358)]
[routing] Sample val_bal_tweeteval_offensive_0035 raw_skills=['hostile_sentiment', 'derogatory_framing', 'personal_attack'] mapped=['hostile_sentiment', 'derogatory_framing', 'personal_attack']
[routing] weight for dynahate_hate: 2.5869148381809075
[routing] weight for tweeteval_offense: 1.4906206313986068
[routing] weight for kaggle_bully: 2.6022198692415
[routing] weight for jigsaw_threat: 2.715115827784869
[routing] Selected 3 experts for val_bal_tweeteval_offensive_0035: [('jigsaw_threat', 2.715115827784869), ('kaggle_bully', 2.6022198692415), ('dynahate_hate', 2.5869148381809075)]
[routing] Sample val_bal_tweeteval_offensive_0036 raw_skills=['stereotype_invocation', 'derogatory_framing', 'explicit_threat'] mapped=['stereotype_invocation', 'derogatory_framing', 'explicit_threat']
[routing] weight for dynahate_hate: 2.583127704734833
[routing] weight for tweeteval_offense: 1.5544345520445644
[routing] weight for kaggle_bully: 2.79721527437775
[routing] weight for jigsaw_threat: 2.6106765855316256
[routing] Selected 3 experts for val_bal_tweeteval_offensive_0036: [('kaggle_bully', 2.79721527437775), ('jigsaw_threat', 2.6106765855316256), ('dynahate_hate', 2.583127704734833)]
[routing] Sample val_bal_tweeteval_offensive_0037 raw_skills=['profanity_tone'] mapped=['profanity_tone']
[routing] weight for dynahate_hate: 0.9333333333333333
[routing] weight for tweeteval_offense: 0.7983870967741935
[routing] weight for kaggle_bully: 0.8901960784313725
[routing] weight for jigsaw_threat: 0.8095238095238095
[routing] Selected 4 experts for val_bal_tweeteval_offensive_0037: [('dynahate_hate', 0.9333333333333333), ('kaggle_bully', 0.8901960784313725), ('jigsaw_threat', 0.8095238095238095), ('tweeteval_offense', 0.7983870967741935)]
[routing] Sample val_bal_tweeteval_offensive_0038 raw_skills=['profanity_tone', 'hostile_sentiment', 'personal_attack'] mapped=['profanity_tone', 'hostile_sentiment', 'personal_attack']
[routing] weight for dynahate_hate: 2.6699807918350964
[routing] weight for tweeteval_offense: 1.796779748898189
[routing] weight for kaggle_bully: 2.6122162804515745
[routing] weight for jigsaw_threat: 2.6228539230229644
[routing] Selected 4 experts for val_bal_tweeteval_offensive_0038: [('dynahate_hate', 2.6699807918350964), ('jigsaw_threat', 2.6228539230229644), ('kaggle_bully', 2.6122162804515745), ('tweeteval_offense', 1.796779748898189)]
[routing] Sample val_bal_tweeteval_offensive_0039 raw_skills=['derogatory_framing', 'toxic_tone', 'implicit_hate'] mapped=['derogatory_framing', 'toxic_tone', 'implicit_hate']
[routing] weight for dynahate_hate: 2.559801297537935
[routing] weight for tweeteval_offense: 1.4640087408858815
[routing] weight for kaggle_bully: 2.6553008569674033
[routing] weight for jigsaw_threat: 2.703824734382531
[routing] Selected 3 experts for val_bal_tweeteval_offensive_0039: [('jigsaw_threat', 2.703824734382531), ('kaggle_bully', 2.6553008569674033), ('dynahate_hate', 2.559801297537935)]
[routing] Sample val_bal_tweeteval_offensive_0040 raw_skills=[] mapped=[]
[routing] weight for dynahate_hate: 1.0
[routing] weight for tweeteval_offense: 1.0
[routing] weight for kaggle_bully: 1.0
[routing] weight for jigsaw_threat: 1.0
[routing] Selected 4 experts for val_bal_tweeteval_offensive_0040: [('dynahate_hate', 1.0), ('tweeteval_offense', 1.0), ('kaggle_bully', 1.0), ('jigsaw_threat', 1.0)]
[routing] Sample val_bal_tweeteval_offensive_0041 raw_skills=['toxic_tone'] mapped=['toxic_tone']
[routing] weight for dynahate_hate: 0.8618181818181818
[routing] weight for tweeteval_offense: 0.548051948051948
[routing] weight for kaggle_bully: 0.8783269961977186
[routing] weight for jigsaw_threat: 0.8902743142144638
[routing] Selected 4 experts for val_bal_tweeteval_offensive_0041: [('jigsaw_threat', 0.8902743142144638), ('kaggle_bully', 0.8783269961977186), ('dynahate_hate', 0.8618181818181818), ('tweeteval_offense', 0.548051948051948)]
[routing] Sample val_bal_tweeteval_offensive_0042 raw_skills=['derogatory_framing', 'explicit_threat', 'stereotype_invocation', 'toxic_tone', 'personal_attack'] mapped=['derogatory_framing', 'explicit_threat', 'stereotype_invocation', 'toxic_tone', 'personal_attack']
[routing] weight for dynahate_hate: 4.259515422976856
[routing] weight for tweeteval_offense: 2.654725306066662
[routing] weight for kaggle_bully: 4.559178634211833
[routing] weight for jigsaw_threat: 4.4118419888550005
[routing] Selected 3 experts for val_bal_tweeteval_offensive_0042: [('kaggle_bully', 4.559178634211833), ('jigsaw_threat', 4.4118419888550005), ('dynahate_hate', 4.259515422976856)]
[routing] Sample val_bal_tweeteval_offensive_0043 raw_skills=['derogatory_framing', 'profanity_tone', 'personal_attack', 'hostile_sentiment'] mapped=['derogatory_framing', 'profanity_tone', 'personal_attack', 'hostile_sentiment']
[routing] weight for dynahate_hate: 3.5202481715142406
[routing] weight for tweeteval_offense: 2.2890077281728005
[routing] weight for kaggle_bully: 3.4924159476728724
[routing] weight for jigsaw_threat: 3.5246396373086784
[routing] Selected 4 experts for val_bal_tweeteval_offensive_0043: [('jigsaw_threat', 3.5246396373086784), ('dynahate_hate', 3.5202481715142406), ('kaggle_bully', 3.4924159476728724), ('tweeteval_offense', 2.2890077281728005)]
[routing] Sample val_bal_tweeteval_offensive_0044 raw_skills=['derogatory_framing', 'toxic_tone', 'stereotype_invocation'] mapped=['derogatory_framing', 'toxic_tone', 'stereotype_invocation']
[routing] weight for dynahate_hate: 2.5739781446175307
[routing] weight for tweeteval_offense: 1.5191531667631792
[routing] weight for kaggle_bully: 2.7115783066115045
[routing] weight for jigsaw_threat: 2.5886701979917035
[routing] Selected 3 experts for val_bal_tweeteval_offensive_0044: [('kaggle_bully', 2.7115783066115045), ('jigsaw_threat', 2.5886701979917035), ('dynahate_hate', 2.5739781446175307)]
[routing] Sample val_bal_tweeteval_offensive_0045 raw_skills=['sarcastic_insult', 'personal_attack'] mapped=['sarcastic_insult', 'personal_attack']
[routing] weight for dynahate_hate: 1.6479028697571745
[routing] weight for tweeteval_offense: 1.2044127190136276
[routing] weight for kaggle_bully: 1.7725252525252526
[routing] weight for jigsaw_threat: 1.8292584360476865
[routing] Selected 4 experts for val_bal_tweeteval_offensive_0045: [('jigsaw_threat', 1.8292584360476865), ('kaggle_bully', 1.7725252525252526), ('dynahate_hate', 1.6479028697571745), ('tweeteval_offense', 1.2044127190136276)]
[routing] Sample val_bal_tweeteval_offensive_0046 raw_skills=['derogatory_framing', 'dehumanization', 'hostile_sentiment', 'stereotype_invocation'] mapped=['derogatory_framing', 'dehumanization', 'hostile_sentiment', 'stereotype_invocation']
[routing] weight for dynahate_hate: 3.4855892362286225
[routing] weight for tweeteval_offense: 2.0172550648650773
[routing] weight for kaggle_bully: 3.5147724036995855
[routing] weight for jigsaw_threat: 3.5722634795960553
[routing] Selected 3 experts for val_bal_tweeteval_offensive_0046: [('jigsaw_threat', 3.5722634795960553), ('kaggle_bully', 3.5147724036995855), ('dynahate_hate', 3.4855892362286225)]
[routing] Sample val_bal_tweeteval_offensive_0047 raw_skills=['derogatory_framing', 'hostile_sentiment', 'toxic_tone'] mapped=['derogatory_framing', 'hostile_sentiment', 'toxic_tone']
[routing] weight for dynahate_hate: 2.6341634835752483
[routing] weight for tweeteval_offense: 1.4864337734804054
[routing] weight for kaggle_bully: 2.5969105018028547
[routing] weight for jigsaw_threat: 2.6944990528904222
[routing] Selected 3 experts for val_bal_tweeteval_offensive_0047: [('jigsaw_threat', 2.6944990528904222), ('dynahate_hate', 2.6341634835752483), ('kaggle_bully', 2.5969105018028547)]
[routing] Sample val_bal_tweeteval_offensive_0048 raw_skills=['derogatory_framing', 'explicit_threat', 'hostile_sentiment'] mapped=['derogatory_framing', 'explicit_threat', 'hostile_sentiment']
[routing] weight for dynahate_hate: 2.64331304369255
[routing] weight for tweeteval_offense: 1.521715158761791
[routing] weight for kaggle_bully: 2.6825474695691
[routing] weight for jigsaw_threat: 2.716505440430344
[routing] Selected 3 experts for val_bal_tweeteval_offensive_0048: [('jigsaw_threat', 2.716505440430344), ('kaggle_bully', 2.6825474695691), ('dynahate_hate', 2.64331304369255)]
[routing] Sample val_bal_tweeteval_offensive_0049 raw_skills=['derogatory_framing', 'implicit_hate', 'stereotype_invocation'] mapped=['derogatory_framing', 'implicit_hate', 'stereotype_invocation']
[routing] weight for dynahate_hate: 2.5598756988399582
[routing] weight for tweeteval_offense: 1.3948300322705531
[routing] weight for kaggle_bully: 2.730025503962173
[routing] weight for jigsaw_threat: 2.6101605896595927
[routing] Selected 3 experts for val_bal_tweeteval_offensive_0049: [('kaggle_bully', 2.730025503962173), ('jigsaw_threat', 2.6101605896595927), ('dynahate_hate', 2.5598756988399582)]
[routing] Sample val_bal_tweeteval_offensive_0050 raw_skills=['directed_insult', 'personal_attack', 'derogatory_framing'] mapped=['directed_insult', 'personal_attack', 'derogatory_framing']
[routing] weight for dynahate_hate: 2.5912172842011447
[routing] weight for tweeteval_offense: 1.7886528317563886
[routing] weight for kaggle_bully: 2.686615953637584
[routing] weight for jigsaw_threat: 2.7467427374605595
[routing] Selected 4 experts for val_bal_tweeteval_offensive_0050: [('jigsaw_threat', 2.7467427374605595), ('kaggle_bully', 2.686615953637584), ('dynahate_hate', 2.5912172842011447), ('tweeteval_offense', 1.7886528317563886)]
[routing] Sample val_bal_tweeteval_offensive_0051 raw_skills=['derogatory_framing', 'hostile_sentiment', 'power_imbalance_cue'] mapped=['derogatory_framing', 'hostile_sentiment', 'power_imbalance_cue']
[routing] weight for dynahate_hate: 2.6473453017570665
[routing] weight for tweeteval_offense: 1.0240961111427431
[routing] weight for kaggle_bully: 2.585250172271803
[routing] weight for jigsaw_threat: 2.704224738675958
[routing] Selected 3 experts for val_bal_tweeteval_offensive_0051: [('jigsaw_threat', 2.704224738675958), ('dynahate_hate', 2.6473453017570665), ('kaggle_bully', 2.585250172271803)]
[routing] Sample val_bal_tweeteval_offensive_0052 raw_skills=['derogatory_framing', 'personal_attack', 'profanity_tone'] mapped=['derogatory_framing', 'personal_attack', 'profanity_tone']
[routing] weight for dynahate_hate: 2.598170249436319
[routing] weight for tweeteval_offense: 1.8428538820189542
[routing] weight for kaggle_bully: 2.6540321092890338
[routing] weight for jigsaw_threat: 2.6222006129184345
[routing] Selected 4 experts for val_bal_tweeteval_offensive_0052: [('kaggle_bully', 2.6540321092890338), ('jigsaw_threat', 2.6222006129184345), ('dynahate_hate', 2.598170249436319), ('tweeteval_offense', 1.8428538820189542)]
[routing] Sample val_bal_tweeteval_offensive_0053 raw_skills=['derogatory_framing', 'toxic_tone', 'stereotype_invocation'] mapped=['derogatory_framing', 'toxic_tone', 'stereotype_invocation']
[routing] weight for dynahate_hate: 2.5739781446175307
[routing] weight for tweeteval_offense: 1.5191531667631792
[routing] weight for kaggle_bully: 2.7115783066115045
[routing] weight for jigsaw_threat: 2.5886701979917035
[routing] Selected 3 experts for val_bal_tweeteval_offensive_0053: [('kaggle_bully', 2.7115783066115045), ('jigsaw_threat', 2.5886701979917035), ('dynahate_hate', 2.5739781446175307)]
[routing] Sample val_bal_tweeteval_offensive_0054 raw_skills=['stereotype_invocation', 'derogatory_framing', 'toxic_tone', 'personal_attack'] mapped=['stereotype_invocation', 'derogatory_framing', 'toxic_tone', 'personal_attack']
[routing] weight for dynahate_hate: 3.3885476810413717
[routing] weight for tweeteval_offense: 2.0713919727333283
[routing] weight for kaggle_bully: 3.5952146702478682
[routing] weight for jigsaw_threat: 3.4995612871006143
[routing] Selected 3 experts for val_bal_tweeteval_offensive_0054: [('kaggle_bully', 3.5952146702478682), ('jigsaw_threat', 3.4995612871006143), ('dynahate_hate', 3.3885476810413717)]
[routing] Sample val_bal_tweeteval_offensive_0055 raw_skills=['personal_attack', 'toxic_tone', 'derogatory_framing'] mapped=['personal_attack', 'toxic_tone', 'derogatory_framing']
[routing] weight for dynahate_hate: 2.526655097921167
[routing] weight for tweeteval_offense: 1.5925187332967088
[routing] weight for kaggle_bully: 2.64216302705538
[routing] weight for jigsaw_threat: 2.7029511176090892
[routing] Selected 3 experts for val_bal_tweeteval_offensive_0055: [('jigsaw_threat', 2.7029511176090892), ('kaggle_bully', 2.64216302705538), ('dynahate_hate', 2.526655097921167)]
[routing] Sample val_bal_tweeteval_offensive_0056 raw_skills=[] mapped=[]
[routing] weight for dynahate_hate: 1.0
[routing] weight for tweeteval_offense: 1.0
[routing] weight for kaggle_bully: 1.0
[routing] weight for jigsaw_threat: 1.0
[routing] Selected 4 experts for val_bal_tweeteval_offensive_0056: [('dynahate_hate', 1.0), ('tweeteval_offense', 1.0), ('kaggle_bully', 1.0), ('jigsaw_threat', 1.0)]
[routing] Sample val_bal_tweeteval_offensive_0057 raw_skills=['sarcastic_insult'] mapped=['sarcastic_insult']
[routing] weight for dynahate_hate: 0.8333333333333334
[routing] weight for tweeteval_offense: 0.6521739130434783
[routing] weight for kaggle_bully: 0.8888888888888888
[routing] weight for jigsaw_threat: 0.9183673469387755
[routing] Selected 4 experts for val_bal_tweeteval_offensive_0057: [('jigsaw_threat', 0.9183673469387755), ('kaggle_bully', 0.8888888888888888), ('dynahate_hate', 0.8333333333333334), ('tweeteval_offense', 0.6521739130434783)]
[routing] Sample val_bal_tweeteval_offensive_0058 raw_skills=['derogatory_framing'] mapped=['derogatory_framing']
[routing] weight for dynahate_hate: 0.8502673796791443
[routing] weight for tweeteval_offense: 0.49222797927461137
[routing] weight for kaggle_bully: 0.8801996672212978
[routing] weight for jigsaw_threat: 0.9017857142857143
[routing] Selected 3 experts for val_bal_tweeteval_offensive_0058: [('jigsaw_threat', 0.9017857142857143), ('kaggle_bully', 0.8801996672212978), ('dynahate_hate', 0.8502673796791443)]
[routing] Sample val_bal_tweeteval_offensive_0059 raw_skills=['derogatory_framing'] mapped=['derogatory_framing']
[routing] weight for dynahate_hate: 0.8502673796791443
[routing] weight for tweeteval_offense: 0.49222797927461137
[routing] weight for kaggle_bully: 0.8801996672212978
[routing] weight for jigsaw_threat: 0.9017857142857143
[routing] Selected 3 experts for val_bal_tweeteval_offensive_0059: [('jigsaw_threat', 0.9017857142857143), ('kaggle_bully', 0.8801996672212978), ('dynahate_hate', 0.8502673796791443)]
[routing] Sample val_bal_tweeteval_offensive_0060 raw_skills=['derogatory_framing', 'stereotype_invocation', 'toxic_tone'] mapped=['derogatory_framing', 'stereotype_invocation', 'toxic_tone']
[routing] weight for dynahate_hate: 2.5739781446175307
[routing] weight for tweeteval_offense: 1.519153166763179
[routing] weight for kaggle_bully: 2.7115783066115045
[routing] weight for jigsaw_threat: 2.5886701979917035
[routing] Selected 3 experts for val_bal_tweeteval_offensive_0060: [('kaggle_bully', 2.7115783066115045), ('jigsaw_threat', 2.5886701979917035), ('dynahate_hate', 2.5739781446175307)]
[routing] Sample val_bal_tweeteval_offensive_0061 raw_skills=['collective_blaming', 'explicit_threat', 'toxic_tone', 'derogatory_framing'] mapped=['collective_blaming', 'explicit_threat', 'toxic_tone', 'derogatory_framing']
[routing] weight for dynahate_hate: 3.194164414543921
[routing] weight for tweeteval_offense: 2.248613260659893
[routing] weight for kaggle_bully: 3.7224906273829803
[routing] weight for jigsaw_threat: 3.568747509915581
[routing] Selected 4 experts for val_bal_tweeteval_offensive_0061: [('kaggle_bully', 3.7224906273829803), ('jigsaw_threat', 3.568747509915581), ('dynahate_hate', 3.194164414543921), ('tweeteval_offense', 2.248613260659893)]
[routing] Sample val_bal_tweeteval_offensive_0062 raw_skills=['profanity_tone'] mapped=['profanity_tone']
[routing] weight for dynahate_hate: 0.9333333333333333
[routing] weight for tweeteval_offense: 0.7983870967741935
[routing] weight for kaggle_bully: 0.8901960784313725
[routing] weight for jigsaw_threat: 0.8095238095238095
[routing] Selected 4 experts for val_bal_tweeteval_offensive_0062: [('dynahate_hate', 0.9333333333333333), ('kaggle_bully', 0.8901960784313725), ('jigsaw_threat', 0.8095238095238095), ('tweeteval_offense', 0.7983870967741935)]
[routing] Sample val_bal_tweeteval_offensive_0063 raw_skills=[] mapped=[]
[routing] weight for dynahate_hate: 1.0
[routing] weight for tweeteval_offense: 1.0
[routing] weight for kaggle_bully: 1.0
[routing] weight for jigsaw_threat: 1.0
[routing] Selected 4 experts for val_bal_tweeteval_offensive_0063: [('dynahate_hate', 1.0), ('tweeteval_offense', 1.0), ('kaggle_bully', 1.0), ('jigsaw_threat', 1.0)]
[routing] Sample val_bal_tweeteval_offensive_0064 raw_skills=['derogatory_framing'] mapped=['derogatory_framing']
[routing] weight for dynahate_hate: 0.8502673796791443
[routing] weight for tweeteval_offense: 0.49222797927461137
[routing] weight for kaggle_bully: 0.8801996672212978
[routing] weight for jigsaw_threat: 0.9017857142857143
[routing] Selected 3 experts for val_bal_tweeteval_offensive_0064: [('jigsaw_threat', 0.9017857142857143), ('kaggle_bully', 0.8801996672212978), ('dynahate_hate', 0.8502673796791443)]
[routing] Sample val_bal_tweeteval_offensive_0065 raw_skills=['derogatory_framing', 'toxic_tone'] mapped=['derogatory_framing', 'toxic_tone']
[routing] weight for dynahate_hate: 1.712085561497326
[routing] weight for tweeteval_offense: 1.0402799273265595
[routing] weight for kaggle_bully: 1.7585266634190164
[routing] weight for jigsaw_threat: 1.792060028500178
[routing] Selected 3 experts for val_bal_tweeteval_offensive_0065: [('jigsaw_threat', 1.792060028500178), ('kaggle_bully', 1.7585266634190164), ('dynahate_hate', 1.712085561497326)]
[routing] Sample val_bal_tweeteval_offensive_0066 raw_skills=['profanity_tone', 'directed_insult'] mapped=['profanity_tone', 'directed_insult']
[routing] weight for dynahate_hate: 1.8597137014314928
[routing] weight for tweeteval_offense: 1.5425731432858214
[routing] weight for kaggle_bully: 1.8129760012112954
[routing] weight for jigsaw_threat: 1.7435897435897436
[routing] Selected 4 experts for val_bal_tweeteval_offensive_0066: [('dynahate_hate', 1.8597137014314928), ('kaggle_bully', 1.8129760012112954), ('jigsaw_threat', 1.7435897435897436), ('tweeteval_offense', 1.5425731432858214)]
[routing] Sample val_bal_tweeteval_offensive_0067 raw_skills=['stereotype_invocation', 'profanity_tone', 'toxic_tone', 'derogatory_framing'] mapped=['stereotype_invocation', 'profanity_tone', 'toxic_tone', 'derogatory_framing']
[routing] weight for dynahate_hate: 3.507311477950864
[routing] weight for tweeteval_offense: 2.3175402635373725
[routing] weight for kaggle_bully: 3.6017743850428774
[routing] weight for jigsaw_threat: 3.398194007515513
[routing] Selected 4 experts for val_bal_tweeteval_offensive_0067: [('kaggle_bully', 3.6017743850428774), ('dynahate_hate', 3.507311477950864), ('jigsaw_threat', 3.398194007515513), ('tweeteval_offense', 2.3175402635373725)]
[routing] Sample val_bal_tweeteval_offensive_0068 raw_skills=['humiliation_attempt', 'derogatory_framing'] mapped=['humiliation_attempt', 'derogatory_framing']
[routing] weight for dynahate_hate: 1.8502673796791442
[routing] weight for tweeteval_offense: -0.007772020725388629
[routing] weight for kaggle_bully: 1.880199667221298
[routing] weight for jigsaw_threat: 1.9017857142857144
[routing] Selected 3 experts for val_bal_tweeteval_offensive_0068: [('jigsaw_threat', 1.9017857142857144), ('kaggle_bully', 1.880199667221298), ('dynahate_hate', 1.8502673796791442)]
[routing] Sample val_bal_tweeteval_offensive_0069 raw_skills=[] mapped=[]
[routing] weight for dynahate_hate: 1.0
[routing] weight for tweeteval_offense: 1.0
[routing] weight for kaggle_bully: 1.0
[routing] weight for jigsaw_threat: 1.0
[routing] Selected 4 experts for val_bal_tweeteval_offensive_0069: [('dynahate_hate', 1.0), ('tweeteval_offense', 1.0), ('kaggle_bully', 1.0), ('jigsaw_threat', 1.0)]
[routing] Sample val_bal_tweeteval_offensive_0070 raw_skills=['derogatory_framing', 'directed_insult'] mapped=['derogatory_framing', 'directed_insult']
[routing] weight for dynahate_hate: 1.7766477477773037
[routing] weight for tweeteval_offense: 1.2364140257862393
[routing] weight for kaggle_bully: 1.8029795900012207
[routing] weight for jigsaw_threat: 1.8358516483516483
[routing] Selected 4 experts for val_bal_tweeteval_offensive_0070: [('jigsaw_threat', 1.8358516483516483), ('kaggle_bully', 1.8029795900012207), ('dynahate_hate', 1.7766477477773037), ('tweeteval_offense', 1.2364140257862393)]
[routing] Sample val_bal_tweeteval_offensive_0071 raw_skills=['derogatory_framing', 'hostile_sentiment', 'toxic_tone'] mapped=['derogatory_framing', 'hostile_sentiment', 'toxic_tone']
[routing] weight for dynahate_hate: 2.6341634835752483
[routing] weight for tweeteval_offense: 1.4864337734804054
[routing] weight for kaggle_bully: 2.5969105018028547
[routing] weight for jigsaw_threat: 2.6944990528904222
[routing] Selected 3 experts for val_bal_tweeteval_offensive_0071: [('jigsaw_threat', 2.6944990528904222), ('dynahate_hate', 2.6341634835752483), ('kaggle_bully', 2.5969105018028547)]
[routing] Sample val_bal_tweeteval_offensive_0072 raw_skills=[] mapped=[]
[routing] weight for dynahate_hate: 1.0
[routing] weight for tweeteval_offense: 1.0
[routing] weight for kaggle_bully: 1.0
[routing] weight for jigsaw_threat: 1.0
[routing] Selected 4 experts for val_bal_tweeteval_offensive_0072: [('dynahate_hate', 1.0), ('tweeteval_offense', 1.0), ('kaggle_bully', 1.0), ('jigsaw_threat', 1.0)]
[routing] Sample val_bal_tweeteval_offensive_0073 raw_skills=['derogatory_framing', 'toxic_tone'] mapped=['derogatory_framing', 'toxic_tone']
[routing] weight for dynahate_hate: 1.712085561497326
[routing] weight for tweeteval_offense: 1.0402799273265595
[routing] weight for kaggle_bully: 1.7585266634190164
[routing] weight for jigsaw_threat: 1.792060028500178
[routing] Selected 3 experts for val_bal_tweeteval_offensive_0073: [('jigsaw_threat', 1.792060028500178), ('kaggle_bully', 1.7585266634190164), ('dynahate_hate', 1.712085561497326)]
[routing] Sample val_bal_tweeteval_offensive_0074 raw_skills=['stereotype_invocation', 'derogatory_framing', 'toxic_tone', 'hostile_sentiment'] mapped=['stereotype_invocation', 'derogatory_framing', 'toxic_tone', 'hostile_sentiment']
[routing] weight for dynahate_hate: 3.496056066695453
[routing] weight for tweeteval_offense: 1.9653070129170251
[routing] weight for kaggle_bully: 3.5499621449953427
[routing] weight for jigsaw_threat: 3.4911092223819473
[routing] Selected 3 experts for val_bal_tweeteval_offensive_0074: [('kaggle_bully', 3.5499621449953427), ('dynahate_hate', 3.496056066695453), ('jigsaw_threat', 3.4911092223819473)]
[routing] Sample val_bal_tweeteval_offensive_0075 raw_skills=['implicit_hate'] mapped=['implicit_hate']
[routing] weight for dynahate_hate: 0.8477157360406091
[routing] weight for tweeteval_offense: 0.423728813559322
[routing] weight for kaggle_bully: 0.896774193548387
[routing] weight for jigsaw_threat: 0.9117647058823529
[routing] Selected 3 experts for val_bal_tweeteval_offensive_0075: [('jigsaw_threat', 0.9117647058823529), ('kaggle_bully', 0.896774193548387), ('dynahate_hate', 0.8477157360406091)]
[routing] Sample val_bal_tweeteval_offensive_0076 raw_skills=['profanity_tone', 'directed_insult'] mapped=['profanity_tone', 'directed_insult']
[routing] weight for dynahate_hate: 1.8597137014314928
[routing] weight for tweeteval_offense: 1.5425731432858214
[routing] weight for kaggle_bully: 1.8129760012112954
[routing] weight for jigsaw_threat: 1.7435897435897436
[routing] Selected 4 experts for val_bal_tweeteval_offensive_0076: [('dynahate_hate', 1.8597137014314928), ('kaggle_bully', 1.8129760012112954), ('jigsaw_threat', 1.7435897435897436), ('tweeteval_offense', 1.5425731432858214)]
[routing] Sample val_bal_tweeteval_offensive_0077 raw_skills=['stereotype_invocation', 'derogatory_framing', 'explicit_threat', 'personal_attack', 'hostile_sentiment'] mapped=['stereotype_invocation', 'derogatory_framing', 'explicit_threat', 'personal_attack', 'hostile_sentiment']
[routing] weight for dynahate_hate: 4.319775163236596
[routing] weight for tweeteval_offense: 2.55282720416856
[routing] weight for kaggle_bully: 4.519235476397952
[routing] weight for jigsaw_threat: 4.42400669903078
[routing] Selected 3 experts for val_bal_tweeteval_offensive_0077: [('kaggle_bully', 4.519235476397952), ('jigsaw_threat', 4.42400669903078), ('dynahate_hate', 4.319775163236596)]
[routing] Sample val_bal_tweeteval_offensive_0078 raw_skills=['toxic_tone', 'derogatory_framing'] mapped=['toxic_tone', 'derogatory_framing']
[routing] weight for dynahate_hate: 1.712085561497326
[routing] weight for tweeteval_offense: 1.0402799273265595
[routing] weight for kaggle_bully: 1.7585266634190164
[routing] weight for jigsaw_threat: 1.792060028500178
[routing] Selected 3 experts for val_bal_tweeteval_offensive_0078: [('jigsaw_threat', 1.792060028500178), ('kaggle_bully', 1.7585266634190164), ('dynahate_hate', 1.712085561497326)]
[routing] Sample val_bal_tweeteval_offensive_0079 raw_skills=[] mapped=[]
[routing] weight for dynahate_hate: 1.0
[routing] weight for tweeteval_offense: 1.0
[routing] weight for kaggle_bully: 1.0
[routing] weight for jigsaw_threat: 1.0
[routing] Selected 4 experts for val_bal_tweeteval_offensive_0079: [('dynahate_hate', 1.0), ('tweeteval_offense', 1.0), ('kaggle_bully', 1.0), ('jigsaw_threat', 1.0)]
[routing] Sample val_bal_tweeteval_offensive_0080 raw_skills=['profanity_tone', 'directed_insult'] mapped=['profanity_tone', 'directed_insult']
[routing] weight for dynahate_hate: 1.8597137014314928
[routing] weight for tweeteval_offense: 1.5425731432858214
[routing] weight for kaggle_bully: 1.8129760012112954
[routing] weight for jigsaw_threat: 1.7435897435897436
[routing] Selected 4 experts for val_bal_tweeteval_offensive_0080: [('dynahate_hate', 1.8597137014314928), ('kaggle_bully', 1.8129760012112954), ('jigsaw_threat', 1.7435897435897436), ('tweeteval_offense', 1.5425731432858214)]
[routing] Sample val_bal_tweeteval_offensive_0081 raw_skills=['directed_insult', 'personal_attack', 'toxic_tone'] mapped=['directed_insult', 'personal_attack', 'toxic_tone']
[routing] weight for dynahate_hate: 2.6027680863401823
[routing] weight for tweeteval_offense: 1.8444768005337253
[routing] weight for kaggle_bully: 2.684743282614005
[routing] weight for jigsaw_threat: 2.735231337389309
[routing] Selected 4 experts for val_bal_tweeteval_offensive_0081: [('jigsaw_threat', 2.735231337389309), ('kaggle_bully', 2.684743282614005), ('dynahate_hate', 2.6027680863401823), ('tweeteval_offense', 1.8444768005337253)]
[routing] Sample val_bal_tweeteval_offensive_0082 raw_skills=['derogatory_framing', 'toxic_tone'] mapped=['derogatory_framing', 'toxic_tone']
[routing] weight for dynahate_hate: 1.712085561497326
[routing] weight for tweeteval_offense: 1.0402799273265595
[routing] weight for kaggle_bully: 1.7585266634190164
[routing] weight for jigsaw_threat: 1.792060028500178
[routing] Selected 3 experts for val_bal_tweeteval_offensive_0082: [('jigsaw_threat', 1.792060028500178), ('kaggle_bully', 1.7585266634190164), ('dynahate_hate', 1.712085561497326)]
[routing] Sample val_bal_tweeteval_offensive_0083 raw_skills=['peer_aggression', 'toxic_tone'] mapped=['peer_aggression', 'toxic_tone']
[routing] weight for dynahate_hate: 1.8618181818181818
[routing] weight for tweeteval_offense: 1.0480519480519481
[routing] weight for kaggle_bully: 1.7860193038900263
[routing] weight for jigsaw_threat: 1.8902743142144638
[routing] Selected 3 experts for val_bal_tweeteval_offensive_0083: [('jigsaw_threat', 1.8902743142144638), ('dynahate_hate', 1.8618181818181818), ('kaggle_bully', 1.7860193038900263)]
[routing] Sample val_bal_tweeteval_offensive_0084 raw_skills=['stereotype_invocation', 'derogatory_framing', 'toxic_tone', 'implicit_hate'] mapped=['stereotype_invocation', 'derogatory_framing', 'toxic_tone', 'implicit_hate']
[routing] weight for dynahate_hate: 3.4216938806581396
[routing] weight for tweeteval_offense: 1.942881980322501
[routing] weight for kaggle_bully: 3.6083525001598913
[routing] weight for jigsaw_threat: 3.5004349038740563
[routing] Selected 3 experts for val_bal_tweeteval_offensive_0084: [('kaggle_bully', 3.6083525001598913), ('jigsaw_threat', 3.5004349038740563), ('dynahate_hate', 3.4216938806581396)]
[routing] Sample val_bal_tweeteval_offensive_0085 raw_skills=['conditional_threat', 'implicit_hate', 'hostile_sentiment'] mapped=['conditional_threat', 'implicit_hate', 'hostile_sentiment']
[routing] weight for dynahate_hate: 1.7697936581185312
[routing] weight for tweeteval_offense: 0.8698826597131681
[routing] weight for kaggle_bully: 1.7351580319322255
[routing] weight for jigsaw_threat: 2.8142037302725966
[routing] Selected 3 experts for val_bal_tweeteval_offensive_0085: [('jigsaw_threat', 2.8142037302725966), ('dynahate_hate', 1.7697936581185312), ('kaggle_bully', 1.7351580319322255)]
[routing] Sample val_bal_tweeteval_offensive_0086 raw_skills=['profanity_tone'] mapped=['profanity_tone']
[routing] weight for dynahate_hate: 0.9333333333333333
[routing] weight for tweeteval_offense: 0.7983870967741935
[routing] weight for kaggle_bully: 0.8901960784313725
[routing] weight for jigsaw_threat: 0.8095238095238095
[routing] Selected 4 experts for val_bal_tweeteval_offensive_0086: [('dynahate_hate', 0.9333333333333333), ('kaggle_bully', 0.8901960784313725), ('jigsaw_threat', 0.8095238095238095), ('tweeteval_offense', 0.7983870967741935)]
[routing] Sample val_bal_tweeteval_offensive_0087 raw_skills=['toxic_tone', 'identity_targeting'] mapped=['toxic_tone', 'identity_targeting']
[routing] weight for dynahate_hate: 1.8618181818181818
[routing] weight for tweeteval_offense: 0.7480519480519481
[routing] weight for kaggle_bully: 0.8783269961977186
[routing] weight for jigsaw_threat: 1.3902743142144638
[routing] Selected 2 experts for val_bal_tweeteval_offensive_0087: [('dynahate_hate', 1.8618181818181818), ('jigsaw_threat', 1.3902743142144638)]
[routing] Sample val_bal_tweeteval_offensive_0088 raw_skills=['toxic_tone', 'derogatory_framing'] mapped=['toxic_tone', 'derogatory_framing']
[routing] weight for dynahate_hate: 1.712085561497326
[routing] weight for tweeteval_offense: 1.0402799273265595
[routing] weight for kaggle_bully: 1.7585266634190164
[routing] weight for jigsaw_threat: 1.792060028500178
[routing] Selected 3 experts for val_bal_tweeteval_offensive_0088: [('jigsaw_threat', 1.792060028500178), ('kaggle_bully', 1.7585266634190164), ('dynahate_hate', 1.712085561497326)]
[routing] Sample val_bal_tweeteval_offensive_0089 raw_skills=['directed_insult'] mapped=['directed_insult']
[routing] weight for dynahate_hate: 0.9263803680981595
[routing] weight for tweeteval_offense: 0.7441860465116279
[routing] weight for kaggle_bully: 0.9227799227799228
[routing] weight for jigsaw_threat: 0.9340659340659341
[routing] Selected 4 experts for val_bal_tweeteval_offensive_0089: [('jigsaw_threat', 0.9340659340659341), ('dynahate_hate', 0.9263803680981595), ('kaggle_bully', 0.9227799227799228), ('tweeteval_offense', 0.7441860465116279)]
[routing] Sample val_bal_tweeteval_offensive_0090 raw_skills=['derogatory_framing', 'explicit_threat', 'toxic_tone'] mapped=['derogatory_framing', 'explicit_threat', 'toxic_tone']
[routing] weight for dynahate_hate: 2.58305330343281
[routing] weight for tweeteval_offense: 1.623613260659893
[routing] weight for kaggle_bully: 2.7224906273829803
[routing] weight for jigsaw_threat: 2.7043407302545637
[routing] Selected 3 experts for val_bal_tweeteval_offensive_0090: [('kaggle_bully', 2.7224906273829803), ('jigsaw_threat', 2.7043407302545637), ('dynahate_hate', 2.58305330343281)]
[routing] Sample val_bal_tweeteval_offensive_0091 raw_skills=['derogatory_framing', 'directed_insult', 'profanity_tone'] mapped=['derogatory_framing', 'directed_insult', 'profanity_tone']
[routing] weight for dynahate_hate: 2.7099810811106373
[routing] weight for tweeteval_offense: 2.0348011225604328
[routing] weight for kaggle_bully: 2.693175668432593
[routing] weight for jigsaw_threat: 2.645375457875458
[routing] Selected 4 experts for val_bal_tweeteval_offensive_0091: [('dynahate_hate', 2.7099810811106373), ('kaggle_bully', 2.693175668432593), ('jigsaw_threat', 2.645375457875458), ('tweeteval_offense', 2.0348011225604328)]
[routing] Sample val_bal_tweeteval_offensive_0092 raw_skills=['profanity_tone', 'directed_insult', 'personal_attack', 'hostile_sentiment', 'derogatory_framing', 'toxic_tone'] mapped=['profanity_tone', 'directed_insult', 'personal_attack', 'hostile_sentiment', 'derogatory_framing', 'toxic_tone']
[routing] weight for dynahate_hate: 5.308446721430583
[routing] weight for tweeteval_offense: 3.5812457227363765
[routing] weight for kaggle_bully: 5.293522866650513
[routing] weight for jigsaw_threat: 5.348979885589077
[routing] Selected 4 experts for val_bal_tweeteval_offensive_0092: [('jigsaw_threat', 5.348979885589077), ('dynahate_hate', 5.308446721430583), ('kaggle_bully', 5.293522866650513), ('tweeteval_offense', 3.5812457227363765)]
[routing] Sample val_bal_tweeteval_offensive_0093 raw_skills=[] mapped=[]
[routing] weight for dynahate_hate: 1.0
[routing] weight for tweeteval_offense: 1.0
[routing] weight for kaggle_bully: 1.0
[routing] weight for jigsaw_threat: 1.0
[routing] Selected 4 experts for val_bal_tweeteval_offensive_0093: [('dynahate_hate', 1.0), ('tweeteval_offense', 1.0), ('kaggle_bully', 1.0), ('jigsaw_threat', 1.0)]
[routing] Sample val_bal_tweeteval_offensive_0094 raw_skills=['profanity_tone', 'directed_insult'] mapped=['profanity_tone', 'directed_insult']
[routing] weight for dynahate_hate: 1.8597137014314928
[routing] weight for tweeteval_offense: 1.5425731432858214
[routing] weight for kaggle_bully: 1.8129760012112954
[routing] weight for jigsaw_threat: 1.7435897435897436
[routing] Selected 4 experts for val_bal_tweeteval_offensive_0094: [('dynahate_hate', 1.8597137014314928), ('kaggle_bully', 1.8129760012112954), ('jigsaw_threat', 1.7435897435897436), ('tweeteval_offense', 1.5425731432858214)]
[routing] Sample val_bal_tweeteval_offensive_0095 raw_skills=['personal_attack', 'derogatory_framing'] mapped=['personal_attack', 'derogatory_framing']
[routing] weight for dynahate_hate: 1.6648369161029855
[routing] weight for tweeteval_offense: 1.0444667852447607
[routing] weight for kaggle_bully: 1.7638360308576615
[routing] weight for jigsaw_threat: 1.8126768033946252
[routing] Selected 3 experts for val_bal_tweeteval_offensive_0095: [('jigsaw_threat', 1.8126768033946252), ('kaggle_bully', 1.7638360308576615), ('dynahate_hate', 1.6648369161029855)]
[routing] Sample val_bal_tweeteval_offensive_0096 raw_skills=['sarcastic_insult'] mapped=['sarcastic_insult']
[routing] weight for dynahate_hate: 0.8333333333333334
[routing] weight for tweeteval_offense: 0.6521739130434783
[routing] weight for kaggle_bully: 0.8888888888888888
[routing] weight for jigsaw_threat: 0.9183673469387755
[routing] Selected 4 experts for val_bal_tweeteval_offensive_0096: [('jigsaw_threat', 0.9183673469387755), ('kaggle_bully', 0.8888888888888888), ('dynahate_hate', 0.8333333333333334), ('tweeteval_offense', 0.6521739130434783)]
[routing] Sample val_bal_tweeteval_offensive_0097 raw_skills=['explicit_threat', 'personal_attack'] mapped=['explicit_threat', 'personal_attack']
[routing] weight for dynahate_hate: 1.685537278359325
[routing] weight for tweeteval_offense: 1.1355721393034828
[routing] weight for kaggle_bully: 1.8476003276003277
[routing] weight for jigsaw_threat: 1.823171790863297
[routing] Selected 4 experts for val_bal_tweeteval_offensive_0097: [('kaggle_bully', 1.8476003276003277), ('jigsaw_threat', 1.823171790863297), ('dynahate_hate', 1.685537278359325), ('tweeteval_offense', 1.1355721393034828)]
[routing] Sample val_bal_tweeteval_offensive_0098 raw_skills=['derogatory_framing', 'toxic_tone'] mapped=['derogatory_framing', 'toxic_tone']
[routing] weight for dynahate_hate: 1.712085561497326
[routing] weight for tweeteval_offense: 1.0402799273265595
[routing] weight for kaggle_bully: 1.7585266634190164
[routing] weight for jigsaw_threat: 1.792060028500178
[routing] Selected 3 experts for val_bal_tweeteval_offensive_0098: [('jigsaw_threat', 1.792060028500178), ('kaggle_bully', 1.7585266634190164), ('dynahate_hate', 1.712085561497326)]
[routing] Sample val_bal_tweeteval_offensive_0099 raw_skills=['derogatory_framing', 'toxic_tone'] mapped=['derogatory_framing', 'toxic_tone']
[routing] weight for dynahate_hate: 1.712085561497326
[routing] weight for tweeteval_offense: 1.0402799273265595
[routing] weight for kaggle_bully: 1.7585266634190164
[routing] weight for jigsaw_threat: 1.792060028500178
[routing] Selected 3 experts for val_bal_tweeteval_offensive_0099: [('jigsaw_threat', 1.792060028500178), ('kaggle_bully', 1.7585266634190164), ('dynahate_hate', 1.712085561497326)]
[routing] Sample val_bal_tweeteval_offensive_0100 raw_skills=['toxic_tone', 'profanity_tone', 'derogatory_framing'] mapped=['toxic_tone', 'profanity_tone', 'derogatory_framing']
[routing] weight for dynahate_hate: 2.6454188948306596
[routing] weight for tweeteval_offense: 1.838667024100753
[routing] weight for kaggle_bully: 2.648722741850389
[routing] weight for jigsaw_threat: 2.6015838380239877
[routing] Selected 4 experts for val_bal_tweeteval_offensive_0100: [('kaggle_bully', 2.648722741850389), ('dynahate_hate', 2.6454188948306596), ('jigsaw_threat', 2.6015838380239877), ('tweeteval_offense', 1.838667024100753)]
[routing] Sample val_bal_tweeteval_offensive_0101 raw_skills=['collective_blaming', 'derogatory_framing'] mapped=['collective_blaming', 'derogatory_framing']
[routing] weight for dynahate_hate: 1.4613784907902554
[routing] weight for tweeteval_offense: 1.1172279792746114
[routing] weight for kaggle_bully: 1.880199667221298
[routing] weight for jigsaw_threat: 1.7661924939467313
[routing] Selected 3 experts for val_bal_tweeteval_offensive_0101: [('kaggle_bully', 1.880199667221298), ('jigsaw_threat', 1.7661924939467313), ('dynahate_hate', 1.4613784907902554)]
[routing] Sample val_bal_tweeteval_offensive_0102 raw_skills=['stereotype_invocation', 'hostile_sentiment', 'explicit_threat', 'derogatory_framing'] mapped=['stereotype_invocation', 'hostile_sentiment', 'explicit_threat', 'derogatory_framing']
[routing] weight for dynahate_hate: 3.5052056268127547
[routing] weight for tweeteval_offense: 2.0005883981984107
[routing] weight for kaggle_bully: 3.6355991127615885
[routing] weight for jigsaw_threat: 3.5131156099218694
[routing] Selected 3 experts for val_bal_tweeteval_offensive_0102: [('kaggle_bully', 3.6355991127615885), ('jigsaw_threat', 3.5131156099218694), ('dynahate_hate', 3.5052056268127547)]
[routing] Sample val_bal_tweeteval_offensive_0103 raw_skills=['directed_insult', 'profanity_tone', 'personal_attack'] mapped=['directed_insult', 'profanity_tone', 'personal_attack']
[routing] weight for dynahate_hate: 2.674283237855334
[routing] weight for tweeteval_offense: 2.0948119492559707
[routing] weight for kaggle_bully: 2.696612364847659
[routing] weight for jigsaw_threat: 2.6544808326986544
[routing] Selected 4 experts for val_bal_tweeteval_offensive_0103: [('kaggle_bully', 2.696612364847659), ('dynahate_hate', 2.674283237855334), ('jigsaw_threat', 2.6544808326986544), ('tweeteval_offense', 2.0948119492559707)]
[routing] Sample val_bal_tweeteval_offensive_0104 raw_skills=['derogatory_framing'] mapped=['derogatory_framing']
[routing] weight for dynahate_hate: 0.8502673796791443
[routing] weight for tweeteval_offense: 0.49222797927461137
[routing] weight for kaggle_bully: 0.8801996672212978
[routing] weight for jigsaw_threat: 0.9017857142857143
[routing] Selected 3 experts for val_bal_tweeteval_offensive_0104: [('jigsaw_threat', 0.9017857142857143), ('kaggle_bully', 0.8801996672212978), ('dynahate_hate', 0.8502673796791443)]
[routing] Sample val_bal_tweeteval_offensive_0105 raw_skills=['patronizing_tone'] mapped=['patronizing_tone']
[routing] weight for dynahate_hate: 1.0
[routing] weight for tweeteval_offense: 0.6666666666666666
[routing] weight for kaggle_bully: 1.0
[routing] weight for jigsaw_threat: 0.9090909090909091
[routing] Selected 4 experts for val_bal_tweeteval_offensive_0105: [('dynahate_hate', 1.0), ('kaggle_bully', 1.0), ('jigsaw_threat', 0.9090909090909091), ('tweeteval_offense', 0.6666666666666666)]
[routing] Sample val_bal_tweeteval_offensive_0106 raw_skills=['derogatory_framing', 'toxic_tone', 'implicit_hate', 'stereotype_invocation', 'hostile_sentiment'] mapped=['derogatory_framing', 'toxic_tone', 'implicit_hate', 'stereotype_invocation', 'hostile_sentiment']
[routing] weight for dynahate_hate: 4.343771802736062
[routing] weight for tweeteval_offense: 2.3890358264763476
[routing] weight for kaggle_bully: 4.4467363385437295
[routing] weight for jigsaw_threat: 4.402873928264301
[routing] Selected 3 experts for val_bal_tweeteval_offensive_0106: [('kaggle_bully', 4.4467363385437295), ('jigsaw_threat', 4.402873928264301), ('dynahate_hate', 4.343771802736062)]
[routing] Sample val_bal_tweeteval_offensive_0107 raw_skills=['personal_attack', 'derogatory_framing', 'toxic_tone'] mapped=['personal_attack', 'derogatory_framing', 'toxic_tone']
[routing] weight for dynahate_hate: 2.526655097921167
[routing] weight for tweeteval_offense: 1.5925187332967088
[routing] weight for kaggle_bully: 2.64216302705538
[routing] weight for jigsaw_threat: 2.7029511176090892
[routing] Selected 3 experts for val_bal_tweeteval_offensive_0107: [('jigsaw_threat', 2.7029511176090892), ('kaggle_bully', 2.64216302705538), ('dynahate_hate', 2.526655097921167)]
[routing] Sample val_bal_tweeteval_offensive_0108 raw_skills=['directed_insult', 'derogatory_framing', 'toxic_tone', 'dehumanization', 'explicit_threat'] mapped=['directed_insult', 'derogatory_framing', 'toxic_tone', 'dehumanization', 'explicit_threat']
[routing] weight for dynahate_hate: 4.360785022882321
[routing] weight for tweeteval_offense: 2.967799307171521
[routing] weight for kaggle_bully: 4.488407805064864
[routing] weight for jigsaw_threat: 4.6098352357490695
[routing] Selected 4 experts for val_bal_tweeteval_offensive_0108: [('jigsaw_threat', 4.6098352357490695), ('kaggle_bully', 4.488407805064864), ('dynahate_hate', 4.360785022882321), ('tweeteval_offense', 2.967799307171521)]
[routing] Sample val_bal_tweeteval_offensive_0109 raw_skills=['toxic_tone', 'implicit_hate', 'derogatory_framing'] mapped=['toxic_tone', 'implicit_hate', 'derogatory_framing']
[routing] weight for dynahate_hate: 2.5598012975379354
[routing] weight for tweeteval_offense: 1.4640087408858813
[routing] weight for kaggle_bully: 2.6553008569674037
[routing] weight for jigsaw_threat: 2.7038247343825312
[routing] Selected 3 experts for val_bal_tweeteval_offensive_0109: [('jigsaw_threat', 2.7038247343825312), ('kaggle_bully', 2.6553008569674037), ('dynahate_hate', 2.5598012975379354)]
[routing] Sample val_bal_tweeteval_offensive_0110 raw_skills=['derogatory_framing', 'personal_attack', 'toxic_tone'] mapped=['derogatory_framing', 'personal_attack', 'toxic_tone']
[routing] weight for dynahate_hate: 2.526655097921167
[routing] weight for tweeteval_offense: 1.5925187332967088
[routing] weight for kaggle_bully: 2.64216302705538
[routing] weight for jigsaw_threat: 2.7029511176090892
[routing] Selected 3 experts for val_bal_tweeteval_offensive_0110: [('jigsaw_threat', 2.7029511176090892), ('kaggle_bully', 2.64216302705538), ('dynahate_hate', 2.526655097921167)]
[routing] Sample val_bal_tweeteval_offensive_0111 raw_skills=['derogatory_framing'] mapped=['derogatory_framing']
[routing] weight for dynahate_hate: 0.8502673796791443
[routing] weight for tweeteval_offense: 0.49222797927461137
[routing] weight for kaggle_bully: 0.8801996672212978
[routing] weight for jigsaw_threat: 0.9017857142857143
[routing] Selected 3 experts for val_bal_tweeteval_offensive_0111: [('jigsaw_threat', 0.9017857142857143), ('kaggle_bully', 0.8801996672212978), ('dynahate_hate', 0.8502673796791443)]
[routing] Sample val_bal_tweeteval_offensive_0112 raw_skills=['derogatory_framing'] mapped=['derogatory_framing']
[routing] weight for dynahate_hate: 0.8502673796791443
[routing] weight for tweeteval_offense: 0.49222797927461137
[routing] weight for kaggle_bully: 0.8801996672212978
[routing] weight for jigsaw_threat: 0.9017857142857143
[routing] Selected 3 experts for val_bal_tweeteval_offensive_0112: [('jigsaw_threat', 0.9017857142857143), ('kaggle_bully', 0.8801996672212978), ('dynahate_hate', 0.8502673796791443)]
[routing] Sample val_bal_tweeteval_offensive_0113 raw_skills=['objectification'] mapped=['objectification']
[routing] weight for dynahate_hate: 1.0
[routing] weight for tweeteval_offense: 0.7142857142857143
[routing] weight for kaggle_bully: 0.0
[routing] weight for jigsaw_threat: 0.0
[routing] Selected 2 experts for val_bal_tweeteval_offensive_0113: [('dynahate_hate', 1.0), ('tweeteval_offense', 0.7142857142857143)]
[routing] Sample val_bal_tweeteval_offensive_0114 raw_skills=['profanity_tone', 'derogatory_framing'] mapped=['profanity_tone', 'derogatory_framing']
[routing] weight for dynahate_hate: 1.7836007130124778
[routing] weight for tweeteval_offense: 1.2906150760488049
[routing] weight for kaggle_bully: 1.7703957456526704
[routing] weight for jigsaw_threat: 1.7113095238095237
[routing] Selected 4 experts for val_bal_tweeteval_offensive_0114: [('dynahate_hate', 1.7836007130124778), ('kaggle_bully', 1.7703957456526704), ('jigsaw_threat', 1.7113095238095237), ('tweeteval_offense', 1.2906150760488049)]
[routing] Sample val_bal_tweeteval_offensive_0115 raw_skills=['derogatory_framing', 'personal_attack', 'explicit_threat'] mapped=['derogatory_framing', 'personal_attack', 'explicit_threat']
[routing] weight for dynahate_hate: 2.535804658038469
[routing] weight for tweeteval_offense: 1.6278001185780941
[routing] weight for kaggle_bully: 2.7277999948216256
[routing] weight for jigsaw_threat: 2.7249575051490114
[routing] Selected 3 experts for val_bal_tweeteval_offensive_0115: [('kaggle_bully', 2.7277999948216256), ('jigsaw_threat', 2.7249575051490114), ('dynahate_hate', 2.535804658038469)]
[routing] Sample val_bal_tweeteval_offensive_0116 raw_skills=['directed_insult', 'derogatory_framing', 'personal_attack', 'toxic_tone'] mapped=['directed_insult', 'derogatory_framing', 'personal_attack', 'toxic_tone']
[routing] weight for dynahate_hate: 3.4530354660193265
[routing] weight for tweeteval_offense: 2.3367047798083367
[routing] weight for kaggle_bully: 3.5649429498353027
[routing] weight for jigsaw_threat: 3.6370170516750226
[routing] Selected 4 experts for val_bal_tweeteval_offensive_0116: [('jigsaw_threat', 3.6370170516750226), ('kaggle_bully', 3.5649429498353027), ('dynahate_hate', 3.4530354660193265), ('tweeteval_offense', 2.3367047798083367)]
[routing] Sample val_bal_tweeteval_offensive_0117 raw_skills=['derogatory_framing', 'peer_aggression'] mapped=['derogatory_framing', 'peer_aggression']
[routing] weight for dynahate_hate: 1.8502673796791442
[routing] weight for tweeteval_offense: 0.9922279792746114
[routing] weight for kaggle_bully: 1.7878919749136055
[routing] weight for jigsaw_threat: 1.9017857142857144
[routing] Selected 3 experts for val_bal_tweeteval_offensive_0117: [('jigsaw_threat', 1.9017857142857144), ('dynahate_hate', 1.8502673796791442), ('kaggle_bully', 1.7878919749136055)]
[routing] Sample val_bal_tweeteval_offensive_0118 raw_skills=['derogatory_framing', 'stereotype_invocation', 'toxic_tone'] mapped=['derogatory_framing', 'stereotype_invocation', 'toxic_tone']
[routing] weight for dynahate_hate: 2.5739781446175307
[routing] weight for tweeteval_offense: 1.519153166763179
[routing] weight for kaggle_bully: 2.7115783066115045
[routing] weight for jigsaw_threat: 2.5886701979917035
[routing] Selected 3 experts for val_bal_tweeteval_offensive_0118: [('kaggle_bully', 2.7115783066115045), ('jigsaw_threat', 2.5886701979917035), ('dynahate_hate', 2.5739781446175307)]
[routing] Sample val_bal_tweeteval_offensive_0119 raw_skills=['appearance_bullying', 'explicit_threat', 'derogatory_framing'] mapped=['appearance_bullying', 'explicit_threat', 'derogatory_framing']
[routing] weight for dynahate_hate: 2.600023000402507
[routing] weight for tweeteval_offense: 1.9465290545434286
[routing] weight for kaggle_bully: 2.7238628793055626
[routing] weight for jigsaw_threat: 2.718828320802005
[routing] Selected 4 experts for val_bal_tweeteval_offensive_0119: [('kaggle_bully', 2.7238628793055626), ('jigsaw_threat', 2.718828320802005), ('dynahate_hate', 2.600023000402507), ('tweeteval_offense', 1.9465290545434286)]
[routing] Sample val_bal_tweeteval_offensive_0120 raw_skills=['toxic_tone', 'hostile_sentiment', 'derogatory_framing'] mapped=['toxic_tone', 'hostile_sentiment', 'derogatory_framing']
[routing] weight for dynahate_hate: 2.6341634835752483
[routing] weight for tweeteval_offense: 1.4864337734804056
[routing] weight for kaggle_bully: 2.5969105018028547
[routing] weight for jigsaw_threat: 2.6944990528904222
[routing] Selected 3 experts for val_bal_tweeteval_offensive_0120: [('jigsaw_threat', 2.6944990528904222), ('dynahate_hate', 2.6341634835752483), ('kaggle_bully', 2.5969105018028547)]
[routing] Sample val_bal_tweeteval_offensive_0121 raw_skills=['toxic_tone'] mapped=['toxic_tone']
[routing] weight for dynahate_hate: 0.8618181818181818
[routing] weight for tweeteval_offense: 0.548051948051948
[routing] weight for kaggle_bully: 0.8783269961977186
[routing] weight for jigsaw_threat: 0.8902743142144638
`torch_dtype` is deprecated! Use `dtype` instead!
[routing] Selected 4 experts for val_bal_tweeteval_offensive_0121: [('jigsaw_threat', 0.8902743142144638), ('kaggle_bully', 0.8783269961977186), ('dynahate_hate', 0.8618181818181818), ('tweeteval_offense', 0.548051948051948)]
[routing] Sample val_bal_tweeteval_offensive_0122 raw_skills=['profanity_tone', 'directed_insult'] mapped=['profanity_tone', 'directed_insult']
[routing] weight for dynahate_hate: 1.8597137014314928
[routing] weight for tweeteval_offense: 1.5425731432858214
[routing] weight for kaggle_bully: 1.8129760012112954
[routing] weight for jigsaw_threat: 1.7435897435897436
[routing] Selected 4 experts for val_bal_tweeteval_offensive_0122: [('dynahate_hate', 1.8597137014314928), ('kaggle_bully', 1.8129760012112954), ('jigsaw_threat', 1.7435897435897436), ('tweeteval_offense', 1.5425731432858214)]
[symbolic-moe] Running expert dynahate_hate on 782 routed samples…
Loading checkpoint shards:   0%|          | 0/4 [00:00<?, ?it/s]Loading checkpoint shards:  25%|██▌       | 1/4 [00:03<00:11,  3.67s/it]Loading checkpoint shards:  50%|█████     | 2/4 [00:08<00:08,  4.07s/it]Loading checkpoint shards:  75%|███████▌  | 3/4 [00:12<00:04,  4.16s/it]Loading checkpoint shards: 100%|██████████| 4/4 [00:12<00:00,  2.65s/it]Loading checkpoint shards: 100%|██████████| 4/4 [00:12<00:00,  3.15s/it]
[symbolic-moe] Running expert tweeteval_offense on 443 routed samples…
Loading checkpoint shards:   0%|          | 0/4 [00:00<?, ?it/s]Loading checkpoint shards:  25%|██▌       | 1/4 [00:03<00:09,  3.18s/it]Loading checkpoint shards:  50%|█████     | 2/4 [00:06<00:07,  3.54s/it]Loading checkpoint shards:  75%|███████▌  | 3/4 [00:10<00:03,  3.62s/it]Loading checkpoint shards: 100%|██████████| 4/4 [00:10<00:00,  2.31s/it]Loading checkpoint shards: 100%|██████████| 4/4 [00:10<00:00,  2.75s/it]
[symbolic-moe] Running expert kaggle_bully on 779 routed samples…
Loading checkpoint shards:   0%|          | 0/4 [00:00<?, ?it/s]Loading checkpoint shards:  25%|██▌       | 1/4 [00:03<00:10,  3.51s/it]Loading checkpoint shards:  50%|█████     | 2/4 [00:07<00:07,  3.91s/it]Loading checkpoint shards:  75%|███████▌  | 3/4 [00:11<00:04,  4.01s/it]Loading checkpoint shards: 100%|██████████| 4/4 [00:12<00:00,  2.55s/it]Loading checkpoint shards: 100%|██████████| 4/4 [00:12<00:00,  3.03s/it]
[symbolic-moe] Running expert jigsaw_threat on 782 routed samples…
Loading checkpoint shards:   0%|          | 0/4 [00:00<?, ?it/s]Loading checkpoint shards:  25%|██▌       | 1/4 [00:03<00:10,  3.44s/it]Loading checkpoint shards:  50%|█████     | 2/4 [00:07<00:07,  3.84s/it]Loading checkpoint shards:  75%|███████▌  | 3/4 [00:11<00:03,  3.93s/it]Loading checkpoint shards: 100%|██████████| 4/4 [00:11<00:00,  2.50s/it]Loading checkpoint shards: 100%|██████████| 4/4 [00:11<00:00,  2.98s/it]
[symbolic-moe] Routed outputs saved to symbolic-moe/validation_pool_outputs.jsonl
